image,source,type_degradation,niveau
degraded\clothing\001_blur_low.jpg,originals\clothing\CLO_001.jpg,blur,low
degraded\clothing\001_blur_medium.jpg,originals\clothing\CLO_001.jpg,blur,medium
degraded\clothing\001_blur_high.jpg,originals\clothing\CLO_001.jpg,blur,high
degraded\clothing\001_underexposure_low.jpg,originals\clothing\CLO_001.jpg,underexposure,low
degraded\clothing\001_underexposure_medium.jpg,originals\clothing\CLO_001.jpg,underexposure,medium
degraded\clothing\001_underexposure_high.jpg,originals\clothing\CLO_001.jpg,underexposure,high
degraded\clothing\001_overexposure_low.jpg,originals\clothing\CLO_001.jpg,overexposure,low
degraded\clothing\001_overexposure_medium.jpg,originals\clothing\CLO_001.jpg,overexposure,medium
degraded\clothing\001_overexposure_high.jpg,originals\clothing\CLO_001.jpg,overexposure,high
degraded\clothing\001_bad_crop_low.jpg,originals\clothing\CLO_001.jpg,bad_crop,low
degraded\clothing\001_bad_crop_medium.jpg,originals\clothing\CLO_001.jpg,bad_crop,medium
degraded\clothing\001_bad_crop_high.jpg,originals\clothing\CLO_001.jpg,bad_crop,high
degraded\clothing\001_lowres_low.jpg,originals\clothing\CLO_001.jpg,lowres,low
degraded\clothing\001_lowres_medium.jpg,originals\clothing\CLO_001.jpg,lowres,medium
degraded\clothing\001_lowres_high.jpg,originals\clothing\CLO_001.jpg,lowres,high
degraded\clothing\001_jpeg_low.jpg,originals\clothing\CLO_001.jpg,jpeg,low
degraded\clothing\001_jpeg_medium.jpg,originals\clothing\CLO_001.jpg,jpeg,medium
degraded\clothing\001_jpeg_high.jpg,originals\clothing\CLO_001.jpg,jpeg,high
degraded\clothing\002_blur_low.jpg,originals\clothing\CLO_002.jpg,blur,low
degraded\clothing\002_blur_medium.jpg,originals\clothing\CLO_002.jpg,blur,medium
degraded\clothing\002_blur_high.jpg,originals\clothing\CLO_002.jpg,blur,high
degraded\clothing\002_underexposure_low.jpg,originals\clothing\CLO_002.jpg,underexposure,low
degraded\clothing\002_underexposure_medium.jpg,originals\clothing\CLO_002.jpg,underexposure,medium
degraded\clothing\002_underexposure_high.jpg,originals\clothing\CLO_002.jpg,underexposure,high
degraded\clothing\002_overexposure_low.jpg,originals\clothing\CLO_002.jpg,overexposure,low
degraded\clothing\002_overexposure_medium.jpg,originals\clothing\CLO_002.jpg,overexposure,medium
degraded\clothing\002_overexposure_high.jpg,originals\clothing\CLO_002.jpg,overexposure,high
degraded\clothing\002_bad_crop_low.jpg,originals\clothing\CLO_002.jpg,bad_crop,low
degraded\clothing\002_bad_crop_medium.jpg,originals\clothing\CLO_002.jpg,bad_crop,medium
degraded\clothing\002_bad_crop_high.jpg,originals\clothing\CLO_002.jpg,bad_crop,high
degraded\clothing\002_lowres_low.jpg,originals\clothing\CLO_002.jpg,lowres,low
degraded\clothing\002_lowres_medium.jpg,originals\clothing\CLO_002.jpg,lowres,medium
degraded\clothing\002_lowres_high.jpg,originals\clothing\CLO_002.jpg,lowres,high
degraded\clothing\002_jpeg_low.jpg,originals\clothing\CLO_002.jpg,jpeg,low
degraded\clothing\002_jpeg_medium.jpg,originals\clothing\CLO_002.jpg,jpeg,medium
degraded\clothing\002_jpeg_high.jpg,originals\clothing\CLO_002.jpg,jpeg,high
degraded\clothing\003_blur_low.jpg,originals\clothing\CLO_003.jpg,blur,low
degraded\clothing\003_blur_medium.jpg,originals\clothing\CLO_003.jpg,blur,medium
degraded\clothing\003_blur_high.jpg,originals\clothing\CLO_003.jpg,blur,high
degraded\clothing\003_underexposure_low.jpg,originals\clothing\CLO_003.jpg,underexposure,low
degraded\clothing\003_underexposure_medium.jpg,originals\clothing\CLO_003.jpg,underexposure,medium
degraded\clothing\003_underexposure_high.jpg,originals\clothing\CLO_003.jpg,underexposure,high
degraded\clothing\003_overexposure_low.jpg,originals\clothing\CLO_003.jpg,overexposure,low
degraded\clothing\003_overexposure_medium.jpg,originals\clothing\CLO_003.jpg,overexposure,medium
degraded\clothing\003_overexposure_high.jpg,originals\clothing\CLO_003.jpg,overexposure,high
degraded\clothing\003_bad_crop_low.jpg,originals\clothing\CLO_003.jpg,bad_crop,low
degraded\clothing\003_bad_crop_medium.jpg,originals\clothing\CLO_003.jpg,bad_crop,medium
degraded\clothing\003_bad_crop_high.jpg,originals\clothing\CLO_003.jpg,bad_crop,high
degraded\clothing\003_lowres_low.jpg,originals\clothing\CLO_003.jpg,lowres,low
degraded\clothing\003_lowres_medium.jpg,originals\clothing\CLO_003.jpg,lowres,medium
degraded\clothing\003_lowres_high.jpg,originals\clothing\CLO_003.jpg,lowres,high
degraded\clothing\003_jpeg_low.jpg,originals\clothing\CLO_003.jpg,jpeg,low
degraded\clothing\003_jpeg_medium.jpg,originals\clothing\CLO_003.jpg,jpeg,medium
degraded\clothing\003_jpeg_high.jpg,originals\clothing\CLO_003.jpg,jpeg,high
degraded\clothing\004_blur_low.jpg,originals\clothing\CLO_004.jpg,blur,low
degraded\clothing\004_blur_medium.jpg,originals\clothing\CLO_004.jpg,blur,medium
degraded\clothing\004_blur_high.jpg,originals\clothing\CLO_004.jpg,blur,high
degraded\clothing\004_underexposure_low.jpg,originals\clothing\CLO_004.jpg,underexposure,low
degraded\clothing\004_underexposure_medium.jpg,originals\clothing\CLO_004.jpg,underexposure,medium
degraded\clothing\004_underexposure_high.jpg,originals\clothing\CLO_004.jpg,underexposure,high
degraded\clothing\004_overexposure_low.jpg,originals\clothing\CLO_004.jpg,overexposure,low
degraded\clothing\004_overexposure_medium.jpg,originals\clothing\CLO_004.jpg,overexposure,medium
degraded\clothing\004_overexposure_high.jpg,originals\clothing\CLO_004.jpg,overexposure,high
degraded\clothing\004_bad_crop_low.jpg,originals\clothing\CLO_004.jpg,bad_crop,low
degraded\clothing\004_bad_crop_medium.jpg,originals\clothing\CLO_004.jpg,bad_crop,medium
degraded\clothing\004_bad_crop_high.jpg,originals\clothing\CLO_004.jpg,bad_crop,high
degraded\clothing\004_lowres_low.jpg,originals\clothing\CLO_004.jpg,lowres,low
degraded\clothing\004_lowres_medium.jpg,originals\clothing\CLO_004.jpg,lowres,medium
degraded\clothing\004_lowres_high.jpg,originals\clothing\CLO_004.jpg,lowres,high
degraded\clothing\004_jpeg_low.jpg,originals\clothing\CLO_004.jpg,jpeg,low
degraded\clothing\004_jpeg_medium.jpg,originals\clothing\CLO_004.jpg,jpeg,medium
degraded\clothing\004_jpeg_high.jpg,originals\clothing\CLO_004.jpg,jpeg,high
degraded\clothing\005_blur_low.jpg,originals\clothing\CLO_005.jpg,blur,low
degraded\clothing\005_blur_medium.jpg,originals\clothing\CLO_005.jpg,blur,medium
degraded\clothing\005_blur_high.jpg,originals\clothing\CLO_005.jpg,blur,high
degraded\clothing\005_underexposure_low.jpg,originals\clothing\CLO_005.jpg,underexposure,low
degraded\clothing\005_underexposure_medium.jpg,originals\clothing\CLO_005.jpg,underexposure,medium
degraded\clothing\005_underexposure_high.jpg,originals\clothing\CLO_005.jpg,underexposure,high
degraded\clothing\005_overexposure_low.jpg,originals\clothing\CLO_005.jpg,overexposure,low
degraded\clothing\005_overexposure_medium.jpg,originals\clothing\CLO_005.jpg,overexposure,medium
degraded\clothing\005_overexposure_high.jpg,originals\clothing\CLO_005.jpg,overexposure,high
degraded\clothing\005_bad_crop_low.jpg,originals\clothing\CLO_005.jpg,bad_crop,low
degraded\clothing\005_bad_crop_medium.jpg,originals\clothing\CLO_005.jpg,bad_crop,medium
degraded\clothing\005_bad_crop_high.jpg,originals\clothing\CLO_005.jpg,bad_crop,high
degraded\clothing\005_lowres_low.jpg,originals\clothing\CLO_005.jpg,lowres,low
degraded\clothing\005_lowres_medium.jpg,originals\clothing\CLO_005.jpg,lowres,medium
degraded\clothing\005_lowres_high.jpg,originals\clothing\CLO_005.jpg,lowres,high
degraded\clothing\005_jpeg_low.jpg,originals\clothing\CLO_005.jpg,jpeg,low
degraded\clothing\005_jpeg_medium.jpg,originals\clothing\CLO_005.jpg,jpeg,medium
degraded\clothing\005_jpeg_high.jpg,originals\clothing\CLO_005.jpg,jpeg,high
degraded\clothing\006_blur_low.jpg,originals\clothing\CLO_006.jpg,blur,low
degraded\clothing\006_blur_medium.jpg,originals\clothing\CLO_006.jpg,blur,medium
degraded\clothing\006_blur_high.jpg,originals\clothing\CLO_006.jpg,blur,high
degraded\clothing\006_underexposure_low.jpg,originals\clothing\CLO_006.jpg,underexposure,low
degraded\clothing\006_underexposure_medium.jpg,originals\clothing\CLO_006.jpg,underexposure,medium
degraded\clothing\006_underexposure_high.jpg,originals\clothing\CLO_006.jpg,underexposure,high
degraded\clothing\006_overexposure_low.jpg,originals\clothing\CLO_006.jpg,overexposure,low
degraded\clothing\006_overexposure_medium.jpg,originals\clothing\CLO_006.jpg,overexposure,medium
degraded\clothing\006_overexposure_high.jpg,originals\clothing\CLO_006.jpg,overexposure,high
degraded\clothing\006_bad_crop_low.jpg,originals\clothing\CLO_006.jpg,bad_crop,low
degraded\clothing\006_bad_crop_medium.jpg,originals\clothing\CLO_006.jpg,bad_crop,medium
degraded\clothing\006_bad_crop_high.jpg,originals\clothing\CLO_006.jpg,bad_crop,high
degraded\clothing\006_lowres_low.jpg,originals\clothing\CLO_006.jpg,lowres,low
degraded\clothing\006_lowres_medium.jpg,originals\clothing\CLO_006.jpg,lowres,medium
degraded\clothing\006_lowres_high.jpg,originals\clothing\CLO_006.jpg,lowres,high
degraded\clothing\006_jpeg_low.jpg,originals\clothing\CLO_006.jpg,jpeg,low
degraded\clothing\006_jpeg_medium.jpg,originals\clothing\CLO_006.jpg,jpeg,medium
degraded\clothing\006_jpeg_high.jpg,originals\clothing\CLO_006.jpg,jpeg,high
degraded\clothing\007_blur_low.jpg,originals\clothing\CLO_007.jpg,blur,low
degraded\clothing\007_blur_medium.jpg,originals\clothing\CLO_007.jpg,blur,medium
degraded\clothing\007_blur_high.jpg,originals\clothing\CLO_007.jpg,blur,high
degraded\clothing\007_underexposure_low.jpg,originals\clothing\CLO_007.jpg,underexposure,low
degraded\clothing\007_underexposure_medium.jpg,originals\clothing\CLO_007.jpg,underexposure,medium
degraded\clothing\007_underexposure_high.jpg,originals\clothing\CLO_007.jpg,underexposure,high
degraded\clothing\007_overexposure_low.jpg,originals\clothing\CLO_007.jpg,overexposure,low
degraded\clothing\007_overexposure_medium.jpg,originals\clothing\CLO_007.jpg,overexposure,medium
degraded\clothing\007_overexposure_high.jpg,originals\clothing\CLO_007.jpg,overexposure,high
degraded\clothing\007_bad_crop_low.jpg,originals\clothing\CLO_007.jpg,bad_crop,low
degraded\clothing\007_bad_crop_medium.jpg,originals\clothing\CLO_007.jpg,bad_crop,medium
degraded\clothing\007_bad_crop_high.jpg,originals\clothing\CLO_007.jpg,bad_crop,high
degraded\clothing\007_lowres_low.jpg,originals\clothing\CLO_007.jpg,lowres,low
degraded\clothing\007_lowres_medium.jpg,originals\clothing\CLO_007.jpg,lowres,medium
degraded\clothing\007_lowres_high.jpg,originals\clothing\CLO_007.jpg,lowres,high
degraded\clothing\007_jpeg_low.jpg,originals\clothing\CLO_007.jpg,jpeg,low
degraded\clothing\007_jpeg_medium.jpg,originals\clothing\CLO_007.jpg,jpeg,medium
degraded\clothing\007_jpeg_high.jpg,originals\clothing\CLO_007.jpg,jpeg,high
degraded\clothing\008_blur_low.jpg,originals\clothing\CLO_008.jpg,blur,low
degraded\clothing\008_blur_medium.jpg,originals\clothing\CLO_008.jpg,blur,medium
degraded\clothing\008_blur_high.jpg,originals\clothing\CLO_008.jpg,blur,high
degraded\clothing\008_underexposure_low.jpg,originals\clothing\CLO_008.jpg,underexposure,low
degraded\clothing\008_underexposure_medium.jpg,originals\clothing\CLO_008.jpg,underexposure,medium
degraded\clothing\008_underexposure_high.jpg,originals\clothing\CLO_008.jpg,underexposure,high
degraded\clothing\008_overexposure_low.jpg,originals\clothing\CLO_008.jpg,overexposure,low
degraded\clothing\008_overexposure_medium.jpg,originals\clothing\CLO_008.jpg,overexposure,medium
degraded\clothing\008_overexposure_high.jpg,originals\clothing\CLO_008.jpg,overexposure,high
degraded\clothing\008_bad_crop_low.jpg,originals\clothing\CLO_008.jpg,bad_crop,low
degraded\clothing\008_bad_crop_medium.jpg,originals\clothing\CLO_008.jpg,bad_crop,medium
degraded\clothing\008_bad_crop_high.jpg,originals\clothing\CLO_008.jpg,bad_crop,high
degraded\clothing\008_lowres_low.jpg,originals\clothing\CLO_008.jpg,lowres,low
degraded\clothing\008_lowres_medium.jpg,originals\clothing\CLO_008.jpg,lowres,medium
degraded\clothing\008_lowres_high.jpg,originals\clothing\CLO_008.jpg,lowres,high
degraded\clothing\008_jpeg_low.jpg,originals\clothing\CLO_008.jpg,jpeg,low
degraded\clothing\008_jpeg_medium.jpg,originals\clothing\CLO_008.jpg,jpeg,medium
degraded\clothing\008_jpeg_high.jpg,originals\clothing\CLO_008.jpg,jpeg,high
degraded\clothing\009_blur_low.jpg,originals\clothing\CLO_009.jpg,blur,low
degraded\clothing\009_blur_medium.jpg,originals\clothing\CLO_009.jpg,blur,medium
degraded\clothing\009_blur_high.jpg,originals\clothing\CLO_009.jpg,blur,high
degraded\clothing\009_underexposure_low.jpg,originals\clothing\CLO_009.jpg,underexposure,low
degraded\clothing\009_underexposure_medium.jpg,originals\clothing\CLO_009.jpg,underexposure,medium
degraded\clothing\009_underexposure_high.jpg,originals\clothing\CLO_009.jpg,underexposure,high
degraded\clothing\009_overexposure_low.jpg,originals\clothing\CLO_009.jpg,overexposure,low
degraded\clothing\009_overexposure_medium.jpg,originals\clothing\CLO_009.jpg,overexposure,medium
degraded\clothing\009_overexposure_high.jpg,originals\clothing\CLO_009.jpg,overexposure,high
degraded\clothing\009_bad_crop_low.jpg,originals\clothing\CLO_009.jpg,bad_crop,low
degraded\clothing\009_bad_crop_medium.jpg,originals\clothing\CLO_009.jpg,bad_crop,medium
degraded\clothing\009_bad_crop_high.jpg,originals\clothing\CLO_009.jpg,bad_crop,high
degraded\clothing\009_lowres_low.jpg,originals\clothing\CLO_009.jpg,lowres,low
degraded\clothing\009_lowres_medium.jpg,originals\clothing\CLO_009.jpg,lowres,medium
degraded\clothing\009_lowres_high.jpg,originals\clothing\CLO_009.jpg,lowres,high
degraded\clothing\009_jpeg_low.jpg,originals\clothing\CLO_009.jpg,jpeg,low
degraded\clothing\009_jpeg_medium.jpg,originals\clothing\CLO_009.jpg,jpeg,medium
degraded\clothing\009_jpeg_high.jpg,originals\clothing\CLO_009.jpg,jpeg,high
degraded\clothing\010_blur_low.jpg,originals\clothing\CLO_010.jpg,blur,low
degraded\clothing\010_blur_medium.jpg,originals\clothing\CLO_010.jpg,blur,medium
degraded\clothing\010_blur_high.jpg,originals\clothing\CLO_010.jpg,blur,high
degraded\clothing\010_underexposure_low.jpg,originals\clothing\CLO_010.jpg,underexposure,low
degraded\clothing\010_underexposure_medium.jpg,originals\clothing\CLO_010.jpg,underexposure,medium
degraded\clothing\010_underexposure_high.jpg,originals\clothing\CLO_010.jpg,underexposure,high
degraded\clothing\010_overexposure_low.jpg,originals\clothing\CLO_010.jpg,overexposure,low
degraded\clothing\010_overexposure_medium.jpg,originals\clothing\CLO_010.jpg,overexposure,medium
degraded\clothing\010_overexposure_high.jpg,originals\clothing\CLO_010.jpg,overexposure,high
degraded\clothing\010_bad_crop_low.jpg,originals\clothing\CLO_010.jpg,bad_crop,low
degraded\clothing\010_bad_crop_medium.jpg,originals\clothing\CLO_010.jpg,bad_crop,medium
degraded\clothing\010_bad_crop_high.jpg,originals\clothing\CLO_010.jpg,bad_crop,high
degraded\clothing\010_lowres_low.jpg,originals\clothing\CLO_010.jpg,lowres,low
degraded\clothing\010_lowres_medium.jpg,originals\clothing\CLO_010.jpg,lowres,medium
degraded\clothing\010_lowres_high.jpg,originals\clothing\CLO_010.jpg,lowres,high
degraded\clothing\010_jpeg_low.jpg,originals\clothing\CLO_010.jpg,jpeg,low
degraded\clothing\010_jpeg_medium.jpg,originals\clothing\CLO_010.jpg,jpeg,medium
degraded\clothing\010_jpeg_high.jpg,originals\clothing\CLO_010.jpg,jpeg,high
degraded\clothing\011_blur_low.jpg,originals\clothing\CLO_011.jpg,blur,low
degraded\clothing\011_blur_medium.jpg,originals\clothing\CLO_011.jpg,blur,medium
degraded\clothing\011_blur_high.jpg,originals\clothing\CLO_011.jpg,blur,high
degraded\clothing\011_underexposure_low.jpg,originals\clothing\CLO_011.jpg,underexposure,low
degraded\clothing\011_underexposure_medium.jpg,originals\clothing\CLO_011.jpg,underexposure,medium
degraded\clothing\011_underexposure_high.jpg,originals\clothing\CLO_011.jpg,underexposure,high
degraded\clothing\011_overexposure_low.jpg,originals\clothing\CLO_011.jpg,overexposure,low
degraded\clothing\011_overexposure_medium.jpg,originals\clothing\CLO_011.jpg,overexposure,medium
degraded\clothing\011_overexposure_high.jpg,originals\clothing\CLO_011.jpg,overexposure,high
degraded\clothing\011_bad_crop_low.jpg,originals\clothing\CLO_011.jpg,bad_crop,low
degraded\clothing\011_bad_crop_medium.jpg,originals\clothing\CLO_011.jpg,bad_crop,medium
degraded\clothing\011_bad_crop_high.jpg,originals\clothing\CLO_011.jpg,bad_crop,high
degraded\clothing\011_lowres_low.jpg,originals\clothing\CLO_011.jpg,lowres,low
degraded\clothing\011_lowres_medium.jpg,originals\clothing\CLO_011.jpg,lowres,medium
degraded\clothing\011_lowres_high.jpg,originals\clothing\CLO_011.jpg,lowres,high
degraded\clothing\011_jpeg_low.jpg,originals\clothing\CLO_011.jpg,jpeg,low
degraded\clothing\011_jpeg_medium.jpg,originals\clothing\CLO_011.jpg,jpeg,medium
degraded\clothing\011_jpeg_high.jpg,originals\clothing\CLO_011.jpg,jpeg,high
degraded\clothing\012_blur_low.jpg,originals\clothing\CLO_012.jpg,blur,low
degraded\clothing\012_blur_medium.jpg,originals\clothing\CLO_012.jpg,blur,medium
degraded\clothing\012_blur_high.jpg,originals\clothing\CLO_012.jpg,blur,high
degraded\clothing\012_underexposure_low.jpg,originals\clothing\CLO_012.jpg,underexposure,low
degraded\clothing\012_underexposure_medium.jpg,originals\clothing\CLO_012.jpg,underexposure,medium
degraded\clothing\012_underexposure_high.jpg,originals\clothing\CLO_012.jpg,underexposure,high
degraded\clothing\012_overexposure_low.jpg,originals\clothing\CLO_012.jpg,overexposure,low
degraded\clothing\012_overexposure_medium.jpg,originals\clothing\CLO_012.jpg,overexposure,medium
degraded\clothing\012_overexposure_high.jpg,originals\clothing\CLO_012.jpg,overexposure,high
degraded\clothing\012_bad_crop_low.jpg,originals\clothing\CLO_012.jpg,bad_crop,low
degraded\clothing\012_bad_crop_medium.jpg,originals\clothing\CLO_012.jpg,bad_crop,medium
degraded\clothing\012_bad_crop_high.jpg,originals\clothing\CLO_012.jpg,bad_crop,high
degraded\clothing\012_lowres_low.jpg,originals\clothing\CLO_012.jpg,lowres,low
degraded\clothing\012_lowres_medium.jpg,originals\clothing\CLO_012.jpg,lowres,medium
degraded\clothing\012_lowres_high.jpg,originals\clothing\CLO_012.jpg,lowres,high
degraded\clothing\012_jpeg_low.jpg,originals\clothing\CLO_012.jpg,jpeg,low
degraded\clothing\012_jpeg_medium.jpg,originals\clothing\CLO_012.jpg,jpeg,medium
degraded\clothing\012_jpeg_high.jpg,originals\clothing\CLO_012.jpg,jpeg,high
degraded\clothing\013_blur_low.jpg,originals\clothing\CLO_013.jpg,blur,low
degraded\clothing\013_blur_medium.jpg,originals\clothing\CLO_013.jpg,blur,medium
degraded\clothing\013_blur_high.jpg,originals\clothing\CLO_013.jpg,blur,high
degraded\clothing\013_underexposure_low.jpg,originals\clothing\CLO_013.jpg,underexposure,low
degraded\clothing\013_underexposure_medium.jpg,originals\clothing\CLO_013.jpg,underexposure,medium
degraded\clothing\013_underexposure_high.jpg,originals\clothing\CLO_013.jpg,underexposure,high
degraded\clothing\013_overexposure_low.jpg,originals\clothing\CLO_013.jpg,overexposure,low
degraded\clothing\013_overexposure_medium.jpg,originals\clothing\CLO_013.jpg,overexposure,medium
degraded\clothing\013_overexposure_high.jpg,originals\clothing\CLO_013.jpg,overexposure,high
degraded\clothing\013_bad_crop_low.jpg,originals\clothing\CLO_013.jpg,bad_crop,low
degraded\clothing\013_bad_crop_medium.jpg,originals\clothing\CLO_013.jpg,bad_crop,medium
degraded\clothing\013_bad_crop_high.jpg,originals\clothing\CLO_013.jpg,bad_crop,high
degraded\clothing\013_lowres_low.jpg,originals\clothing\CLO_013.jpg,lowres,low
degraded\clothing\013_lowres_medium.jpg,originals\clothing\CLO_013.jpg,lowres,medium
degraded\clothing\013_lowres_high.jpg,originals\clothing\CLO_013.jpg,lowres,high
degraded\clothing\013_jpeg_low.jpg,originals\clothing\CLO_013.jpg,jpeg,low
degraded\clothing\013_jpeg_medium.jpg,originals\clothing\CLO_013.jpg,jpeg,medium
degraded\clothing\013_jpeg_high.jpg,originals\clothing\CLO_013.jpg,jpeg,high
degraded\clothing\014_blur_low.jpg,originals\clothing\CLO_014.jpg,blur,low
degraded\clothing\014_blur_medium.jpg,originals\clothing\CLO_014.jpg,blur,medium
degraded\clothing\014_blur_high.jpg,originals\clothing\CLO_014.jpg,blur,high
degraded\clothing\014_underexposure_low.jpg,originals\clothing\CLO_014.jpg,underexposure,low
degraded\clothing\014_underexposure_medium.jpg,originals\clothing\CLO_014.jpg,underexposure,medium
degraded\clothing\014_underexposure_high.jpg,originals\clothing\CLO_014.jpg,underexposure,high
degraded\clothing\014_overexposure_low.jpg,originals\clothing\CLO_014.jpg,overexposure,low
degraded\clothing\014_overexposure_medium.jpg,originals\clothing\CLO_014.jpg,overexposure,medium
degraded\clothing\014_overexposure_high.jpg,originals\clothing\CLO_014.jpg,overexposure,high
degraded\clothing\014_bad_crop_low.jpg,originals\clothing\CLO_014.jpg,bad_crop,low
degraded\clothing\014_bad_crop_medium.jpg,originals\clothing\CLO_014.jpg,bad_crop,medium
degraded\clothing\014_bad_crop_high.jpg,originals\clothing\CLO_014.jpg,bad_crop,high
degraded\clothing\014_lowres_low.jpg,originals\clothing\CLO_014.jpg,lowres,low
degraded\clothing\014_lowres_medium.jpg,originals\clothing\CLO_014.jpg,lowres,medium
degraded\clothing\014_lowres_high.jpg,originals\clothing\CLO_014.jpg,lowres,high
degraded\clothing\014_jpeg_low.jpg,originals\clothing\CLO_014.jpg,jpeg,low
degraded\clothing\014_jpeg_medium.jpg,originals\clothing\CLO_014.jpg,jpeg,medium
degraded\clothing\014_jpeg_high.jpg,originals\clothing\CLO_014.jpg,jpeg,high
degraded\clothing\015_blur_low.jpg,originals\clothing\CLO_015.jpg,blur,low
degraded\clothing\015_blur_medium.jpg,originals\clothing\CLO_015.jpg,blur,medium
degraded\clothing\015_blur_high.jpg,originals\clothing\CLO_015.jpg,blur,high
degraded\clothing\015_underexposure_low.jpg,originals\clothing\CLO_015.jpg,underexposure,low
degraded\clothing\015_underexposure_medium.jpg,originals\clothing\CLO_015.jpg,underexposure,medium
degraded\clothing\015_underexposure_high.jpg,originals\clothing\CLO_015.jpg,underexposure,high
degraded\clothing\015_overexposure_low.jpg,originals\clothing\CLO_015.jpg,overexposure,low
degraded\clothing\015_overexposure_medium.jpg,originals\clothing\CLO_015.jpg,overexposure,medium
degraded\clothing\015_overexposure_high.jpg,originals\clothing\CLO_015.jpg,overexposure,high
degraded\clothing\015_bad_crop_low.jpg,originals\clothing\CLO_015.jpg,bad_crop,low
degraded\clothing\015_bad_crop_medium.jpg,originals\clothing\CLO_015.jpg,bad_crop,medium
degraded\clothing\015_bad_crop_high.jpg,originals\clothing\CLO_015.jpg,bad_crop,high
degraded\clothing\015_lowres_low.jpg,originals\clothing\CLO_015.jpg,lowres,low
degraded\clothing\015_lowres_medium.jpg,originals\clothing\CLO_015.jpg,lowres,medium
degraded\clothing\015_lowres_high.jpg,originals\clothing\CLO_015.jpg,lowres,high
degraded\clothing\015_jpeg_low.jpg,originals\clothing\CLO_015.jpg,jpeg,low
degraded\clothing\015_jpeg_medium.jpg,originals\clothing\CLO_015.jpg,jpeg,medium
degraded\clothing\015_jpeg_high.jpg,originals\clothing\CLO_015.jpg,jpeg,high
degraded\clothing\016_blur_low.jpg,originals\clothing\CLO_016.jpg,blur,low
degraded\clothing\016_blur_medium.jpg,originals\clothing\CLO_016.jpg,blur,medium
degraded\clothing\016_blur_high.jpg,originals\clothing\CLO_016.jpg,blur,high
degraded\clothing\016_underexposure_low.jpg,originals\clothing\CLO_016.jpg,underexposure,low
degraded\clothing\016_underexposure_medium.jpg,originals\clothing\CLO_016.jpg,underexposure,medium
degraded\clothing\016_underexposure_high.jpg,originals\clothing\CLO_016.jpg,underexposure,high
degraded\clothing\016_overexposure_low.jpg,originals\clothing\CLO_016.jpg,overexposure,low
degraded\clothing\016_overexposure_medium.jpg,originals\clothing\CLO_016.jpg,overexposure,medium
degraded\clothing\016_overexposure_high.jpg,originals\clothing\CLO_016.jpg,overexposure,high
degraded\clothing\016_bad_crop_low.jpg,originals\clothing\CLO_016.jpg,bad_crop,low
degraded\clothing\016_bad_crop_medium.jpg,originals\clothing\CLO_016.jpg,bad_crop,medium
degraded\clothing\016_bad_crop_high.jpg,originals\clothing\CLO_016.jpg,bad_crop,high
degraded\clothing\016_lowres_low.jpg,originals\clothing\CLO_016.jpg,lowres,low
degraded\clothing\016_lowres_medium.jpg,originals\clothing\CLO_016.jpg,lowres,medium
degraded\clothing\016_lowres_high.jpg,originals\clothing\CLO_016.jpg,lowres,high
degraded\clothing\016_jpeg_low.jpg,originals\clothing\CLO_016.jpg,jpeg,low
degraded\clothing\016_jpeg_medium.jpg,originals\clothing\CLO_016.jpg,jpeg,medium
degraded\clothing\016_jpeg_high.jpg,originals\clothing\CLO_016.jpg,jpeg,high
degraded\clothing\017_blur_low.jpg,originals\clothing\CLO_017.jpg,blur,low
degraded\clothing\017_blur_medium.jpg,originals\clothing\CLO_017.jpg,blur,medium
degraded\clothing\017_blur_high.jpg,originals\clothing\CLO_017.jpg,blur,high
degraded\clothing\017_underexposure_low.jpg,originals\clothing\CLO_017.jpg,underexposure,low
degraded\clothing\017_underexposure_medium.jpg,originals\clothing\CLO_017.jpg,underexposure,medium
degraded\clothing\017_underexposure_high.jpg,originals\clothing\CLO_017.jpg,underexposure,high
degraded\clothing\017_overexposure_low.jpg,originals\clothing\CLO_017.jpg,overexposure,low
degraded\clothing\017_overexposure_medium.jpg,originals\clothing\CLO_017.jpg,overexposure,medium
degraded\clothing\017_overexposure_high.jpg,originals\clothing\CLO_017.jpg,overexposure,high
degraded\clothing\017_bad_crop_low.jpg,originals\clothing\CLO_017.jpg,bad_crop,low
degraded\clothing\017_bad_crop_medium.jpg,originals\clothing\CLO_017.jpg,bad_crop,medium
degraded\clothing\017_bad_crop_high.jpg,originals\clothing\CLO_017.jpg,bad_crop,high
degraded\clothing\017_lowres_low.jpg,originals\clothing\CLO_017.jpg,lowres,low
degraded\clothing\017_lowres_medium.jpg,originals\clothing\CLO_017.jpg,lowres,medium
degraded\clothing\017_lowres_high.jpg,originals\clothing\CLO_017.jpg,lowres,high
degraded\clothing\017_jpeg_low.jpg,originals\clothing\CLO_017.jpg,jpeg,low
degraded\clothing\017_jpeg_medium.jpg,originals\clothing\CLO_017.jpg,jpeg,medium
degraded\clothing\017_jpeg_high.jpg,originals\clothing\CLO_017.jpg,jpeg,high
degraded\clothing\018_blur_low.jpg,originals\clothing\CLO_018.jpg,blur,low
degraded\clothing\018_blur_medium.jpg,originals\clothing\CLO_018.jpg,blur,medium
degraded\clothing\018_blur_high.jpg,originals\clothing\CLO_018.jpg,blur,high
degraded\clothing\018_underexposure_low.jpg,originals\clothing\CLO_018.jpg,underexposure,low
degraded\clothing\018_underexposure_medium.jpg,originals\clothing\CLO_018.jpg,underexposure,medium
degraded\clothing\018_underexposure_high.jpg,originals\clothing\CLO_018.jpg,underexposure,high
degraded\clothing\018_overexposure_low.jpg,originals\clothing\CLO_018.jpg,overexposure,low
degraded\clothing\018_overexposure_medium.jpg,originals\clothing\CLO_018.jpg,overexposure,medium
degraded\clothing\018_overexposure_high.jpg,originals\clothing\CLO_018.jpg,overexposure,high
degraded\clothing\018_bad_crop_low.jpg,originals\clothing\CLO_018.jpg,bad_crop,low
degraded\clothing\018_bad_crop_medium.jpg,originals\clothing\CLO_018.jpg,bad_crop,medium
degraded\clothing\018_bad_crop_high.jpg,originals\clothing\CLO_018.jpg,bad_crop,high
degraded\clothing\018_lowres_low.jpg,originals\clothing\CLO_018.jpg,lowres,low
degraded\clothing\018_lowres_medium.jpg,originals\clothing\CLO_018.jpg,lowres,medium
degraded\clothing\018_lowres_high.jpg,originals\clothing\CLO_018.jpg,lowres,high
degraded\clothing\018_jpeg_low.jpg,originals\clothing\CLO_018.jpg,jpeg,low
degraded\clothing\018_jpeg_medium.jpg,originals\clothing\CLO_018.jpg,jpeg,medium
degraded\clothing\018_jpeg_high.jpg,originals\clothing\CLO_018.jpg,jpeg,high
degraded\clothing\019_blur_low.jpg,originals\clothing\CLO_019.jpg,blur,low
degraded\clothing\019_blur_medium.jpg,originals\clothing\CLO_019.jpg,blur,medium
degraded\clothing\019_blur_high.jpg,originals\clothing\CLO_019.jpg,blur,high
degraded\clothing\019_underexposure_low.jpg,originals\clothing\CLO_019.jpg,underexposure,low
degraded\clothing\019_underexposure_medium.jpg,originals\clothing\CLO_019.jpg,underexposure,medium
degraded\clothing\019_underexposure_high.jpg,originals\clothing\CLO_019.jpg,underexposure,high
degraded\clothing\019_overexposure_low.jpg,originals\clothing\CLO_019.jpg,overexposure,low
degraded\clothing\019_overexposure_medium.jpg,originals\clothing\CLO_019.jpg,overexposure,medium
degraded\clothing\019_overexposure_high.jpg,originals\clothing\CLO_019.jpg,overexposure,high
degraded\clothing\019_bad_crop_low.jpg,originals\clothing\CLO_019.jpg,bad_crop,low
degraded\clothing\019_bad_crop_medium.jpg,originals\clothing\CLO_019.jpg,bad_crop,medium
degraded\clothing\019_bad_crop_high.jpg,originals\clothing\CLO_019.jpg,bad_crop,high
degraded\clothing\019_lowres_low.jpg,originals\clothing\CLO_019.jpg,lowres,low
degraded\clothing\019_lowres_medium.jpg,originals\clothing\CLO_019.jpg,lowres,medium
degraded\clothing\019_lowres_high.jpg,originals\clothing\CLO_019.jpg,lowres,high
degraded\clothing\019_jpeg_low.jpg,originals\clothing\CLO_019.jpg,jpeg,low
degraded\clothing\019_jpeg_medium.jpg,originals\clothing\CLO_019.jpg,jpeg,medium
degraded\clothing\019_jpeg_high.jpg,originals\clothing\CLO_019.jpg,jpeg,high
degraded\clothing\020_blur_low.jpg,originals\clothing\CLO_020.jpg,blur,low
degraded\clothing\020_blur_medium.jpg,originals\clothing\CLO_020.jpg,blur,medium
degraded\clothing\020_blur_high.jpg,originals\clothing\CLO_020.jpg,blur,high
degraded\clothing\020_underexposure_low.jpg,originals\clothing\CLO_020.jpg,underexposure,low
degraded\clothing\020_underexposure_medium.jpg,originals\clothing\CLO_020.jpg,underexposure,medium
degraded\clothing\020_underexposure_high.jpg,originals\clothing\CLO_020.jpg,underexposure,high
degraded\clothing\020_overexposure_low.jpg,originals\clothing\CLO_020.jpg,overexposure,low
degraded\clothing\020_overexposure_medium.jpg,originals\clothing\CLO_020.jpg,overexposure,medium
degraded\clothing\020_overexposure_high.jpg,originals\clothing\CLO_020.jpg,overexposure,high
degraded\clothing\020_bad_crop_low.jpg,originals\clothing\CLO_020.jpg,bad_crop,low
degraded\clothing\020_bad_crop_medium.jpg,originals\clothing\CLO_020.jpg,bad_crop,medium
degraded\clothing\020_bad_crop_high.jpg,originals\clothing\CLO_020.jpg,bad_crop,high
degraded\clothing\020_lowres_low.jpg,originals\clothing\CLO_020.jpg,lowres,low
degraded\clothing\020_lowres_medium.jpg,originals\clothing\CLO_020.jpg,lowres,medium
degraded\clothing\020_lowres_high.jpg,originals\clothing\CLO_020.jpg,lowres,high
degraded\clothing\020_jpeg_low.jpg,originals\clothing\CLO_020.jpg,jpeg,low
degraded\clothing\020_jpeg_medium.jpg,originals\clothing\CLO_020.jpg,jpeg,medium
degraded\clothing\020_jpeg_high.jpg,originals\clothing\CLO_020.jpg,jpeg,high
degraded\clothing\021_blur_low.jpg,originals\clothing\CLO_021.jpg,blur,low
degraded\clothing\021_blur_medium.jpg,originals\clothing\CLO_021.jpg,blur,medium
degraded\clothing\021_blur_high.jpg,originals\clothing\CLO_021.jpg,blur,high
degraded\clothing\021_underexposure_low.jpg,originals\clothing\CLO_021.jpg,underexposure,low
degraded\clothing\021_underexposure_medium.jpg,originals\clothing\CLO_021.jpg,underexposure,medium
degraded\clothing\021_underexposure_high.jpg,originals\clothing\CLO_021.jpg,underexposure,high
degraded\clothing\021_overexposure_low.jpg,originals\clothing\CLO_021.jpg,overexposure,low
degraded\clothing\021_overexposure_medium.jpg,originals\clothing\CLO_021.jpg,overexposure,medium
degraded\clothing\021_overexposure_high.jpg,originals\clothing\CLO_021.jpg,overexposure,high
degraded\clothing\021_bad_crop_low.jpg,originals\clothing\CLO_021.jpg,bad_crop,low
degraded\clothing\021_bad_crop_medium.jpg,originals\clothing\CLO_021.jpg,bad_crop,medium
degraded\clothing\021_bad_crop_high.jpg,originals\clothing\CLO_021.jpg,bad_crop,high
degraded\clothing\021_lowres_low.jpg,originals\clothing\CLO_021.jpg,lowres,low
degraded\clothing\021_lowres_medium.jpg,originals\clothing\CLO_021.jpg,lowres,medium
degraded\clothing\021_lowres_high.jpg,originals\clothing\CLO_021.jpg,lowres,high
degraded\clothing\021_jpeg_low.jpg,originals\clothing\CLO_021.jpg,jpeg,low
degraded\clothing\021_jpeg_medium.jpg,originals\clothing\CLO_021.jpg,jpeg,medium
degraded\clothing\021_jpeg_high.jpg,originals\clothing\CLO_021.jpg,jpeg,high
degraded\clothing\022_blur_low.jpg,originals\clothing\CLO_022.jpg,blur,low
degraded\clothing\022_blur_medium.jpg,originals\clothing\CLO_022.jpg,blur,medium
degraded\clothing\022_blur_high.jpg,originals\clothing\CLO_022.jpg,blur,high
degraded\clothing\022_underexposure_low.jpg,originals\clothing\CLO_022.jpg,underexposure,low
degraded\clothing\022_underexposure_medium.jpg,originals\clothing\CLO_022.jpg,underexposure,medium
degraded\clothing\022_underexposure_high.jpg,originals\clothing\CLO_022.jpg,underexposure,high
degraded\clothing\022_overexposure_low.jpg,originals\clothing\CLO_022.jpg,overexposure,low
degraded\clothing\022_overexposure_medium.jpg,originals\clothing\CLO_022.jpg,overexposure,medium
degraded\clothing\022_overexposure_high.jpg,originals\clothing\CLO_022.jpg,overexposure,high
degraded\clothing\022_bad_crop_low.jpg,originals\clothing\CLO_022.jpg,bad_crop,low
degraded\clothing\022_bad_crop_medium.jpg,originals\clothing\CLO_022.jpg,bad_crop,medium
degraded\clothing\022_bad_crop_high.jpg,originals\clothing\CLO_022.jpg,bad_crop,high
degraded\clothing\022_lowres_low.jpg,originals\clothing\CLO_022.jpg,lowres,low
degraded\clothing\022_lowres_medium.jpg,originals\clothing\CLO_022.jpg,lowres,medium
degraded\clothing\022_lowres_high.jpg,originals\clothing\CLO_022.jpg,lowres,high
degraded\clothing\022_jpeg_low.jpg,originals\clothing\CLO_022.jpg,jpeg,low
degraded\clothing\022_jpeg_medium.jpg,originals\clothing\CLO_022.jpg,jpeg,medium
degraded\clothing\022_jpeg_high.jpg,originals\clothing\CLO_022.jpg,jpeg,high
degraded\clothing\023_blur_low.jpg,originals\clothing\CLO_023.jpg,blur,low
degraded\clothing\023_blur_medium.jpg,originals\clothing\CLO_023.jpg,blur,medium
degraded\clothing\023_blur_high.jpg,originals\clothing\CLO_023.jpg,blur,high
degraded\clothing\023_underexposure_low.jpg,originals\clothing\CLO_023.jpg,underexposure,low
degraded\clothing\023_underexposure_medium.jpg,originals\clothing\CLO_023.jpg,underexposure,medium
degraded\clothing\023_underexposure_high.jpg,originals\clothing\CLO_023.jpg,underexposure,high
degraded\clothing\023_overexposure_low.jpg,originals\clothing\CLO_023.jpg,overexposure,low
degraded\clothing\023_overexposure_medium.jpg,originals\clothing\CLO_023.jpg,overexposure,medium
degraded\clothing\023_overexposure_high.jpg,originals\clothing\CLO_023.jpg,overexposure,high
degraded\clothing\023_bad_crop_low.jpg,originals\clothing\CLO_023.jpg,bad_crop,low
degraded\clothing\023_bad_crop_medium.jpg,originals\clothing\CLO_023.jpg,bad_crop,medium
degraded\clothing\023_bad_crop_high.jpg,originals\clothing\CLO_023.jpg,bad_crop,high
degraded\clothing\023_lowres_low.jpg,originals\clothing\CLO_023.jpg,lowres,low
degraded\clothing\023_lowres_medium.jpg,originals\clothing\CLO_023.jpg,lowres,medium
degraded\clothing\023_lowres_high.jpg,originals\clothing\CLO_023.jpg,lowres,high
degraded\clothing\023_jpeg_low.jpg,originals\clothing\CLO_023.jpg,jpeg,low
degraded\clothing\023_jpeg_medium.jpg,originals\clothing\CLO_023.jpg,jpeg,medium
degraded\clothing\023_jpeg_high.jpg,originals\clothing\CLO_023.jpg,jpeg,high
degraded\clothing\024_blur_low.jpg,originals\clothing\CLO_024.jpg,blur,low
degraded\clothing\024_blur_medium.jpg,originals\clothing\CLO_024.jpg,blur,medium
degraded\clothing\024_blur_high.jpg,originals\clothing\CLO_024.jpg,blur,high
degraded\clothing\024_underexposure_low.jpg,originals\clothing\CLO_024.jpg,underexposure,low
degraded\clothing\024_underexposure_medium.jpg,originals\clothing\CLO_024.jpg,underexposure,medium
degraded\clothing\024_underexposure_high.jpg,originals\clothing\CLO_024.jpg,underexposure,high
degraded\clothing\024_overexposure_low.jpg,originals\clothing\CLO_024.jpg,overexposure,low
degraded\clothing\024_overexposure_medium.jpg,originals\clothing\CLO_024.jpg,overexposure,medium
degraded\clothing\024_overexposure_high.jpg,originals\clothing\CLO_024.jpg,overexposure,high
degraded\clothing\024_bad_crop_low.jpg,originals\clothing\CLO_024.jpg,bad_crop,low
degraded\clothing\024_bad_crop_medium.jpg,originals\clothing\CLO_024.jpg,bad_crop,medium
degraded\clothing\024_bad_crop_high.jpg,originals\clothing\CLO_024.jpg,bad_crop,high
degraded\clothing\024_lowres_low.jpg,originals\clothing\CLO_024.jpg,lowres,low
degraded\clothing\024_lowres_medium.jpg,originals\clothing\CLO_024.jpg,lowres,medium
degraded\clothing\024_lowres_high.jpg,originals\clothing\CLO_024.jpg,lowres,high
degraded\clothing\024_jpeg_low.jpg,originals\clothing\CLO_024.jpg,jpeg,low
degraded\clothing\024_jpeg_medium.jpg,originals\clothing\CLO_024.jpg,jpeg,medium
degraded\clothing\024_jpeg_high.jpg,originals\clothing\CLO_024.jpg,jpeg,high
degraded\clothing\025_blur_low.jpg,originals\clothing\CLO_025.jpg,blur,low
degraded\clothing\025_blur_medium.jpg,originals\clothing\CLO_025.jpg,blur,medium
degraded\clothing\025_blur_high.jpg,originals\clothing\CLO_025.jpg,blur,high
degraded\clothing\025_underexposure_low.jpg,originals\clothing\CLO_025.jpg,underexposure,low
degraded\clothing\025_underexposure_medium.jpg,originals\clothing\CLO_025.jpg,underexposure,medium
degraded\clothing\025_underexposure_high.jpg,originals\clothing\CLO_025.jpg,underexposure,high
degraded\clothing\025_overexposure_low.jpg,originals\clothing\CLO_025.jpg,overexposure,low
degraded\clothing\025_overexposure_medium.jpg,originals\clothing\CLO_025.jpg,overexposure,medium
degraded\clothing\025_overexposure_high.jpg,originals\clothing\CLO_025.jpg,overexposure,high
degraded\clothing\025_bad_crop_low.jpg,originals\clothing\CLO_025.jpg,bad_crop,low
degraded\clothing\025_bad_crop_medium.jpg,originals\clothing\CLO_025.jpg,bad_crop,medium
degraded\clothing\025_bad_crop_high.jpg,originals\clothing\CLO_025.jpg,bad_crop,high
degraded\clothing\025_lowres_low.jpg,originals\clothing\CLO_025.jpg,lowres,low
degraded\clothing\025_lowres_medium.jpg,originals\clothing\CLO_025.jpg,lowres,medium
degraded\clothing\025_lowres_high.jpg,originals\clothing\CLO_025.jpg,lowres,high
degraded\clothing\025_jpeg_low.jpg,originals\clothing\CLO_025.jpg,jpeg,low
degraded\clothing\025_jpeg_medium.jpg,originals\clothing\CLO_025.jpg,jpeg,medium
degraded\clothing\025_jpeg_high.jpg,originals\clothing\CLO_025.jpg,jpeg,high
degraded\clothing\026_blur_low.jpg,originals\clothing\CLO_026.jpg,blur,low
degraded\clothing\026_blur_medium.jpg,originals\clothing\CLO_026.jpg,blur,medium
degraded\clothing\026_blur_high.jpg,originals\clothing\CLO_026.jpg,blur,high
degraded\clothing\026_underexposure_low.jpg,originals\clothing\CLO_026.jpg,underexposure,low
degraded\clothing\026_underexposure_medium.jpg,originals\clothing\CLO_026.jpg,underexposure,medium
degraded\clothing\026_underexposure_high.jpg,originals\clothing\CLO_026.jpg,underexposure,high
degraded\clothing\026_overexposure_low.jpg,originals\clothing\CLO_026.jpg,overexposure,low
degraded\clothing\026_overexposure_medium.jpg,originals\clothing\CLO_026.jpg,overexposure,medium
degraded\clothing\026_overexposure_high.jpg,originals\clothing\CLO_026.jpg,overexposure,high
degraded\clothing\026_bad_crop_low.jpg,originals\clothing\CLO_026.jpg,bad_crop,low
degraded\clothing\026_bad_crop_medium.jpg,originals\clothing\CLO_026.jpg,bad_crop,medium
degraded\clothing\026_bad_crop_high.jpg,originals\clothing\CLO_026.jpg,bad_crop,high
degraded\clothing\026_lowres_low.jpg,originals\clothing\CLO_026.jpg,lowres,low
degraded\clothing\026_lowres_medium.jpg,originals\clothing\CLO_026.jpg,lowres,medium
degraded\clothing\026_lowres_high.jpg,originals\clothing\CLO_026.jpg,lowres,high
degraded\clothing\026_jpeg_low.jpg,originals\clothing\CLO_026.jpg,jpeg,low
degraded\clothing\026_jpeg_medium.jpg,originals\clothing\CLO_026.jpg,jpeg,medium
degraded\clothing\026_jpeg_high.jpg,originals\clothing\CLO_026.jpg,jpeg,high
degraded\clothing\027_blur_low.jpg,originals\clothing\CLO_027.jpg,blur,low
degraded\clothing\027_blur_medium.jpg,originals\clothing\CLO_027.jpg,blur,medium
degraded\clothing\027_blur_high.jpg,originals\clothing\CLO_027.jpg,blur,high
degraded\clothing\027_underexposure_low.jpg,originals\clothing\CLO_027.jpg,underexposure,low
degraded\clothing\027_underexposure_medium.jpg,originals\clothing\CLO_027.jpg,underexposure,medium
degraded\clothing\027_underexposure_high.jpg,originals\clothing\CLO_027.jpg,underexposure,high
degraded\clothing\027_overexposure_low.jpg,originals\clothing\CLO_027.jpg,overexposure,low
degraded\clothing\027_overexposure_medium.jpg,originals\clothing\CLO_027.jpg,overexposure,medium
degraded\clothing\027_overexposure_high.jpg,originals\clothing\CLO_027.jpg,overexposure,high
degraded\clothing\027_bad_crop_low.jpg,originals\clothing\CLO_027.jpg,bad_crop,low
degraded\clothing\027_bad_crop_medium.jpg,originals\clothing\CLO_027.jpg,bad_crop,medium
degraded\clothing\027_bad_crop_high.jpg,originals\clothing\CLO_027.jpg,bad_crop,high
degraded\clothing\027_lowres_low.jpg,originals\clothing\CLO_027.jpg,lowres,low
degraded\clothing\027_lowres_medium.jpg,originals\clothing\CLO_027.jpg,lowres,medium
degraded\clothing\027_lowres_high.jpg,originals\clothing\CLO_027.jpg,lowres,high
degraded\clothing\027_jpeg_low.jpg,originals\clothing\CLO_027.jpg,jpeg,low
degraded\clothing\027_jpeg_medium.jpg,originals\clothing\CLO_027.jpg,jpeg,medium
degraded\clothing\027_jpeg_high.jpg,originals\clothing\CLO_027.jpg,jpeg,high
degraded\clothing\028_blur_low.jpg,originals\clothing\CLO_028.jpg,blur,low
degraded\clothing\028_blur_medium.jpg,originals\clothing\CLO_028.jpg,blur,medium
degraded\clothing\028_blur_high.jpg,originals\clothing\CLO_028.jpg,blur,high
degraded\clothing\028_underexposure_low.jpg,originals\clothing\CLO_028.jpg,underexposure,low
degraded\clothing\028_underexposure_medium.jpg,originals\clothing\CLO_028.jpg,underexposure,medium
degraded\clothing\028_underexposure_high.jpg,originals\clothing\CLO_028.jpg,underexposure,high
degraded\clothing\028_overexposure_low.jpg,originals\clothing\CLO_028.jpg,overexposure,low
degraded\clothing\028_overexposure_medium.jpg,originals\clothing\CLO_028.jpg,overexposure,medium
degraded\clothing\028_overexposure_high.jpg,originals\clothing\CLO_028.jpg,overexposure,high
degraded\clothing\028_bad_crop_low.jpg,originals\clothing\CLO_028.jpg,bad_crop,low
degraded\clothing\028_bad_crop_medium.jpg,originals\clothing\CLO_028.jpg,bad_crop,medium
degraded\clothing\028_bad_crop_high.jpg,originals\clothing\CLO_028.jpg,bad_crop,high
degraded\clothing\028_lowres_low.jpg,originals\clothing\CLO_028.jpg,lowres,low
degraded\clothing\028_lowres_medium.jpg,originals\clothing\CLO_028.jpg,lowres,medium
degraded\clothing\028_lowres_high.jpg,originals\clothing\CLO_028.jpg,lowres,high
degraded\clothing\028_jpeg_low.jpg,originals\clothing\CLO_028.jpg,jpeg,low
degraded\clothing\028_jpeg_medium.jpg,originals\clothing\CLO_028.jpg,jpeg,medium
degraded\clothing\028_jpeg_high.jpg,originals\clothing\CLO_028.jpg,jpeg,high
degraded\clothing\029_blur_low.jpg,originals\clothing\CLO_029.jpg,blur,low
degraded\clothing\029_blur_medium.jpg,originals\clothing\CLO_029.jpg,blur,medium
degraded\clothing\029_blur_high.jpg,originals\clothing\CLO_029.jpg,blur,high
degraded\clothing\029_underexposure_low.jpg,originals\clothing\CLO_029.jpg,underexposure,low
degraded\clothing\029_underexposure_medium.jpg,originals\clothing\CLO_029.jpg,underexposure,medium
degraded\clothing\029_underexposure_high.jpg,originals\clothing\CLO_029.jpg,underexposure,high
degraded\clothing\029_overexposure_low.jpg,originals\clothing\CLO_029.jpg,overexposure,low
degraded\clothing\029_overexposure_medium.jpg,originals\clothing\CLO_029.jpg,overexposure,medium
degraded\clothing\029_overexposure_high.jpg,originals\clothing\CLO_029.jpg,overexposure,high
degraded\clothing\029_bad_crop_low.jpg,originals\clothing\CLO_029.jpg,bad_crop,low
degraded\clothing\029_bad_crop_medium.jpg,originals\clothing\CLO_029.jpg,bad_crop,medium
degraded\clothing\029_bad_crop_high.jpg,originals\clothing\CLO_029.jpg,bad_crop,high
degraded\clothing\029_lowres_low.jpg,originals\clothing\CLO_029.jpg,lowres,low
degraded\clothing\029_lowres_medium.jpg,originals\clothing\CLO_029.jpg,lowres,medium
degraded\clothing\029_lowres_high.jpg,originals\clothing\CLO_029.jpg,lowres,high
degraded\clothing\029_jpeg_low.jpg,originals\clothing\CLO_029.jpg,jpeg,low
degraded\clothing\029_jpeg_medium.jpg,originals\clothing\CLO_029.jpg,jpeg,medium
degraded\clothing\029_jpeg_high.jpg,originals\clothing\CLO_029.jpg,jpeg,high
degraded\clothing\030_blur_low.jpg,originals\clothing\CLO_030.jpg,blur,low
degraded\clothing\030_blur_medium.jpg,originals\clothing\CLO_030.jpg,blur,medium
degraded\clothing\030_blur_high.jpg,originals\clothing\CLO_030.jpg,blur,high
degraded\clothing\030_underexposure_low.jpg,originals\clothing\CLO_030.jpg,underexposure,low
degraded\clothing\030_underexposure_medium.jpg,originals\clothing\CLO_030.jpg,underexposure,medium
degraded\clothing\030_underexposure_high.jpg,originals\clothing\CLO_030.jpg,underexposure,high
degraded\clothing\030_overexposure_low.jpg,originals\clothing\CLO_030.jpg,overexposure,low
degraded\clothing\030_overexposure_medium.jpg,originals\clothing\CLO_030.jpg,overexposure,medium
degraded\clothing\030_overexposure_high.jpg,originals\clothing\CLO_030.jpg,overexposure,high
degraded\clothing\030_bad_crop_low.jpg,originals\clothing\CLO_030.jpg,bad_crop,low
degraded\clothing\030_bad_crop_medium.jpg,originals\clothing\CLO_030.jpg,bad_crop,medium
degraded\clothing\030_bad_crop_high.jpg,originals\clothing\CLO_030.jpg,bad_crop,high
degraded\clothing\030_lowres_low.jpg,originals\clothing\CLO_030.jpg,lowres,low
degraded\clothing\030_lowres_medium.jpg,originals\clothing\CLO_030.jpg,lowres,medium
degraded\clothing\030_lowres_high.jpg,originals\clothing\CLO_030.jpg,lowres,high
degraded\clothing\030_jpeg_low.jpg,originals\clothing\CLO_030.jpg,jpeg,low
degraded\clothing\030_jpeg_medium.jpg,originals\clothing\CLO_030.jpg,jpeg,medium
degraded\clothing\030_jpeg_high.jpg,originals\clothing\CLO_030.jpg,jpeg,high
degraded\clothing\031_blur_low.jpg,originals\clothing\CLO_031.jpg,blur,low
degraded\clothing\031_blur_medium.jpg,originals\clothing\CLO_031.jpg,blur,medium
degraded\clothing\031_blur_high.jpg,originals\clothing\CLO_031.jpg,blur,high
degraded\clothing\031_underexposure_low.jpg,originals\clothing\CLO_031.jpg,underexposure,low
degraded\clothing\031_underexposure_medium.jpg,originals\clothing\CLO_031.jpg,underexposure,medium
degraded\clothing\031_underexposure_high.jpg,originals\clothing\CLO_031.jpg,underexposure,high
degraded\clothing\031_overexposure_low.jpg,originals\clothing\CLO_031.jpg,overexposure,low
degraded\clothing\031_overexposure_medium.jpg,originals\clothing\CLO_031.jpg,overexposure,medium
degraded\clothing\031_overexposure_high.jpg,originals\clothing\CLO_031.jpg,overexposure,high
degraded\clothing\031_bad_crop_low.jpg,originals\clothing\CLO_031.jpg,bad_crop,low
degraded\clothing\031_bad_crop_medium.jpg,originals\clothing\CLO_031.jpg,bad_crop,medium
degraded\clothing\031_bad_crop_high.jpg,originals\clothing\CLO_031.jpg,bad_crop,high
degraded\clothing\031_lowres_low.jpg,originals\clothing\CLO_031.jpg,lowres,low
degraded\clothing\031_lowres_medium.jpg,originals\clothing\CLO_031.jpg,lowres,medium
degraded\clothing\031_lowres_high.jpg,originals\clothing\CLO_031.jpg,lowres,high
degraded\clothing\031_jpeg_low.jpg,originals\clothing\CLO_031.jpg,jpeg,low
degraded\clothing\031_jpeg_medium.jpg,originals\clothing\CLO_031.jpg,jpeg,medium
degraded\clothing\031_jpeg_high.jpg,originals\clothing\CLO_031.jpg,jpeg,high
degraded\clothing\032_blur_low.jpg,originals\clothing\CLO_032.jpg,blur,low
degraded\clothing\032_blur_medium.jpg,originals\clothing\CLO_032.jpg,blur,medium
degraded\clothing\032_blur_high.jpg,originals\clothing\CLO_032.jpg,blur,high
degraded\clothing\032_underexposure_low.jpg,originals\clothing\CLO_032.jpg,underexposure,low
degraded\clothing\032_underexposure_medium.jpg,originals\clothing\CLO_032.jpg,underexposure,medium
degraded\clothing\032_underexposure_high.jpg,originals\clothing\CLO_032.jpg,underexposure,high
degraded\clothing\032_overexposure_low.jpg,originals\clothing\CLO_032.jpg,overexposure,low
degraded\clothing\032_overexposure_medium.jpg,originals\clothing\CLO_032.jpg,overexposure,medium
degraded\clothing\032_overexposure_high.jpg,originals\clothing\CLO_032.jpg,overexposure,high
degraded\clothing\032_bad_crop_low.jpg,originals\clothing\CLO_032.jpg,bad_crop,low
degraded\clothing\032_bad_crop_medium.jpg,originals\clothing\CLO_032.jpg,bad_crop,medium
degraded\clothing\032_bad_crop_high.jpg,originals\clothing\CLO_032.jpg,bad_crop,high
degraded\clothing\032_lowres_low.jpg,originals\clothing\CLO_032.jpg,lowres,low
degraded\clothing\032_lowres_medium.jpg,originals\clothing\CLO_032.jpg,lowres,medium
degraded\clothing\032_lowres_high.jpg,originals\clothing\CLO_032.jpg,lowres,high
degraded\clothing\032_jpeg_low.jpg,originals\clothing\CLO_032.jpg,jpeg,low
degraded\clothing\032_jpeg_medium.jpg,originals\clothing\CLO_032.jpg,jpeg,medium
degraded\clothing\032_jpeg_high.jpg,originals\clothing\CLO_032.jpg,jpeg,high
degraded\clothing\033_blur_low.jpg,originals\clothing\CLO_033.jpg,blur,low
degraded\clothing\033_blur_medium.jpg,originals\clothing\CLO_033.jpg,blur,medium
degraded\clothing\033_blur_high.jpg,originals\clothing\CLO_033.jpg,blur,high
degraded\clothing\033_underexposure_low.jpg,originals\clothing\CLO_033.jpg,underexposure,low
degraded\clothing\033_underexposure_medium.jpg,originals\clothing\CLO_033.jpg,underexposure,medium
degraded\clothing\033_underexposure_high.jpg,originals\clothing\CLO_033.jpg,underexposure,high
degraded\clothing\033_overexposure_low.jpg,originals\clothing\CLO_033.jpg,overexposure,low
degraded\clothing\033_overexposure_medium.jpg,originals\clothing\CLO_033.jpg,overexposure,medium
degraded\clothing\033_overexposure_high.jpg,originals\clothing\CLO_033.jpg,overexposure,high
degraded\clothing\033_bad_crop_low.jpg,originals\clothing\CLO_033.jpg,bad_crop,low
degraded\clothing\033_bad_crop_medium.jpg,originals\clothing\CLO_033.jpg,bad_crop,medium
degraded\clothing\033_bad_crop_high.jpg,originals\clothing\CLO_033.jpg,bad_crop,high
degraded\clothing\033_lowres_low.jpg,originals\clothing\CLO_033.jpg,lowres,low
degraded\clothing\033_lowres_medium.jpg,originals\clothing\CLO_033.jpg,lowres,medium
degraded\clothing\033_lowres_high.jpg,originals\clothing\CLO_033.jpg,lowres,high
degraded\clothing\033_jpeg_low.jpg,originals\clothing\CLO_033.jpg,jpeg,low
degraded\clothing\033_jpeg_medium.jpg,originals\clothing\CLO_033.jpg,jpeg,medium
degraded\clothing\033_jpeg_high.jpg,originals\clothing\CLO_033.jpg,jpeg,high
degraded\clothing\034_blur_low.jpg,originals\clothing\CLO_034.jpg,blur,low
degraded\clothing\034_blur_medium.jpg,originals\clothing\CLO_034.jpg,blur,medium
degraded\clothing\034_blur_high.jpg,originals\clothing\CLO_034.jpg,blur,high
degraded\clothing\034_underexposure_low.jpg,originals\clothing\CLO_034.jpg,underexposure,low
degraded\clothing\034_underexposure_medium.jpg,originals\clothing\CLO_034.jpg,underexposure,medium
degraded\clothing\034_underexposure_high.jpg,originals\clothing\CLO_034.jpg,underexposure,high
degraded\clothing\034_overexposure_low.jpg,originals\clothing\CLO_034.jpg,overexposure,low
degraded\clothing\034_overexposure_medium.jpg,originals\clothing\CLO_034.jpg,overexposure,medium
degraded\clothing\034_overexposure_high.jpg,originals\clothing\CLO_034.jpg,overexposure,high
degraded\clothing\034_bad_crop_low.jpg,originals\clothing\CLO_034.jpg,bad_crop,low
degraded\clothing\034_bad_crop_medium.jpg,originals\clothing\CLO_034.jpg,bad_crop,medium
degraded\clothing\034_bad_crop_high.jpg,originals\clothing\CLO_034.jpg,bad_crop,high
degraded\clothing\034_lowres_low.jpg,originals\clothing\CLO_034.jpg,lowres,low
degraded\clothing\034_lowres_medium.jpg,originals\clothing\CLO_034.jpg,lowres,medium
degraded\clothing\034_lowres_high.jpg,originals\clothing\CLO_034.jpg,lowres,high
degraded\clothing\034_jpeg_low.jpg,originals\clothing\CLO_034.jpg,jpeg,low
degraded\clothing\034_jpeg_medium.jpg,originals\clothing\CLO_034.jpg,jpeg,medium
degraded\clothing\034_jpeg_high.jpg,originals\clothing\CLO_034.jpg,jpeg,high
degraded\clothing\035_blur_low.jpg,originals\clothing\CLO_035.jpg,blur,low
degraded\clothing\035_blur_medium.jpg,originals\clothing\CLO_035.jpg,blur,medium
degraded\clothing\035_blur_high.jpg,originals\clothing\CLO_035.jpg,blur,high
degraded\clothing\035_underexposure_low.jpg,originals\clothing\CLO_035.jpg,underexposure,low
degraded\clothing\035_underexposure_medium.jpg,originals\clothing\CLO_035.jpg,underexposure,medium
degraded\clothing\035_underexposure_high.jpg,originals\clothing\CLO_035.jpg,underexposure,high
degraded\clothing\035_overexposure_low.jpg,originals\clothing\CLO_035.jpg,overexposure,low
degraded\clothing\035_overexposure_medium.jpg,originals\clothing\CLO_035.jpg,overexposure,medium
degraded\clothing\035_overexposure_high.jpg,originals\clothing\CLO_035.jpg,overexposure,high
degraded\clothing\035_bad_crop_low.jpg,originals\clothing\CLO_035.jpg,bad_crop,low
degraded\clothing\035_bad_crop_medium.jpg,originals\clothing\CLO_035.jpg,bad_crop,medium
degraded\clothing\035_bad_crop_high.jpg,originals\clothing\CLO_035.jpg,bad_crop,high
degraded\clothing\035_lowres_low.jpg,originals\clothing\CLO_035.jpg,lowres,low
degraded\clothing\035_lowres_medium.jpg,originals\clothing\CLO_035.jpg,lowres,medium
degraded\clothing\035_lowres_high.jpg,originals\clothing\CLO_035.jpg,lowres,high
degraded\clothing\035_jpeg_low.jpg,originals\clothing\CLO_035.jpg,jpeg,low
degraded\clothing\035_jpeg_medium.jpg,originals\clothing\CLO_035.jpg,jpeg,medium
degraded\clothing\035_jpeg_high.jpg,originals\clothing\CLO_035.jpg,jpeg,high
degraded\clothing\036_blur_low.jpg,originals\clothing\CLO_036.jpg,blur,low
degraded\clothing\036_blur_medium.jpg,originals\clothing\CLO_036.jpg,blur,medium
degraded\clothing\036_blur_high.jpg,originals\clothing\CLO_036.jpg,blur,high
degraded\clothing\036_underexposure_low.jpg,originals\clothing\CLO_036.jpg,underexposure,low
degraded\clothing\036_underexposure_medium.jpg,originals\clothing\CLO_036.jpg,underexposure,medium
degraded\clothing\036_underexposure_high.jpg,originals\clothing\CLO_036.jpg,underexposure,high
degraded\clothing\036_overexposure_low.jpg,originals\clothing\CLO_036.jpg,overexposure,low
degraded\clothing\036_overexposure_medium.jpg,originals\clothing\CLO_036.jpg,overexposure,medium
degraded\clothing\036_overexposure_high.jpg,originals\clothing\CLO_036.jpg,overexposure,high
degraded\clothing\036_bad_crop_low.jpg,originals\clothing\CLO_036.jpg,bad_crop,low
degraded\clothing\036_bad_crop_medium.jpg,originals\clothing\CLO_036.jpg,bad_crop,medium
degraded\clothing\036_bad_crop_high.jpg,originals\clothing\CLO_036.jpg,bad_crop,high
degraded\clothing\036_lowres_low.jpg,originals\clothing\CLO_036.jpg,lowres,low
degraded\clothing\036_lowres_medium.jpg,originals\clothing\CLO_036.jpg,lowres,medium
degraded\clothing\036_lowres_high.jpg,originals\clothing\CLO_036.jpg,lowres,high
degraded\clothing\036_jpeg_low.jpg,originals\clothing\CLO_036.jpg,jpeg,low
degraded\clothing\036_jpeg_medium.jpg,originals\clothing\CLO_036.jpg,jpeg,medium
degraded\clothing\036_jpeg_high.jpg,originals\clothing\CLO_036.jpg,jpeg,high
degraded\clothing\037_blur_low.jpg,originals\clothing\CLO_037.jpg,blur,low
degraded\clothing\037_blur_medium.jpg,originals\clothing\CLO_037.jpg,blur,medium
degraded\clothing\037_blur_high.jpg,originals\clothing\CLO_037.jpg,blur,high
degraded\clothing\037_underexposure_low.jpg,originals\clothing\CLO_037.jpg,underexposure,low
degraded\clothing\037_underexposure_medium.jpg,originals\clothing\CLO_037.jpg,underexposure,medium
degraded\clothing\037_underexposure_high.jpg,originals\clothing\CLO_037.jpg,underexposure,high
degraded\clothing\037_overexposure_low.jpg,originals\clothing\CLO_037.jpg,overexposure,low
degraded\clothing\037_overexposure_medium.jpg,originals\clothing\CLO_037.jpg,overexposure,medium
degraded\clothing\037_overexposure_high.jpg,originals\clothing\CLO_037.jpg,overexposure,high
degraded\clothing\037_bad_crop_low.jpg,originals\clothing\CLO_037.jpg,bad_crop,low
degraded\clothing\037_bad_crop_medium.jpg,originals\clothing\CLO_037.jpg,bad_crop,medium
degraded\clothing\037_bad_crop_high.jpg,originals\clothing\CLO_037.jpg,bad_crop,high
degraded\clothing\037_lowres_low.jpg,originals\clothing\CLO_037.jpg,lowres,low
degraded\clothing\037_lowres_medium.jpg,originals\clothing\CLO_037.jpg,lowres,medium
degraded\clothing\037_lowres_high.jpg,originals\clothing\CLO_037.jpg,lowres,high
degraded\clothing\037_jpeg_low.jpg,originals\clothing\CLO_037.jpg,jpeg,low
degraded\clothing\037_jpeg_medium.jpg,originals\clothing\CLO_037.jpg,jpeg,medium
degraded\clothing\037_jpeg_high.jpg,originals\clothing\CLO_037.jpg,jpeg,high
degraded\clothing\038_blur_low.jpg,originals\clothing\CLO_038.jpg,blur,low
degraded\clothing\038_blur_medium.jpg,originals\clothing\CLO_038.jpg,blur,medium
degraded\clothing\038_blur_high.jpg,originals\clothing\CLO_038.jpg,blur,high
degraded\clothing\038_underexposure_low.jpg,originals\clothing\CLO_038.jpg,underexposure,low
degraded\clothing\038_underexposure_medium.jpg,originals\clothing\CLO_038.jpg,underexposure,medium
degraded\clothing\038_underexposure_high.jpg,originals\clothing\CLO_038.jpg,underexposure,high
degraded\clothing\038_overexposure_low.jpg,originals\clothing\CLO_038.jpg,overexposure,low
degraded\clothing\038_overexposure_medium.jpg,originals\clothing\CLO_038.jpg,overexposure,medium
degraded\clothing\038_overexposure_high.jpg,originals\clothing\CLO_038.jpg,overexposure,high
degraded\clothing\038_bad_crop_low.jpg,originals\clothing\CLO_038.jpg,bad_crop,low
degraded\clothing\038_bad_crop_medium.jpg,originals\clothing\CLO_038.jpg,bad_crop,medium
degraded\clothing\038_bad_crop_high.jpg,originals\clothing\CLO_038.jpg,bad_crop,high
degraded\clothing\038_lowres_low.jpg,originals\clothing\CLO_038.jpg,lowres,low
degraded\clothing\038_lowres_medium.jpg,originals\clothing\CLO_038.jpg,lowres,medium
degraded\clothing\038_lowres_high.jpg,originals\clothing\CLO_038.jpg,lowres,high
degraded\clothing\038_jpeg_low.jpg,originals\clothing\CLO_038.jpg,jpeg,low
degraded\clothing\038_jpeg_medium.jpg,originals\clothing\CLO_038.jpg,jpeg,medium
degraded\clothing\038_jpeg_high.jpg,originals\clothing\CLO_038.jpg,jpeg,high
degraded\clothing\039_blur_low.jpg,originals\clothing\CLO_039.jpg,blur,low
degraded\clothing\039_blur_medium.jpg,originals\clothing\CLO_039.jpg,blur,medium
degraded\clothing\039_blur_high.jpg,originals\clothing\CLO_039.jpg,blur,high
degraded\clothing\039_underexposure_low.jpg,originals\clothing\CLO_039.jpg,underexposure,low
degraded\clothing\039_underexposure_medium.jpg,originals\clothing\CLO_039.jpg,underexposure,medium
degraded\clothing\039_underexposure_high.jpg,originals\clothing\CLO_039.jpg,underexposure,high
degraded\clothing\039_overexposure_low.jpg,originals\clothing\CLO_039.jpg,overexposure,low
degraded\clothing\039_overexposure_medium.jpg,originals\clothing\CLO_039.jpg,overexposure,medium
degraded\clothing\039_overexposure_high.jpg,originals\clothing\CLO_039.jpg,overexposure,high
degraded\clothing\039_bad_crop_low.jpg,originals\clothing\CLO_039.jpg,bad_crop,low
degraded\clothing\039_bad_crop_medium.jpg,originals\clothing\CLO_039.jpg,bad_crop,medium
degraded\clothing\039_bad_crop_high.jpg,originals\clothing\CLO_039.jpg,bad_crop,high
degraded\clothing\039_lowres_low.jpg,originals\clothing\CLO_039.jpg,lowres,low
degraded\clothing\039_lowres_medium.jpg,originals\clothing\CLO_039.jpg,lowres,medium
degraded\clothing\039_lowres_high.jpg,originals\clothing\CLO_039.jpg,lowres,high
degraded\clothing\039_jpeg_low.jpg,originals\clothing\CLO_039.jpg,jpeg,low
degraded\clothing\039_jpeg_medium.jpg,originals\clothing\CLO_039.jpg,jpeg,medium
degraded\clothing\039_jpeg_high.jpg,originals\clothing\CLO_039.jpg,jpeg,high
degraded\clothing\040_blur_low.jpg,originals\clothing\CLO_040.jpg,blur,low
degraded\clothing\040_blur_medium.jpg,originals\clothing\CLO_040.jpg,blur,medium
degraded\clothing\040_blur_high.jpg,originals\clothing\CLO_040.jpg,blur,high
degraded\clothing\040_underexposure_low.jpg,originals\clothing\CLO_040.jpg,underexposure,low
degraded\clothing\040_underexposure_medium.jpg,originals\clothing\CLO_040.jpg,underexposure,medium
degraded\clothing\040_underexposure_high.jpg,originals\clothing\CLO_040.jpg,underexposure,high
degraded\clothing\040_overexposure_low.jpg,originals\clothing\CLO_040.jpg,overexposure,low
degraded\clothing\040_overexposure_medium.jpg,originals\clothing\CLO_040.jpg,overexposure,medium
degraded\clothing\040_overexposure_high.jpg,originals\clothing\CLO_040.jpg,overexposure,high
degraded\clothing\040_bad_crop_low.jpg,originals\clothing\CLO_040.jpg,bad_crop,low
degraded\clothing\040_bad_crop_medium.jpg,originals\clothing\CLO_040.jpg,bad_crop,medium
degraded\clothing\040_bad_crop_high.jpg,originals\clothing\CLO_040.jpg,bad_crop,high
degraded\clothing\040_lowres_low.jpg,originals\clothing\CLO_040.jpg,lowres,low
degraded\clothing\040_lowres_medium.jpg,originals\clothing\CLO_040.jpg,lowres,medium
degraded\clothing\040_lowres_high.jpg,originals\clothing\CLO_040.jpg,lowres,high
degraded\clothing\040_jpeg_low.jpg,originals\clothing\CLO_040.jpg,jpeg,low
degraded\clothing\040_jpeg_medium.jpg,originals\clothing\CLO_040.jpg,jpeg,medium
degraded\clothing\040_jpeg_high.jpg,originals\clothing\CLO_040.jpg,jpeg,high
degraded\clothing\041_blur_low.jpg,originals\clothing\CLO_041.jpg,blur,low
degraded\clothing\041_blur_medium.jpg,originals\clothing\CLO_041.jpg,blur,medium
degraded\clothing\041_blur_high.jpg,originals\clothing\CLO_041.jpg,blur,high
degraded\clothing\041_underexposure_low.jpg,originals\clothing\CLO_041.jpg,underexposure,low
degraded\clothing\041_underexposure_medium.jpg,originals\clothing\CLO_041.jpg,underexposure,medium
degraded\clothing\041_underexposure_high.jpg,originals\clothing\CLO_041.jpg,underexposure,high
degraded\clothing\041_overexposure_low.jpg,originals\clothing\CLO_041.jpg,overexposure,low
degraded\clothing\041_overexposure_medium.jpg,originals\clothing\CLO_041.jpg,overexposure,medium
degraded\clothing\041_overexposure_high.jpg,originals\clothing\CLO_041.jpg,overexposure,high
degraded\clothing\041_bad_crop_low.jpg,originals\clothing\CLO_041.jpg,bad_crop,low
degraded\clothing\041_bad_crop_medium.jpg,originals\clothing\CLO_041.jpg,bad_crop,medium
degraded\clothing\041_bad_crop_high.jpg,originals\clothing\CLO_041.jpg,bad_crop,high
degraded\clothing\041_lowres_low.jpg,originals\clothing\CLO_041.jpg,lowres,low
degraded\clothing\041_lowres_medium.jpg,originals\clothing\CLO_041.jpg,lowres,medium
degraded\clothing\041_lowres_high.jpg,originals\clothing\CLO_041.jpg,lowres,high
degraded\clothing\041_jpeg_low.jpg,originals\clothing\CLO_041.jpg,jpeg,low
degraded\clothing\041_jpeg_medium.jpg,originals\clothing\CLO_041.jpg,jpeg,medium
degraded\clothing\041_jpeg_high.jpg,originals\clothing\CLO_041.jpg,jpeg,high
degraded\clothing\042_blur_low.jpg,originals\clothing\CLO_042.jpg,blur,low
degraded\clothing\042_blur_medium.jpg,originals\clothing\CLO_042.jpg,blur,medium
degraded\clothing\042_blur_high.jpg,originals\clothing\CLO_042.jpg,blur,high
degraded\clothing\042_underexposure_low.jpg,originals\clothing\CLO_042.jpg,underexposure,low
degraded\clothing\042_underexposure_medium.jpg,originals\clothing\CLO_042.jpg,underexposure,medium
degraded\clothing\042_underexposure_high.jpg,originals\clothing\CLO_042.jpg,underexposure,high
degraded\clothing\042_overexposure_low.jpg,originals\clothing\CLO_042.jpg,overexposure,low
degraded\clothing\042_overexposure_medium.jpg,originals\clothing\CLO_042.jpg,overexposure,medium
degraded\clothing\042_overexposure_high.jpg,originals\clothing\CLO_042.jpg,overexposure,high
degraded\clothing\042_bad_crop_low.jpg,originals\clothing\CLO_042.jpg,bad_crop,low
degraded\clothing\042_bad_crop_medium.jpg,originals\clothing\CLO_042.jpg,bad_crop,medium
degraded\clothing\042_bad_crop_high.jpg,originals\clothing\CLO_042.jpg,bad_crop,high
degraded\clothing\042_lowres_low.jpg,originals\clothing\CLO_042.jpg,lowres,low
degraded\clothing\042_lowres_medium.jpg,originals\clothing\CLO_042.jpg,lowres,medium
degraded\clothing\042_lowres_high.jpg,originals\clothing\CLO_042.jpg,lowres,high
degraded\clothing\042_jpeg_low.jpg,originals\clothing\CLO_042.jpg,jpeg,low
degraded\clothing\042_jpeg_medium.jpg,originals\clothing\CLO_042.jpg,jpeg,medium
degraded\clothing\042_jpeg_high.jpg,originals\clothing\CLO_042.jpg,jpeg,high
degraded\clothing\043_blur_low.jpg,originals\clothing\CLO_043.jpg,blur,low
degraded\clothing\043_blur_medium.jpg,originals\clothing\CLO_043.jpg,blur,medium
degraded\clothing\043_blur_high.jpg,originals\clothing\CLO_043.jpg,blur,high
degraded\clothing\043_underexposure_low.jpg,originals\clothing\CLO_043.jpg,underexposure,low
degraded\clothing\043_underexposure_medium.jpg,originals\clothing\CLO_043.jpg,underexposure,medium
degraded\clothing\043_underexposure_high.jpg,originals\clothing\CLO_043.jpg,underexposure,high
degraded\clothing\043_overexposure_low.jpg,originals\clothing\CLO_043.jpg,overexposure,low
degraded\clothing\043_overexposure_medium.jpg,originals\clothing\CLO_043.jpg,overexposure,medium
degraded\clothing\043_overexposure_high.jpg,originals\clothing\CLO_043.jpg,overexposure,high
degraded\clothing\043_bad_crop_low.jpg,originals\clothing\CLO_043.jpg,bad_crop,low
degraded\clothing\043_bad_crop_medium.jpg,originals\clothing\CLO_043.jpg,bad_crop,medium
degraded\clothing\043_bad_crop_high.jpg,originals\clothing\CLO_043.jpg,bad_crop,high
degraded\clothing\043_lowres_low.jpg,originals\clothing\CLO_043.jpg,lowres,low
degraded\clothing\043_lowres_medium.jpg,originals\clothing\CLO_043.jpg,lowres,medium
degraded\clothing\043_lowres_high.jpg,originals\clothing\CLO_043.jpg,lowres,high
degraded\clothing\043_jpeg_low.jpg,originals\clothing\CLO_043.jpg,jpeg,low
degraded\clothing\043_jpeg_medium.jpg,originals\clothing\CLO_043.jpg,jpeg,medium
degraded\clothing\043_jpeg_high.jpg,originals\clothing\CLO_043.jpg,jpeg,high
degraded\clothing\044_blur_low.jpg,originals\clothing\CLO_044.jpg,blur,low
degraded\clothing\044_blur_medium.jpg,originals\clothing\CLO_044.jpg,blur,medium
degraded\clothing\044_blur_high.jpg,originals\clothing\CLO_044.jpg,blur,high
degraded\clothing\044_underexposure_low.jpg,originals\clothing\CLO_044.jpg,underexposure,low
degraded\clothing\044_underexposure_medium.jpg,originals\clothing\CLO_044.jpg,underexposure,medium
degraded\clothing\044_underexposure_high.jpg,originals\clothing\CLO_044.jpg,underexposure,high
degraded\clothing\044_overexposure_low.jpg,originals\clothing\CLO_044.jpg,overexposure,low
degraded\clothing\044_overexposure_medium.jpg,originals\clothing\CLO_044.jpg,overexposure,medium
degraded\clothing\044_overexposure_high.jpg,originals\clothing\CLO_044.jpg,overexposure,high
degraded\clothing\044_bad_crop_low.jpg,originals\clothing\CLO_044.jpg,bad_crop,low
degraded\clothing\044_bad_crop_medium.jpg,originals\clothing\CLO_044.jpg,bad_crop,medium
degraded\clothing\044_bad_crop_high.jpg,originals\clothing\CLO_044.jpg,bad_crop,high
degraded\clothing\044_lowres_low.jpg,originals\clothing\CLO_044.jpg,lowres,low
degraded\clothing\044_lowres_medium.jpg,originals\clothing\CLO_044.jpg,lowres,medium
degraded\clothing\044_lowres_high.jpg,originals\clothing\CLO_044.jpg,lowres,high
degraded\clothing\044_jpeg_low.jpg,originals\clothing\CLO_044.jpg,jpeg,low
degraded\clothing\044_jpeg_medium.jpg,originals\clothing\CLO_044.jpg,jpeg,medium
degraded\clothing\044_jpeg_high.jpg,originals\clothing\CLO_044.jpg,jpeg,high
degraded\clothing\045_blur_low.jpg,originals\clothing\CLO_045.jpg,blur,low
degraded\clothing\045_blur_medium.jpg,originals\clothing\CLO_045.jpg,blur,medium
degraded\clothing\045_blur_high.jpg,originals\clothing\CLO_045.jpg,blur,high
degraded\clothing\045_underexposure_low.jpg,originals\clothing\CLO_045.jpg,underexposure,low
degraded\clothing\045_underexposure_medium.jpg,originals\clothing\CLO_045.jpg,underexposure,medium
degraded\clothing\045_underexposure_high.jpg,originals\clothing\CLO_045.jpg,underexposure,high
degraded\clothing\045_overexposure_low.jpg,originals\clothing\CLO_045.jpg,overexposure,low
degraded\clothing\045_overexposure_medium.jpg,originals\clothing\CLO_045.jpg,overexposure,medium
degraded\clothing\045_overexposure_high.jpg,originals\clothing\CLO_045.jpg,overexposure,high
degraded\clothing\045_bad_crop_low.jpg,originals\clothing\CLO_045.jpg,bad_crop,low
degraded\clothing\045_bad_crop_medium.jpg,originals\clothing\CLO_045.jpg,bad_crop,medium
degraded\clothing\045_bad_crop_high.jpg,originals\clothing\CLO_045.jpg,bad_crop,high
degraded\clothing\045_lowres_low.jpg,originals\clothing\CLO_045.jpg,lowres,low
degraded\clothing\045_lowres_medium.jpg,originals\clothing\CLO_045.jpg,lowres,medium
degraded\clothing\045_lowres_high.jpg,originals\clothing\CLO_045.jpg,lowres,high
degraded\clothing\045_jpeg_low.jpg,originals\clothing\CLO_045.jpg,jpeg,low
degraded\clothing\045_jpeg_medium.jpg,originals\clothing\CLO_045.jpg,jpeg,medium
degraded\clothing\045_jpeg_high.jpg,originals\clothing\CLO_045.jpg,jpeg,high
degraded\clothing\046_blur_low.jpg,originals\clothing\CLO_046.jpg,blur,low
degraded\clothing\046_blur_medium.jpg,originals\clothing\CLO_046.jpg,blur,medium
degraded\clothing\046_blur_high.jpg,originals\clothing\CLO_046.jpg,blur,high
degraded\clothing\046_underexposure_low.jpg,originals\clothing\CLO_046.jpg,underexposure,low
degraded\clothing\046_underexposure_medium.jpg,originals\clothing\CLO_046.jpg,underexposure,medium
degraded\clothing\046_underexposure_high.jpg,originals\clothing\CLO_046.jpg,underexposure,high
degraded\clothing\046_overexposure_low.jpg,originals\clothing\CLO_046.jpg,overexposure,low
degraded\clothing\046_overexposure_medium.jpg,originals\clothing\CLO_046.jpg,overexposure,medium
degraded\clothing\046_overexposure_high.jpg,originals\clothing\CLO_046.jpg,overexposure,high
degraded\clothing\046_bad_crop_low.jpg,originals\clothing\CLO_046.jpg,bad_crop,low
degraded\clothing\046_bad_crop_medium.jpg,originals\clothing\CLO_046.jpg,bad_crop,medium
degraded\clothing\046_bad_crop_high.jpg,originals\clothing\CLO_046.jpg,bad_crop,high
degraded\clothing\046_lowres_low.jpg,originals\clothing\CLO_046.jpg,lowres,low
degraded\clothing\046_lowres_medium.jpg,originals\clothing\CLO_046.jpg,lowres,medium
degraded\clothing\046_lowres_high.jpg,originals\clothing\CLO_046.jpg,lowres,high
degraded\clothing\046_jpeg_low.jpg,originals\clothing\CLO_046.jpg,jpeg,low
degraded\clothing\046_jpeg_medium.jpg,originals\clothing\CLO_046.jpg,jpeg,medium
degraded\clothing\046_jpeg_high.jpg,originals\clothing\CLO_046.jpg,jpeg,high
degraded\clothing\047_blur_low.jpg,originals\clothing\CLO_047.jpg,blur,low
degraded\clothing\047_blur_medium.jpg,originals\clothing\CLO_047.jpg,blur,medium
degraded\clothing\047_blur_high.jpg,originals\clothing\CLO_047.jpg,blur,high
degraded\clothing\047_underexposure_low.jpg,originals\clothing\CLO_047.jpg,underexposure,low
degraded\clothing\047_underexposure_medium.jpg,originals\clothing\CLO_047.jpg,underexposure,medium
degraded\clothing\047_underexposure_high.jpg,originals\clothing\CLO_047.jpg,underexposure,high
degraded\clothing\047_overexposure_low.jpg,originals\clothing\CLO_047.jpg,overexposure,low
degraded\clothing\047_overexposure_medium.jpg,originals\clothing\CLO_047.jpg,overexposure,medium
degraded\clothing\047_overexposure_high.jpg,originals\clothing\CLO_047.jpg,overexposure,high
degraded\clothing\047_bad_crop_low.jpg,originals\clothing\CLO_047.jpg,bad_crop,low
degraded\clothing\047_bad_crop_medium.jpg,originals\clothing\CLO_047.jpg,bad_crop,medium
degraded\clothing\047_bad_crop_high.jpg,originals\clothing\CLO_047.jpg,bad_crop,high
degraded\clothing\047_lowres_low.jpg,originals\clothing\CLO_047.jpg,lowres,low
degraded\clothing\047_lowres_medium.jpg,originals\clothing\CLO_047.jpg,lowres,medium
degraded\clothing\047_lowres_high.jpg,originals\clothing\CLO_047.jpg,lowres,high
degraded\clothing\047_jpeg_low.jpg,originals\clothing\CLO_047.jpg,jpeg,low
degraded\clothing\047_jpeg_medium.jpg,originals\clothing\CLO_047.jpg,jpeg,medium
degraded\clothing\047_jpeg_high.jpg,originals\clothing\CLO_047.jpg,jpeg,high
degraded\clothing\048_blur_low.jpg,originals\clothing\CLO_048.jpg,blur,low
degraded\clothing\048_blur_medium.jpg,originals\clothing\CLO_048.jpg,blur,medium
degraded\clothing\048_blur_high.jpg,originals\clothing\CLO_048.jpg,blur,high
degraded\clothing\048_underexposure_low.jpg,originals\clothing\CLO_048.jpg,underexposure,low
degraded\clothing\048_underexposure_medium.jpg,originals\clothing\CLO_048.jpg,underexposure,medium
degraded\clothing\048_underexposure_high.jpg,originals\clothing\CLO_048.jpg,underexposure,high
degraded\clothing\048_overexposure_low.jpg,originals\clothing\CLO_048.jpg,overexposure,low
degraded\clothing\048_overexposure_medium.jpg,originals\clothing\CLO_048.jpg,overexposure,medium
degraded\clothing\048_overexposure_high.jpg,originals\clothing\CLO_048.jpg,overexposure,high
degraded\clothing\048_bad_crop_low.jpg,originals\clothing\CLO_048.jpg,bad_crop,low
degraded\clothing\048_bad_crop_medium.jpg,originals\clothing\CLO_048.jpg,bad_crop,medium
degraded\clothing\048_bad_crop_high.jpg,originals\clothing\CLO_048.jpg,bad_crop,high
degraded\clothing\048_lowres_low.jpg,originals\clothing\CLO_048.jpg,lowres,low
degraded\clothing\048_lowres_medium.jpg,originals\clothing\CLO_048.jpg,lowres,medium
degraded\clothing\048_lowres_high.jpg,originals\clothing\CLO_048.jpg,lowres,high
degraded\clothing\048_jpeg_low.jpg,originals\clothing\CLO_048.jpg,jpeg,low
degraded\clothing\048_jpeg_medium.jpg,originals\clothing\CLO_048.jpg,jpeg,medium
degraded\clothing\048_jpeg_high.jpg,originals\clothing\CLO_048.jpg,jpeg,high
degraded\clothing\049_blur_low.jpg,originals\clothing\CLO_049.jpg,blur,low
degraded\clothing\049_blur_medium.jpg,originals\clothing\CLO_049.jpg,blur,medium
degraded\clothing\049_blur_high.jpg,originals\clothing\CLO_049.jpg,blur,high
degraded\clothing\049_underexposure_low.jpg,originals\clothing\CLO_049.jpg,underexposure,low
degraded\clothing\049_underexposure_medium.jpg,originals\clothing\CLO_049.jpg,underexposure,medium
degraded\clothing\049_underexposure_high.jpg,originals\clothing\CLO_049.jpg,underexposure,high
degraded\clothing\049_overexposure_low.jpg,originals\clothing\CLO_049.jpg,overexposure,low
degraded\clothing\049_overexposure_medium.jpg,originals\clothing\CLO_049.jpg,overexposure,medium
degraded\clothing\049_overexposure_high.jpg,originals\clothing\CLO_049.jpg,overexposure,high
degraded\clothing\049_bad_crop_low.jpg,originals\clothing\CLO_049.jpg,bad_crop,low
degraded\clothing\049_bad_crop_medium.jpg,originals\clothing\CLO_049.jpg,bad_crop,medium
degraded\clothing\049_bad_crop_high.jpg,originals\clothing\CLO_049.jpg,bad_crop,high
degraded\clothing\049_lowres_low.jpg,originals\clothing\CLO_049.jpg,lowres,low
degraded\clothing\049_lowres_medium.jpg,originals\clothing\CLO_049.jpg,lowres,medium
degraded\clothing\049_lowres_high.jpg,originals\clothing\CLO_049.jpg,lowres,high
degraded\clothing\049_jpeg_low.jpg,originals\clothing\CLO_049.jpg,jpeg,low
degraded\clothing\049_jpeg_medium.jpg,originals\clothing\CLO_049.jpg,jpeg,medium
degraded\clothing\049_jpeg_high.jpg,originals\clothing\CLO_049.jpg,jpeg,high
degraded\clothing\050_blur_low.jpg,originals\clothing\CLO_050.jpg,blur,low
degraded\clothing\050_blur_medium.jpg,originals\clothing\CLO_050.jpg,blur,medium
degraded\clothing\050_blur_high.jpg,originals\clothing\CLO_050.jpg,blur,high
degraded\clothing\050_underexposure_low.jpg,originals\clothing\CLO_050.jpg,underexposure,low
degraded\clothing\050_underexposure_medium.jpg,originals\clothing\CLO_050.jpg,underexposure,medium
degraded\clothing\050_underexposure_high.jpg,originals\clothing\CLO_050.jpg,underexposure,high
degraded\clothing\050_overexposure_low.jpg,originals\clothing\CLO_050.jpg,overexposure,low
degraded\clothing\050_overexposure_medium.jpg,originals\clothing\CLO_050.jpg,overexposure,medium
degraded\clothing\050_overexposure_high.jpg,originals\clothing\CLO_050.jpg,overexposure,high
degraded\clothing\050_bad_crop_low.jpg,originals\clothing\CLO_050.jpg,bad_crop,low
degraded\clothing\050_bad_crop_medium.jpg,originals\clothing\CLO_050.jpg,bad_crop,medium
degraded\clothing\050_bad_crop_high.jpg,originals\clothing\CLO_050.jpg,bad_crop,high
degraded\clothing\050_lowres_low.jpg,originals\clothing\CLO_050.jpg,lowres,low
degraded\clothing\050_lowres_medium.jpg,originals\clothing\CLO_050.jpg,lowres,medium
degraded\clothing\050_lowres_high.jpg,originals\clothing\CLO_050.jpg,lowres,high
degraded\clothing\050_jpeg_low.jpg,originals\clothing\CLO_050.jpg,jpeg,low
degraded\clothing\050_jpeg_medium.jpg,originals\clothing\CLO_050.jpg,jpeg,medium
degraded\clothing\050_jpeg_high.jpg,originals\clothing\CLO_050.jpg,jpeg,high
degraded\clothing\051_blur_low.jpg,originals\clothing\CLO_051.jpg,blur,low
degraded\clothing\051_blur_medium.jpg,originals\clothing\CLO_051.jpg,blur,medium
degraded\clothing\051_blur_high.jpg,originals\clothing\CLO_051.jpg,blur,high
degraded\clothing\051_underexposure_low.jpg,originals\clothing\CLO_051.jpg,underexposure,low
degraded\clothing\051_underexposure_medium.jpg,originals\clothing\CLO_051.jpg,underexposure,medium
degraded\clothing\051_underexposure_high.jpg,originals\clothing\CLO_051.jpg,underexposure,high
degraded\clothing\051_overexposure_low.jpg,originals\clothing\CLO_051.jpg,overexposure,low
degraded\clothing\051_overexposure_medium.jpg,originals\clothing\CLO_051.jpg,overexposure,medium
degraded\clothing\051_overexposure_high.jpg,originals\clothing\CLO_051.jpg,overexposure,high
degraded\clothing\051_bad_crop_low.jpg,originals\clothing\CLO_051.jpg,bad_crop,low
degraded\clothing\051_bad_crop_medium.jpg,originals\clothing\CLO_051.jpg,bad_crop,medium
degraded\clothing\051_bad_crop_high.jpg,originals\clothing\CLO_051.jpg,bad_crop,high
degraded\clothing\051_lowres_low.jpg,originals\clothing\CLO_051.jpg,lowres,low
degraded\clothing\051_lowres_medium.jpg,originals\clothing\CLO_051.jpg,lowres,medium
degraded\clothing\051_lowres_high.jpg,originals\clothing\CLO_051.jpg,lowres,high
degraded\clothing\051_jpeg_low.jpg,originals\clothing\CLO_051.jpg,jpeg,low
degraded\clothing\051_jpeg_medium.jpg,originals\clothing\CLO_051.jpg,jpeg,medium
degraded\clothing\051_jpeg_high.jpg,originals\clothing\CLO_051.jpg,jpeg,high
degraded\clothing\052_blur_low.jpg,originals\clothing\CLO_052.jpg,blur,low
degraded\clothing\052_blur_medium.jpg,originals\clothing\CLO_052.jpg,blur,medium
degraded\clothing\052_blur_high.jpg,originals\clothing\CLO_052.jpg,blur,high
degraded\clothing\052_underexposure_low.jpg,originals\clothing\CLO_052.jpg,underexposure,low
degraded\clothing\052_underexposure_medium.jpg,originals\clothing\CLO_052.jpg,underexposure,medium
degraded\clothing\052_underexposure_high.jpg,originals\clothing\CLO_052.jpg,underexposure,high
degraded\clothing\052_overexposure_low.jpg,originals\clothing\CLO_052.jpg,overexposure,low
degraded\clothing\052_overexposure_medium.jpg,originals\clothing\CLO_052.jpg,overexposure,medium
degraded\clothing\052_overexposure_high.jpg,originals\clothing\CLO_052.jpg,overexposure,high
degraded\clothing\052_bad_crop_low.jpg,originals\clothing\CLO_052.jpg,bad_crop,low
degraded\clothing\052_bad_crop_medium.jpg,originals\clothing\CLO_052.jpg,bad_crop,medium
degraded\clothing\052_bad_crop_high.jpg,originals\clothing\CLO_052.jpg,bad_crop,high
degraded\clothing\052_lowres_low.jpg,originals\clothing\CLO_052.jpg,lowres,low
degraded\clothing\052_lowres_medium.jpg,originals\clothing\CLO_052.jpg,lowres,medium
degraded\clothing\052_lowres_high.jpg,originals\clothing\CLO_052.jpg,lowres,high
degraded\clothing\052_jpeg_low.jpg,originals\clothing\CLO_052.jpg,jpeg,low
degraded\clothing\052_jpeg_medium.jpg,originals\clothing\CLO_052.jpg,jpeg,medium
degraded\clothing\052_jpeg_high.jpg,originals\clothing\CLO_052.jpg,jpeg,high
degraded\clothing\053_blur_low.jpg,originals\clothing\CLO_053.jpg,blur,low
degraded\clothing\053_blur_medium.jpg,originals\clothing\CLO_053.jpg,blur,medium
degraded\clothing\053_blur_high.jpg,originals\clothing\CLO_053.jpg,blur,high
degraded\clothing\053_underexposure_low.jpg,originals\clothing\CLO_053.jpg,underexposure,low
degraded\clothing\053_underexposure_medium.jpg,originals\clothing\CLO_053.jpg,underexposure,medium
degraded\clothing\053_underexposure_high.jpg,originals\clothing\CLO_053.jpg,underexposure,high
degraded\clothing\053_overexposure_low.jpg,originals\clothing\CLO_053.jpg,overexposure,low
degraded\clothing\053_overexposure_medium.jpg,originals\clothing\CLO_053.jpg,overexposure,medium
degraded\clothing\053_overexposure_high.jpg,originals\clothing\CLO_053.jpg,overexposure,high
degraded\clothing\053_bad_crop_low.jpg,originals\clothing\CLO_053.jpg,bad_crop,low
degraded\clothing\053_bad_crop_medium.jpg,originals\clothing\CLO_053.jpg,bad_crop,medium
degraded\clothing\053_bad_crop_high.jpg,originals\clothing\CLO_053.jpg,bad_crop,high
degraded\clothing\053_lowres_low.jpg,originals\clothing\CLO_053.jpg,lowres,low
degraded\clothing\053_lowres_medium.jpg,originals\clothing\CLO_053.jpg,lowres,medium
degraded\clothing\053_lowres_high.jpg,originals\clothing\CLO_053.jpg,lowres,high
degraded\clothing\053_jpeg_low.jpg,originals\clothing\CLO_053.jpg,jpeg,low
degraded\clothing\053_jpeg_medium.jpg,originals\clothing\CLO_053.jpg,jpeg,medium
degraded\clothing\053_jpeg_high.jpg,originals\clothing\CLO_053.jpg,jpeg,high
degraded\clothing\054_blur_low.jpg,originals\clothing\CLO_054.jpg,blur,low
degraded\clothing\054_blur_medium.jpg,originals\clothing\CLO_054.jpg,blur,medium
degraded\clothing\054_blur_high.jpg,originals\clothing\CLO_054.jpg,blur,high
degraded\clothing\054_underexposure_low.jpg,originals\clothing\CLO_054.jpg,underexposure,low
degraded\clothing\054_underexposure_medium.jpg,originals\clothing\CLO_054.jpg,underexposure,medium
degraded\clothing\054_underexposure_high.jpg,originals\clothing\CLO_054.jpg,underexposure,high
degraded\clothing\054_overexposure_low.jpg,originals\clothing\CLO_054.jpg,overexposure,low
degraded\clothing\054_overexposure_medium.jpg,originals\clothing\CLO_054.jpg,overexposure,medium
degraded\clothing\054_overexposure_high.jpg,originals\clothing\CLO_054.jpg,overexposure,high
degraded\clothing\054_bad_crop_low.jpg,originals\clothing\CLO_054.jpg,bad_crop,low
degraded\clothing\054_bad_crop_medium.jpg,originals\clothing\CLO_054.jpg,bad_crop,medium
degraded\clothing\054_bad_crop_high.jpg,originals\clothing\CLO_054.jpg,bad_crop,high
degraded\clothing\054_lowres_low.jpg,originals\clothing\CLO_054.jpg,lowres,low
degraded\clothing\054_lowres_medium.jpg,originals\clothing\CLO_054.jpg,lowres,medium
degraded\clothing\054_lowres_high.jpg,originals\clothing\CLO_054.jpg,lowres,high
degraded\clothing\054_jpeg_low.jpg,originals\clothing\CLO_054.jpg,jpeg,low
degraded\clothing\054_jpeg_medium.jpg,originals\clothing\CLO_054.jpg,jpeg,medium
degraded\clothing\054_jpeg_high.jpg,originals\clothing\CLO_054.jpg,jpeg,high
degraded\clothing\055_blur_low.jpg,originals\clothing\CLO_055.jpg,blur,low
degraded\clothing\055_blur_medium.jpg,originals\clothing\CLO_055.jpg,blur,medium
degraded\clothing\055_blur_high.jpg,originals\clothing\CLO_055.jpg,blur,high
degraded\clothing\055_underexposure_low.jpg,originals\clothing\CLO_055.jpg,underexposure,low
degraded\clothing\055_underexposure_medium.jpg,originals\clothing\CLO_055.jpg,underexposure,medium
degraded\clothing\055_underexposure_high.jpg,originals\clothing\CLO_055.jpg,underexposure,high
degraded\clothing\055_overexposure_low.jpg,originals\clothing\CLO_055.jpg,overexposure,low
degraded\clothing\055_overexposure_medium.jpg,originals\clothing\CLO_055.jpg,overexposure,medium
degraded\clothing\055_overexposure_high.jpg,originals\clothing\CLO_055.jpg,overexposure,high
degraded\clothing\055_bad_crop_low.jpg,originals\clothing\CLO_055.jpg,bad_crop,low
degraded\clothing\055_bad_crop_medium.jpg,originals\clothing\CLO_055.jpg,bad_crop,medium
degraded\clothing\055_bad_crop_high.jpg,originals\clothing\CLO_055.jpg,bad_crop,high
degraded\clothing\055_lowres_low.jpg,originals\clothing\CLO_055.jpg,lowres,low
degraded\clothing\055_lowres_medium.jpg,originals\clothing\CLO_055.jpg,lowres,medium
degraded\clothing\055_lowres_high.jpg,originals\clothing\CLO_055.jpg,lowres,high
degraded\clothing\055_jpeg_low.jpg,originals\clothing\CLO_055.jpg,jpeg,low
degraded\clothing\055_jpeg_medium.jpg,originals\clothing\CLO_055.jpg,jpeg,medium
degraded\clothing\055_jpeg_high.jpg,originals\clothing\CLO_055.jpg,jpeg,high
degraded\clothing\056_blur_low.jpg,originals\clothing\CLO_056.jpg,blur,low
degraded\clothing\056_blur_medium.jpg,originals\clothing\CLO_056.jpg,blur,medium
degraded\clothing\056_blur_high.jpg,originals\clothing\CLO_056.jpg,blur,high
degraded\clothing\056_underexposure_low.jpg,originals\clothing\CLO_056.jpg,underexposure,low
degraded\clothing\056_underexposure_medium.jpg,originals\clothing\CLO_056.jpg,underexposure,medium
degraded\clothing\056_underexposure_high.jpg,originals\clothing\CLO_056.jpg,underexposure,high
degraded\clothing\056_overexposure_low.jpg,originals\clothing\CLO_056.jpg,overexposure,low
degraded\clothing\056_overexposure_medium.jpg,originals\clothing\CLO_056.jpg,overexposure,medium
degraded\clothing\056_overexposure_high.jpg,originals\clothing\CLO_056.jpg,overexposure,high
degraded\clothing\056_bad_crop_low.jpg,originals\clothing\CLO_056.jpg,bad_crop,low
degraded\clothing\056_bad_crop_medium.jpg,originals\clothing\CLO_056.jpg,bad_crop,medium
degraded\clothing\056_bad_crop_high.jpg,originals\clothing\CLO_056.jpg,bad_crop,high
degraded\clothing\056_lowres_low.jpg,originals\clothing\CLO_056.jpg,lowres,low
degraded\clothing\056_lowres_medium.jpg,originals\clothing\CLO_056.jpg,lowres,medium
degraded\clothing\056_lowres_high.jpg,originals\clothing\CLO_056.jpg,lowres,high
degraded\clothing\056_jpeg_low.jpg,originals\clothing\CLO_056.jpg,jpeg,low
degraded\clothing\056_jpeg_medium.jpg,originals\clothing\CLO_056.jpg,jpeg,medium
degraded\clothing\056_jpeg_high.jpg,originals\clothing\CLO_056.jpg,jpeg,high
degraded\clothing\057_blur_low.jpg,originals\clothing\CLO_057.jpg,blur,low
degraded\clothing\057_blur_medium.jpg,originals\clothing\CLO_057.jpg,blur,medium
degraded\clothing\057_blur_high.jpg,originals\clothing\CLO_057.jpg,blur,high
degraded\clothing\057_underexposure_low.jpg,originals\clothing\CLO_057.jpg,underexposure,low
degraded\clothing\057_underexposure_medium.jpg,originals\clothing\CLO_057.jpg,underexposure,medium
degraded\clothing\057_underexposure_high.jpg,originals\clothing\CLO_057.jpg,underexposure,high
degraded\clothing\057_overexposure_low.jpg,originals\clothing\CLO_057.jpg,overexposure,low
degraded\clothing\057_overexposure_medium.jpg,originals\clothing\CLO_057.jpg,overexposure,medium
degraded\clothing\057_overexposure_high.jpg,originals\clothing\CLO_057.jpg,overexposure,high
degraded\clothing\057_bad_crop_low.jpg,originals\clothing\CLO_057.jpg,bad_crop,low
degraded\clothing\057_bad_crop_medium.jpg,originals\clothing\CLO_057.jpg,bad_crop,medium
degraded\clothing\057_bad_crop_high.jpg,originals\clothing\CLO_057.jpg,bad_crop,high
degraded\clothing\057_lowres_low.jpg,originals\clothing\CLO_057.jpg,lowres,low
degraded\clothing\057_lowres_medium.jpg,originals\clothing\CLO_057.jpg,lowres,medium
degraded\clothing\057_lowres_high.jpg,originals\clothing\CLO_057.jpg,lowres,high
degraded\clothing\057_jpeg_low.jpg,originals\clothing\CLO_057.jpg,jpeg,low
degraded\clothing\057_jpeg_medium.jpg,originals\clothing\CLO_057.jpg,jpeg,medium
degraded\clothing\057_jpeg_high.jpg,originals\clothing\CLO_057.jpg,jpeg,high
degraded\clothing\058_blur_low.jpg,originals\clothing\CLO_058.jpg,blur,low
degraded\clothing\058_blur_medium.jpg,originals\clothing\CLO_058.jpg,blur,medium
degraded\clothing\058_blur_high.jpg,originals\clothing\CLO_058.jpg,blur,high
degraded\clothing\058_underexposure_low.jpg,originals\clothing\CLO_058.jpg,underexposure,low
degraded\clothing\058_underexposure_medium.jpg,originals\clothing\CLO_058.jpg,underexposure,medium
degraded\clothing\058_underexposure_high.jpg,originals\clothing\CLO_058.jpg,underexposure,high
degraded\clothing\058_overexposure_low.jpg,originals\clothing\CLO_058.jpg,overexposure,low
degraded\clothing\058_overexposure_medium.jpg,originals\clothing\CLO_058.jpg,overexposure,medium
degraded\clothing\058_overexposure_high.jpg,originals\clothing\CLO_058.jpg,overexposure,high
degraded\clothing\058_bad_crop_low.jpg,originals\clothing\CLO_058.jpg,bad_crop,low
degraded\clothing\058_bad_crop_medium.jpg,originals\clothing\CLO_058.jpg,bad_crop,medium
degraded\clothing\058_bad_crop_high.jpg,originals\clothing\CLO_058.jpg,bad_crop,high
degraded\clothing\058_lowres_low.jpg,originals\clothing\CLO_058.jpg,lowres,low
degraded\clothing\058_lowres_medium.jpg,originals\clothing\CLO_058.jpg,lowres,medium
degraded\clothing\058_lowres_high.jpg,originals\clothing\CLO_058.jpg,lowres,high
degraded\clothing\058_jpeg_low.jpg,originals\clothing\CLO_058.jpg,jpeg,low
degraded\clothing\058_jpeg_medium.jpg,originals\clothing\CLO_058.jpg,jpeg,medium
degraded\clothing\058_jpeg_high.jpg,originals\clothing\CLO_058.jpg,jpeg,high
degraded\clothing\059_blur_low.jpg,originals\clothing\CLO_059.jpg,blur,low
degraded\clothing\059_blur_medium.jpg,originals\clothing\CLO_059.jpg,blur,medium
degraded\clothing\059_blur_high.jpg,originals\clothing\CLO_059.jpg,blur,high
degraded\clothing\059_underexposure_low.jpg,originals\clothing\CLO_059.jpg,underexposure,low
degraded\clothing\059_underexposure_medium.jpg,originals\clothing\CLO_059.jpg,underexposure,medium
degraded\clothing\059_underexposure_high.jpg,originals\clothing\CLO_059.jpg,underexposure,high
degraded\clothing\059_overexposure_low.jpg,originals\clothing\CLO_059.jpg,overexposure,low
degraded\clothing\059_overexposure_medium.jpg,originals\clothing\CLO_059.jpg,overexposure,medium
degraded\clothing\059_overexposure_high.jpg,originals\clothing\CLO_059.jpg,overexposure,high
degraded\clothing\059_bad_crop_low.jpg,originals\clothing\CLO_059.jpg,bad_crop,low
degraded\clothing\059_bad_crop_medium.jpg,originals\clothing\CLO_059.jpg,bad_crop,medium
degraded\clothing\059_bad_crop_high.jpg,originals\clothing\CLO_059.jpg,bad_crop,high
degraded\clothing\059_lowres_low.jpg,originals\clothing\CLO_059.jpg,lowres,low
degraded\clothing\059_lowres_medium.jpg,originals\clothing\CLO_059.jpg,lowres,medium
degraded\clothing\059_lowres_high.jpg,originals\clothing\CLO_059.jpg,lowres,high
degraded\clothing\059_jpeg_low.jpg,originals\clothing\CLO_059.jpg,jpeg,low
degraded\clothing\059_jpeg_medium.jpg,originals\clothing\CLO_059.jpg,jpeg,medium
degraded\clothing\059_jpeg_high.jpg,originals\clothing\CLO_059.jpg,jpeg,high
degraded\clothing\060_blur_low.jpg,originals\clothing\CLO_060.jpg,blur,low
degraded\clothing\060_blur_medium.jpg,originals\clothing\CLO_060.jpg,blur,medium
degraded\clothing\060_blur_high.jpg,originals\clothing\CLO_060.jpg,blur,high
degraded\clothing\060_underexposure_low.jpg,originals\clothing\CLO_060.jpg,underexposure,low
degraded\clothing\060_underexposure_medium.jpg,originals\clothing\CLO_060.jpg,underexposure,medium
degraded\clothing\060_underexposure_high.jpg,originals\clothing\CLO_060.jpg,underexposure,high
degraded\clothing\060_overexposure_low.jpg,originals\clothing\CLO_060.jpg,overexposure,low
degraded\clothing\060_overexposure_medium.jpg,originals\clothing\CLO_060.jpg,overexposure,medium
degraded\clothing\060_overexposure_high.jpg,originals\clothing\CLO_060.jpg,overexposure,high
degraded\clothing\060_bad_crop_low.jpg,originals\clothing\CLO_060.jpg,bad_crop,low
degraded\clothing\060_bad_crop_medium.jpg,originals\clothing\CLO_060.jpg,bad_crop,medium
degraded\clothing\060_bad_crop_high.jpg,originals\clothing\CLO_060.jpg,bad_crop,high
degraded\clothing\060_lowres_low.jpg,originals\clothing\CLO_060.jpg,lowres,low
degraded\clothing\060_lowres_medium.jpg,originals\clothing\CLO_060.jpg,lowres,medium
degraded\clothing\060_lowres_high.jpg,originals\clothing\CLO_060.jpg,lowres,high
degraded\clothing\060_jpeg_low.jpg,originals\clothing\CLO_060.jpg,jpeg,low
degraded\clothing\060_jpeg_medium.jpg,originals\clothing\CLO_060.jpg,jpeg,medium
degraded\clothing\060_jpeg_high.jpg,originals\clothing\CLO_060.jpg,jpeg,high
degraded\portable_electronics\061_blur_low.jpg,originals\portable_electronics\POR_001.jpg,blur,low
degraded\portable_electronics\061_blur_medium.jpg,originals\portable_electronics\POR_001.jpg,blur,medium
degraded\portable_electronics\061_blur_high.jpg,originals\portable_electronics\POR_001.jpg,blur,high
degraded\portable_electronics\061_underexposure_low.jpg,originals\portable_electronics\POR_001.jpg,underexposure,low
degraded\portable_electronics\061_underexposure_medium.jpg,originals\portable_electronics\POR_001.jpg,underexposure,medium
degraded\portable_electronics\061_underexposure_high.jpg,originals\portable_electronics\POR_001.jpg,underexposure,high
degraded\portable_electronics\061_overexposure_low.jpg,originals\portable_electronics\POR_001.jpg,overexposure,low
degraded\portable_electronics\061_overexposure_medium.jpg,originals\portable_electronics\POR_001.jpg,overexposure,medium
degraded\portable_electronics\061_overexposure_high.jpg,originals\portable_electronics\POR_001.jpg,overexposure,high
degraded\portable_electronics\061_bad_crop_low.jpg,originals\portable_electronics\POR_001.jpg,bad_crop,low
degraded\portable_electronics\061_bad_crop_medium.jpg,originals\portable_electronics\POR_001.jpg,bad_crop,medium
degraded\portable_electronics\061_bad_crop_high.jpg,originals\portable_electronics\POR_001.jpg,bad_crop,high
degraded\portable_electronics\061_lowres_low.jpg,originals\portable_electronics\POR_001.jpg,lowres,low
degraded\portable_electronics\061_lowres_medium.jpg,originals\portable_electronics\POR_001.jpg,lowres,medium
degraded\portable_electronics\061_lowres_high.jpg,originals\portable_electronics\POR_001.jpg,lowres,high
degraded\portable_electronics\061_jpeg_low.jpg,originals\portable_electronics\POR_001.jpg,jpeg,low
degraded\portable_electronics\061_jpeg_medium.jpg,originals\portable_electronics\POR_001.jpg,jpeg,medium
degraded\portable_electronics\061_jpeg_high.jpg,originals\portable_electronics\POR_001.jpg,jpeg,high
degraded\portable_electronics\062_blur_low.jpg,originals\portable_electronics\POR_002.jpg,blur,low
degraded\portable_electronics\062_blur_medium.jpg,originals\portable_electronics\POR_002.jpg,blur,medium
degraded\portable_electronics\062_blur_high.jpg,originals\portable_electronics\POR_002.jpg,blur,high
degraded\portable_electronics\062_underexposure_low.jpg,originals\portable_electronics\POR_002.jpg,underexposure,low
degraded\portable_electronics\062_underexposure_medium.jpg,originals\portable_electronics\POR_002.jpg,underexposure,medium
degraded\portable_electronics\062_underexposure_high.jpg,originals\portable_electronics\POR_002.jpg,underexposure,high
degraded\portable_electronics\062_overexposure_low.jpg,originals\portable_electronics\POR_002.jpg,overexposure,low
degraded\portable_electronics\062_overexposure_medium.jpg,originals\portable_electronics\POR_002.jpg,overexposure,medium
degraded\portable_electronics\062_overexposure_high.jpg,originals\portable_electronics\POR_002.jpg,overexposure,high
degraded\portable_electronics\062_bad_crop_low.jpg,originals\portable_electronics\POR_002.jpg,bad_crop,low
degraded\portable_electronics\062_bad_crop_medium.jpg,originals\portable_electronics\POR_002.jpg,bad_crop,medium
degraded\portable_electronics\062_bad_crop_high.jpg,originals\portable_electronics\POR_002.jpg,bad_crop,high
degraded\portable_electronics\062_lowres_low.jpg,originals\portable_electronics\POR_002.jpg,lowres,low
degraded\portable_electronics\062_lowres_medium.jpg,originals\portable_electronics\POR_002.jpg,lowres,medium
degraded\portable_electronics\062_lowres_high.jpg,originals\portable_electronics\POR_002.jpg,lowres,high
degraded\portable_electronics\062_jpeg_low.jpg,originals\portable_electronics\POR_002.jpg,jpeg,low
degraded\portable_electronics\062_jpeg_medium.jpg,originals\portable_electronics\POR_002.jpg,jpeg,medium
degraded\portable_electronics\062_jpeg_high.jpg,originals\portable_electronics\POR_002.jpg,jpeg,high
degraded\portable_electronics\063_blur_low.jpg,originals\portable_electronics\POR_003.jpg,blur,low
degraded\portable_electronics\063_blur_medium.jpg,originals\portable_electronics\POR_003.jpg,blur,medium
degraded\portable_electronics\063_blur_high.jpg,originals\portable_electronics\POR_003.jpg,blur,high
degraded\portable_electronics\063_underexposure_low.jpg,originals\portable_electronics\POR_003.jpg,underexposure,low
degraded\portable_electronics\063_underexposure_medium.jpg,originals\portable_electronics\POR_003.jpg,underexposure,medium
degraded\portable_electronics\063_underexposure_high.jpg,originals\portable_electronics\POR_003.jpg,underexposure,high
degraded\portable_electronics\063_overexposure_low.jpg,originals\portable_electronics\POR_003.jpg,overexposure,low
degraded\portable_electronics\063_overexposure_medium.jpg,originals\portable_electronics\POR_003.jpg,overexposure,medium
degraded\portable_electronics\063_overexposure_high.jpg,originals\portable_electronics\POR_003.jpg,overexposure,high
degraded\portable_electronics\063_bad_crop_low.jpg,originals\portable_electronics\POR_003.jpg,bad_crop,low
degraded\portable_electronics\063_bad_crop_medium.jpg,originals\portable_electronics\POR_003.jpg,bad_crop,medium
degraded\portable_electronics\063_bad_crop_high.jpg,originals\portable_electronics\POR_003.jpg,bad_crop,high
degraded\portable_electronics\063_lowres_low.jpg,originals\portable_electronics\POR_003.jpg,lowres,low
degraded\portable_electronics\063_lowres_medium.jpg,originals\portable_electronics\POR_003.jpg,lowres,medium
degraded\portable_electronics\063_lowres_high.jpg,originals\portable_electronics\POR_003.jpg,lowres,high
degraded\portable_electronics\063_jpeg_low.jpg,originals\portable_electronics\POR_003.jpg,jpeg,low
degraded\portable_electronics\063_jpeg_medium.jpg,originals\portable_electronics\POR_003.jpg,jpeg,medium
degraded\portable_electronics\063_jpeg_high.jpg,originals\portable_electronics\POR_003.jpg,jpeg,high
degraded\portable_electronics\064_blur_low.jpg,originals\portable_electronics\POR_004.jpg,blur,low
degraded\portable_electronics\064_blur_medium.jpg,originals\portable_electronics\POR_004.jpg,blur,medium
degraded\portable_electronics\064_blur_high.jpg,originals\portable_electronics\POR_004.jpg,blur,high
degraded\portable_electronics\064_underexposure_low.jpg,originals\portable_electronics\POR_004.jpg,underexposure,low
degraded\portable_electronics\064_underexposure_medium.jpg,originals\portable_electronics\POR_004.jpg,underexposure,medium
degraded\portable_electronics\064_underexposure_high.jpg,originals\portable_electronics\POR_004.jpg,underexposure,high
degraded\portable_electronics\064_overexposure_low.jpg,originals\portable_electronics\POR_004.jpg,overexposure,low
degraded\portable_electronics\064_overexposure_medium.jpg,originals\portable_electronics\POR_004.jpg,overexposure,medium
degraded\portable_electronics\064_overexposure_high.jpg,originals\portable_electronics\POR_004.jpg,overexposure,high
degraded\portable_electronics\064_bad_crop_low.jpg,originals\portable_electronics\POR_004.jpg,bad_crop,low
degraded\portable_electronics\064_bad_crop_medium.jpg,originals\portable_electronics\POR_004.jpg,bad_crop,medium
degraded\portable_electronics\064_bad_crop_high.jpg,originals\portable_electronics\POR_004.jpg,bad_crop,high
degraded\portable_electronics\064_lowres_low.jpg,originals\portable_electronics\POR_004.jpg,lowres,low
degraded\portable_electronics\064_lowres_medium.jpg,originals\portable_electronics\POR_004.jpg,lowres,medium
degraded\portable_electronics\064_lowres_high.jpg,originals\portable_electronics\POR_004.jpg,lowres,high
degraded\portable_electronics\064_jpeg_low.jpg,originals\portable_electronics\POR_004.jpg,jpeg,low
degraded\portable_electronics\064_jpeg_medium.jpg,originals\portable_electronics\POR_004.jpg,jpeg,medium
degraded\portable_electronics\064_jpeg_high.jpg,originals\portable_electronics\POR_004.jpg,jpeg,high
degraded\portable_electronics\065_blur_low.jpg,originals\portable_electronics\POR_005.jpg,blur,low
degraded\portable_electronics\065_blur_medium.jpg,originals\portable_electronics\POR_005.jpg,blur,medium
degraded\portable_electronics\065_blur_high.jpg,originals\portable_electronics\POR_005.jpg,blur,high
degraded\portable_electronics\065_underexposure_low.jpg,originals\portable_electronics\POR_005.jpg,underexposure,low
degraded\portable_electronics\065_underexposure_medium.jpg,originals\portable_electronics\POR_005.jpg,underexposure,medium
degraded\portable_electronics\065_underexposure_high.jpg,originals\portable_electronics\POR_005.jpg,underexposure,high
degraded\portable_electronics\065_overexposure_low.jpg,originals\portable_electronics\POR_005.jpg,overexposure,low
degraded\portable_electronics\065_overexposure_medium.jpg,originals\portable_electronics\POR_005.jpg,overexposure,medium
degraded\portable_electronics\065_overexposure_high.jpg,originals\portable_electronics\POR_005.jpg,overexposure,high
degraded\portable_electronics\065_bad_crop_low.jpg,originals\portable_electronics\POR_005.jpg,bad_crop,low
degraded\portable_electronics\065_bad_crop_medium.jpg,originals\portable_electronics\POR_005.jpg,bad_crop,medium
degraded\portable_electronics\065_bad_crop_high.jpg,originals\portable_electronics\POR_005.jpg,bad_crop,high
degraded\portable_electronics\065_lowres_low.jpg,originals\portable_electronics\POR_005.jpg,lowres,low
degraded\portable_electronics\065_lowres_medium.jpg,originals\portable_electronics\POR_005.jpg,lowres,medium
degraded\portable_electronics\065_lowres_high.jpg,originals\portable_electronics\POR_005.jpg,lowres,high
degraded\portable_electronics\065_jpeg_low.jpg,originals\portable_electronics\POR_005.jpg,jpeg,low
degraded\portable_electronics\065_jpeg_medium.jpg,originals\portable_electronics\POR_005.jpg,jpeg,medium
degraded\portable_electronics\065_jpeg_high.jpg,originals\portable_electronics\POR_005.jpg,jpeg,high
degraded\portable_electronics\066_blur_low.jpg,originals\portable_electronics\POR_006.jpg,blur,low
degraded\portable_electronics\066_blur_medium.jpg,originals\portable_electronics\POR_006.jpg,blur,medium
degraded\portable_electronics\066_blur_high.jpg,originals\portable_electronics\POR_006.jpg,blur,high
degraded\portable_electronics\066_underexposure_low.jpg,originals\portable_electronics\POR_006.jpg,underexposure,low
degraded\portable_electronics\066_underexposure_medium.jpg,originals\portable_electronics\POR_006.jpg,underexposure,medium
degraded\portable_electronics\066_underexposure_high.jpg,originals\portable_electronics\POR_006.jpg,underexposure,high
degraded\portable_electronics\066_overexposure_low.jpg,originals\portable_electronics\POR_006.jpg,overexposure,low
degraded\portable_electronics\066_overexposure_medium.jpg,originals\portable_electronics\POR_006.jpg,overexposure,medium
degraded\portable_electronics\066_overexposure_high.jpg,originals\portable_electronics\POR_006.jpg,overexposure,high
degraded\portable_electronics\066_bad_crop_low.jpg,originals\portable_electronics\POR_006.jpg,bad_crop,low
degraded\portable_electronics\066_bad_crop_medium.jpg,originals\portable_electronics\POR_006.jpg,bad_crop,medium
degraded\portable_electronics\066_bad_crop_high.jpg,originals\portable_electronics\POR_006.jpg,bad_crop,high
degraded\portable_electronics\066_lowres_low.jpg,originals\portable_electronics\POR_006.jpg,lowres,low
degraded\portable_electronics\066_lowres_medium.jpg,originals\portable_electronics\POR_006.jpg,lowres,medium
degraded\portable_electronics\066_lowres_high.jpg,originals\portable_electronics\POR_006.jpg,lowres,high
degraded\portable_electronics\066_jpeg_low.jpg,originals\portable_electronics\POR_006.jpg,jpeg,low
degraded\portable_electronics\066_jpeg_medium.jpg,originals\portable_electronics\POR_006.jpg,jpeg,medium
degraded\portable_electronics\066_jpeg_high.jpg,originals\portable_electronics\POR_006.jpg,jpeg,high
degraded\portable_electronics\067_blur_low.jpg,originals\portable_electronics\POR_007.jpg,blur,low
degraded\portable_electronics\067_blur_medium.jpg,originals\portable_electronics\POR_007.jpg,blur,medium
degraded\portable_electronics\067_blur_high.jpg,originals\portable_electronics\POR_007.jpg,blur,high
degraded\portable_electronics\067_underexposure_low.jpg,originals\portable_electronics\POR_007.jpg,underexposure,low
degraded\portable_electronics\067_underexposure_medium.jpg,originals\portable_electronics\POR_007.jpg,underexposure,medium
degraded\portable_electronics\067_underexposure_high.jpg,originals\portable_electronics\POR_007.jpg,underexposure,high
degraded\portable_electronics\067_overexposure_low.jpg,originals\portable_electronics\POR_007.jpg,overexposure,low
degraded\portable_electronics\067_overexposure_medium.jpg,originals\portable_electronics\POR_007.jpg,overexposure,medium
degraded\portable_electronics\067_overexposure_high.jpg,originals\portable_electronics\POR_007.jpg,overexposure,high
degraded\portable_electronics\067_bad_crop_low.jpg,originals\portable_electronics\POR_007.jpg,bad_crop,low
degraded\portable_electronics\067_bad_crop_medium.jpg,originals\portable_electronics\POR_007.jpg,bad_crop,medium
degraded\portable_electronics\067_bad_crop_high.jpg,originals\portable_electronics\POR_007.jpg,bad_crop,high
degraded\portable_electronics\067_lowres_low.jpg,originals\portable_electronics\POR_007.jpg,lowres,low
degraded\portable_electronics\067_lowres_medium.jpg,originals\portable_electronics\POR_007.jpg,lowres,medium
degraded\portable_electronics\067_lowres_high.jpg,originals\portable_electronics\POR_007.jpg,lowres,high
degraded\portable_electronics\067_jpeg_low.jpg,originals\portable_electronics\POR_007.jpg,jpeg,low
degraded\portable_electronics\067_jpeg_medium.jpg,originals\portable_electronics\POR_007.jpg,jpeg,medium
degraded\portable_electronics\067_jpeg_high.jpg,originals\portable_electronics\POR_007.jpg,jpeg,high
degraded\portable_electronics\068_blur_low.jpg,originals\portable_electronics\POR_008.jpg,blur,low
degraded\portable_electronics\068_blur_medium.jpg,originals\portable_electronics\POR_008.jpg,blur,medium
degraded\portable_electronics\068_blur_high.jpg,originals\portable_electronics\POR_008.jpg,blur,high
degraded\portable_electronics\068_underexposure_low.jpg,originals\portable_electronics\POR_008.jpg,underexposure,low
degraded\portable_electronics\068_underexposure_medium.jpg,originals\portable_electronics\POR_008.jpg,underexposure,medium
degraded\portable_electronics\068_underexposure_high.jpg,originals\portable_electronics\POR_008.jpg,underexposure,high
degraded\portable_electronics\068_overexposure_low.jpg,originals\portable_electronics\POR_008.jpg,overexposure,low
degraded\portable_electronics\068_overexposure_medium.jpg,originals\portable_electronics\POR_008.jpg,overexposure,medium
degraded\portable_electronics\068_overexposure_high.jpg,originals\portable_electronics\POR_008.jpg,overexposure,high
degraded\portable_electronics\068_bad_crop_low.jpg,originals\portable_electronics\POR_008.jpg,bad_crop,low
degraded\portable_electronics\068_bad_crop_medium.jpg,originals\portable_electronics\POR_008.jpg,bad_crop,medium
degraded\portable_electronics\068_bad_crop_high.jpg,originals\portable_electronics\POR_008.jpg,bad_crop,high
degraded\portable_electronics\068_lowres_low.jpg,originals\portable_electronics\POR_008.jpg,lowres,low
degraded\portable_electronics\068_lowres_medium.jpg,originals\portable_electronics\POR_008.jpg,lowres,medium
degraded\portable_electronics\068_lowres_high.jpg,originals\portable_electronics\POR_008.jpg,lowres,high
degraded\portable_electronics\068_jpeg_low.jpg,originals\portable_electronics\POR_008.jpg,jpeg,low
degraded\portable_electronics\068_jpeg_medium.jpg,originals\portable_electronics\POR_008.jpg,jpeg,medium
degraded\portable_electronics\068_jpeg_high.jpg,originals\portable_electronics\POR_008.jpg,jpeg,high
degraded\portable_electronics\069_blur_low.jpg,originals\portable_electronics\POR_009.jpg,blur,low
degraded\portable_electronics\069_blur_medium.jpg,originals\portable_electronics\POR_009.jpg,blur,medium
degraded\portable_electronics\069_blur_high.jpg,originals\portable_electronics\POR_009.jpg,blur,high
degraded\portable_electronics\069_underexposure_low.jpg,originals\portable_electronics\POR_009.jpg,underexposure,low
degraded\portable_electronics\069_underexposure_medium.jpg,originals\portable_electronics\POR_009.jpg,underexposure,medium
degraded\portable_electronics\069_underexposure_high.jpg,originals\portable_electronics\POR_009.jpg,underexposure,high
degraded\portable_electronics\069_overexposure_low.jpg,originals\portable_electronics\POR_009.jpg,overexposure,low
degraded\portable_electronics\069_overexposure_medium.jpg,originals\portable_electronics\POR_009.jpg,overexposure,medium
degraded\portable_electronics\069_overexposure_high.jpg,originals\portable_electronics\POR_009.jpg,overexposure,high
degraded\portable_electronics\069_bad_crop_low.jpg,originals\portable_electronics\POR_009.jpg,bad_crop,low
degraded\portable_electronics\069_bad_crop_medium.jpg,originals\portable_electronics\POR_009.jpg,bad_crop,medium
degraded\portable_electronics\069_bad_crop_high.jpg,originals\portable_electronics\POR_009.jpg,bad_crop,high
degraded\portable_electronics\069_lowres_low.jpg,originals\portable_electronics\POR_009.jpg,lowres,low
degraded\portable_electronics\069_lowres_medium.jpg,originals\portable_electronics\POR_009.jpg,lowres,medium
degraded\portable_electronics\069_lowres_high.jpg,originals\portable_electronics\POR_009.jpg,lowres,high
degraded\portable_electronics\069_jpeg_low.jpg,originals\portable_electronics\POR_009.jpg,jpeg,low
degraded\portable_electronics\069_jpeg_medium.jpg,originals\portable_electronics\POR_009.jpg,jpeg,medium
degraded\portable_electronics\069_jpeg_high.jpg,originals\portable_electronics\POR_009.jpg,jpeg,high
degraded\portable_electronics\070_blur_low.jpg,originals\portable_electronics\POR_010.jpg,blur,low
degraded\portable_electronics\070_blur_medium.jpg,originals\portable_electronics\POR_010.jpg,blur,medium
degraded\portable_electronics\070_blur_high.jpg,originals\portable_electronics\POR_010.jpg,blur,high
degraded\portable_electronics\070_underexposure_low.jpg,originals\portable_electronics\POR_010.jpg,underexposure,low
degraded\portable_electronics\070_underexposure_medium.jpg,originals\portable_electronics\POR_010.jpg,underexposure,medium
degraded\portable_electronics\070_underexposure_high.jpg,originals\portable_electronics\POR_010.jpg,underexposure,high
degraded\portable_electronics\070_overexposure_low.jpg,originals\portable_electronics\POR_010.jpg,overexposure,low
degraded\portable_electronics\070_overexposure_medium.jpg,originals\portable_electronics\POR_010.jpg,overexposure,medium
degraded\portable_electronics\070_overexposure_high.jpg,originals\portable_electronics\POR_010.jpg,overexposure,high
degraded\portable_electronics\070_bad_crop_low.jpg,originals\portable_electronics\POR_010.jpg,bad_crop,low
degraded\portable_electronics\070_bad_crop_medium.jpg,originals\portable_electronics\POR_010.jpg,bad_crop,medium
degraded\portable_electronics\070_bad_crop_high.jpg,originals\portable_electronics\POR_010.jpg,bad_crop,high
degraded\portable_electronics\070_lowres_low.jpg,originals\portable_electronics\POR_010.jpg,lowres,low
degraded\portable_electronics\070_lowres_medium.jpg,originals\portable_electronics\POR_010.jpg,lowres,medium
degraded\portable_electronics\070_lowres_high.jpg,originals\portable_electronics\POR_010.jpg,lowres,high
degraded\portable_electronics\070_jpeg_low.jpg,originals\portable_electronics\POR_010.jpg,jpeg,low
degraded\portable_electronics\070_jpeg_medium.jpg,originals\portable_electronics\POR_010.jpg,jpeg,medium
degraded\portable_electronics\070_jpeg_high.jpg,originals\portable_electronics\POR_010.jpg,jpeg,high
degraded\portable_electronics\071_blur_low.jpg,originals\portable_electronics\POR_011.jpg,blur,low
degraded\portable_electronics\071_blur_medium.jpg,originals\portable_electronics\POR_011.jpg,blur,medium
degraded\portable_electronics\071_blur_high.jpg,originals\portable_electronics\POR_011.jpg,blur,high
degraded\portable_electronics\071_underexposure_low.jpg,originals\portable_electronics\POR_011.jpg,underexposure,low
degraded\portable_electronics\071_underexposure_medium.jpg,originals\portable_electronics\POR_011.jpg,underexposure,medium
degraded\portable_electronics\071_underexposure_high.jpg,originals\portable_electronics\POR_011.jpg,underexposure,high
degraded\portable_electronics\071_overexposure_low.jpg,originals\portable_electronics\POR_011.jpg,overexposure,low
degraded\portable_electronics\071_overexposure_medium.jpg,originals\portable_electronics\POR_011.jpg,overexposure,medium
degraded\portable_electronics\071_overexposure_high.jpg,originals\portable_electronics\POR_011.jpg,overexposure,high
degraded\portable_electronics\071_bad_crop_low.jpg,originals\portable_electronics\POR_011.jpg,bad_crop,low
degraded\portable_electronics\071_bad_crop_medium.jpg,originals\portable_electronics\POR_011.jpg,bad_crop,medium
degraded\portable_electronics\071_bad_crop_high.jpg,originals\portable_electronics\POR_011.jpg,bad_crop,high
degraded\portable_electronics\071_lowres_low.jpg,originals\portable_electronics\POR_011.jpg,lowres,low
degraded\portable_electronics\071_lowres_medium.jpg,originals\portable_electronics\POR_011.jpg,lowres,medium
degraded\portable_electronics\071_lowres_high.jpg,originals\portable_electronics\POR_011.jpg,lowres,high
degraded\portable_electronics\071_jpeg_low.jpg,originals\portable_electronics\POR_011.jpg,jpeg,low
degraded\portable_electronics\071_jpeg_medium.jpg,originals\portable_electronics\POR_011.jpg,jpeg,medium
degraded\portable_electronics\071_jpeg_high.jpg,originals\portable_electronics\POR_011.jpg,jpeg,high
degraded\portable_electronics\072_blur_low.jpg,originals\portable_electronics\POR_012.jpg,blur,low
degraded\portable_electronics\072_blur_medium.jpg,originals\portable_electronics\POR_012.jpg,blur,medium
degraded\portable_electronics\072_blur_high.jpg,originals\portable_electronics\POR_012.jpg,blur,high
degraded\portable_electronics\072_underexposure_low.jpg,originals\portable_electronics\POR_012.jpg,underexposure,low
degraded\portable_electronics\072_underexposure_medium.jpg,originals\portable_electronics\POR_012.jpg,underexposure,medium
degraded\portable_electronics\072_underexposure_high.jpg,originals\portable_electronics\POR_012.jpg,underexposure,high
degraded\portable_electronics\072_overexposure_low.jpg,originals\portable_electronics\POR_012.jpg,overexposure,low
degraded\portable_electronics\072_overexposure_medium.jpg,originals\portable_electronics\POR_012.jpg,overexposure,medium
degraded\portable_electronics\072_overexposure_high.jpg,originals\portable_electronics\POR_012.jpg,overexposure,high
degraded\portable_electronics\072_bad_crop_low.jpg,originals\portable_electronics\POR_012.jpg,bad_crop,low
degraded\portable_electronics\072_bad_crop_medium.jpg,originals\portable_electronics\POR_012.jpg,bad_crop,medium
degraded\portable_electronics\072_bad_crop_high.jpg,originals\portable_electronics\POR_012.jpg,bad_crop,high
degraded\portable_electronics\072_lowres_low.jpg,originals\portable_electronics\POR_012.jpg,lowres,low
degraded\portable_electronics\072_lowres_medium.jpg,originals\portable_electronics\POR_012.jpg,lowres,medium
degraded\portable_electronics\072_lowres_high.jpg,originals\portable_electronics\POR_012.jpg,lowres,high
degraded\portable_electronics\072_jpeg_low.jpg,originals\portable_electronics\POR_012.jpg,jpeg,low
degraded\portable_electronics\072_jpeg_medium.jpg,originals\portable_electronics\POR_012.jpg,jpeg,medium
degraded\portable_electronics\072_jpeg_high.jpg,originals\portable_electronics\POR_012.jpg,jpeg,high
degraded\portable_electronics\073_blur_low.jpg,originals\portable_electronics\POR_013.jpg,blur,low
degraded\portable_electronics\073_blur_medium.jpg,originals\portable_electronics\POR_013.jpg,blur,medium
degraded\portable_electronics\073_blur_high.jpg,originals\portable_electronics\POR_013.jpg,blur,high
degraded\portable_electronics\073_underexposure_low.jpg,originals\portable_electronics\POR_013.jpg,underexposure,low
degraded\portable_electronics\073_underexposure_medium.jpg,originals\portable_electronics\POR_013.jpg,underexposure,medium
degraded\portable_electronics\073_underexposure_high.jpg,originals\portable_electronics\POR_013.jpg,underexposure,high
degraded\portable_electronics\073_overexposure_low.jpg,originals\portable_electronics\POR_013.jpg,overexposure,low
degraded\portable_electronics\073_overexposure_medium.jpg,originals\portable_electronics\POR_013.jpg,overexposure,medium
degraded\portable_electronics\073_overexposure_high.jpg,originals\portable_electronics\POR_013.jpg,overexposure,high
degraded\portable_electronics\073_bad_crop_low.jpg,originals\portable_electronics\POR_013.jpg,bad_crop,low
degraded\portable_electronics\073_bad_crop_medium.jpg,originals\portable_electronics\POR_013.jpg,bad_crop,medium
degraded\portable_electronics\073_bad_crop_high.jpg,originals\portable_electronics\POR_013.jpg,bad_crop,high
degraded\portable_electronics\073_lowres_low.jpg,originals\portable_electronics\POR_013.jpg,lowres,low
degraded\portable_electronics\073_lowres_medium.jpg,originals\portable_electronics\POR_013.jpg,lowres,medium
degraded\portable_electronics\073_lowres_high.jpg,originals\portable_electronics\POR_013.jpg,lowres,high
degraded\portable_electronics\073_jpeg_low.jpg,originals\portable_electronics\POR_013.jpg,jpeg,low
degraded\portable_electronics\073_jpeg_medium.jpg,originals\portable_electronics\POR_013.jpg,jpeg,medium
degraded\portable_electronics\073_jpeg_high.jpg,originals\portable_electronics\POR_013.jpg,jpeg,high
degraded\portable_electronics\074_blur_low.jpg,originals\portable_electronics\POR_014.jpg,blur,low
degraded\portable_electronics\074_blur_medium.jpg,originals\portable_electronics\POR_014.jpg,blur,medium
degraded\portable_electronics\074_blur_high.jpg,originals\portable_electronics\POR_014.jpg,blur,high
degraded\portable_electronics\074_underexposure_low.jpg,originals\portable_electronics\POR_014.jpg,underexposure,low
degraded\portable_electronics\074_underexposure_medium.jpg,originals\portable_electronics\POR_014.jpg,underexposure,medium
degraded\portable_electronics\074_underexposure_high.jpg,originals\portable_electronics\POR_014.jpg,underexposure,high
degraded\portable_electronics\074_overexposure_low.jpg,originals\portable_electronics\POR_014.jpg,overexposure,low
degraded\portable_electronics\074_overexposure_medium.jpg,originals\portable_electronics\POR_014.jpg,overexposure,medium
degraded\portable_electronics\074_overexposure_high.jpg,originals\portable_electronics\POR_014.jpg,overexposure,high
degraded\portable_electronics\074_bad_crop_low.jpg,originals\portable_electronics\POR_014.jpg,bad_crop,low
degraded\portable_electronics\074_bad_crop_medium.jpg,originals\portable_electronics\POR_014.jpg,bad_crop,medium
degraded\portable_electronics\074_bad_crop_high.jpg,originals\portable_electronics\POR_014.jpg,bad_crop,high
degraded\portable_electronics\074_lowres_low.jpg,originals\portable_electronics\POR_014.jpg,lowres,low
degraded\portable_electronics\074_lowres_medium.jpg,originals\portable_electronics\POR_014.jpg,lowres,medium
degraded\portable_electronics\074_lowres_high.jpg,originals\portable_electronics\POR_014.jpg,lowres,high
degraded\portable_electronics\074_jpeg_low.jpg,originals\portable_electronics\POR_014.jpg,jpeg,low
degraded\portable_electronics\074_jpeg_medium.jpg,originals\portable_electronics\POR_014.jpg,jpeg,medium
degraded\portable_electronics\074_jpeg_high.jpg,originals\portable_electronics\POR_014.jpg,jpeg,high
degraded\portable_electronics\075_blur_low.jpg,originals\portable_electronics\POR_015.jpg,blur,low
degraded\portable_electronics\075_blur_medium.jpg,originals\portable_electronics\POR_015.jpg,blur,medium
degraded\portable_electronics\075_blur_high.jpg,originals\portable_electronics\POR_015.jpg,blur,high
degraded\portable_electronics\075_underexposure_low.jpg,originals\portable_electronics\POR_015.jpg,underexposure,low
degraded\portable_electronics\075_underexposure_medium.jpg,originals\portable_electronics\POR_015.jpg,underexposure,medium
degraded\portable_electronics\075_underexposure_high.jpg,originals\portable_electronics\POR_015.jpg,underexposure,high
degraded\portable_electronics\075_overexposure_low.jpg,originals\portable_electronics\POR_015.jpg,overexposure,low
degraded\portable_electronics\075_overexposure_medium.jpg,originals\portable_electronics\POR_015.jpg,overexposure,medium
degraded\portable_electronics\075_overexposure_high.jpg,originals\portable_electronics\POR_015.jpg,overexposure,high
degraded\portable_electronics\075_bad_crop_low.jpg,originals\portable_electronics\POR_015.jpg,bad_crop,low
degraded\portable_electronics\075_bad_crop_medium.jpg,originals\portable_electronics\POR_015.jpg,bad_crop,medium
degraded\portable_electronics\075_bad_crop_high.jpg,originals\portable_electronics\POR_015.jpg,bad_crop,high
degraded\portable_electronics\075_lowres_low.jpg,originals\portable_electronics\POR_015.jpg,lowres,low
degraded\portable_electronics\075_lowres_medium.jpg,originals\portable_electronics\POR_015.jpg,lowres,medium
degraded\portable_electronics\075_lowres_high.jpg,originals\portable_electronics\POR_015.jpg,lowres,high
degraded\portable_electronics\075_jpeg_low.jpg,originals\portable_electronics\POR_015.jpg,jpeg,low
degraded\portable_electronics\075_jpeg_medium.jpg,originals\portable_electronics\POR_015.jpg,jpeg,medium
degraded\portable_electronics\075_jpeg_high.jpg,originals\portable_electronics\POR_015.jpg,jpeg,high
degraded\portable_electronics\076_blur_low.jpg,originals\portable_electronics\POR_016.jpg,blur,low
degraded\portable_electronics\076_blur_medium.jpg,originals\portable_electronics\POR_016.jpg,blur,medium
degraded\portable_electronics\076_blur_high.jpg,originals\portable_electronics\POR_016.jpg,blur,high
degraded\portable_electronics\076_underexposure_low.jpg,originals\portable_electronics\POR_016.jpg,underexposure,low
degraded\portable_electronics\076_underexposure_medium.jpg,originals\portable_electronics\POR_016.jpg,underexposure,medium
degraded\portable_electronics\076_underexposure_high.jpg,originals\portable_electronics\POR_016.jpg,underexposure,high
degraded\portable_electronics\076_overexposure_low.jpg,originals\portable_electronics\POR_016.jpg,overexposure,low
degraded\portable_electronics\076_overexposure_medium.jpg,originals\portable_electronics\POR_016.jpg,overexposure,medium
degraded\portable_electronics\076_overexposure_high.jpg,originals\portable_electronics\POR_016.jpg,overexposure,high
degraded\portable_electronics\076_bad_crop_low.jpg,originals\portable_electronics\POR_016.jpg,bad_crop,low
degraded\portable_electronics\076_bad_crop_medium.jpg,originals\portable_electronics\POR_016.jpg,bad_crop,medium
degraded\portable_electronics\076_bad_crop_high.jpg,originals\portable_electronics\POR_016.jpg,bad_crop,high
degraded\portable_electronics\076_lowres_low.jpg,originals\portable_electronics\POR_016.jpg,lowres,low
degraded\portable_electronics\076_lowres_medium.jpg,originals\portable_electronics\POR_016.jpg,lowres,medium
degraded\portable_electronics\076_lowres_high.jpg,originals\portable_electronics\POR_016.jpg,lowres,high
degraded\portable_electronics\076_jpeg_low.jpg,originals\portable_electronics\POR_016.jpg,jpeg,low
degraded\portable_electronics\076_jpeg_medium.jpg,originals\portable_electronics\POR_016.jpg,jpeg,medium
degraded\portable_electronics\076_jpeg_high.jpg,originals\portable_electronics\POR_016.jpg,jpeg,high
degraded\portable_electronics\077_blur_low.jpg,originals\portable_electronics\POR_017.jpg,blur,low
degraded\portable_electronics\077_blur_medium.jpg,originals\portable_electronics\POR_017.jpg,blur,medium
degraded\portable_electronics\077_blur_high.jpg,originals\portable_electronics\POR_017.jpg,blur,high
degraded\portable_electronics\077_underexposure_low.jpg,originals\portable_electronics\POR_017.jpg,underexposure,low
degraded\portable_electronics\077_underexposure_medium.jpg,originals\portable_electronics\POR_017.jpg,underexposure,medium
degraded\portable_electronics\077_underexposure_high.jpg,originals\portable_electronics\POR_017.jpg,underexposure,high
degraded\portable_electronics\077_overexposure_low.jpg,originals\portable_electronics\POR_017.jpg,overexposure,low
degraded\portable_electronics\077_overexposure_medium.jpg,originals\portable_electronics\POR_017.jpg,overexposure,medium
degraded\portable_electronics\077_overexposure_high.jpg,originals\portable_electronics\POR_017.jpg,overexposure,high
degraded\portable_electronics\077_bad_crop_low.jpg,originals\portable_electronics\POR_017.jpg,bad_crop,low
degraded\portable_electronics\077_bad_crop_medium.jpg,originals\portable_electronics\POR_017.jpg,bad_crop,medium
degraded\portable_electronics\077_bad_crop_high.jpg,originals\portable_electronics\POR_017.jpg,bad_crop,high
degraded\portable_electronics\077_lowres_low.jpg,originals\portable_electronics\POR_017.jpg,lowres,low
degraded\portable_electronics\077_lowres_medium.jpg,originals\portable_electronics\POR_017.jpg,lowres,medium
degraded\portable_electronics\077_lowres_high.jpg,originals\portable_electronics\POR_017.jpg,lowres,high
degraded\portable_electronics\077_jpeg_low.jpg,originals\portable_electronics\POR_017.jpg,jpeg,low
degraded\portable_electronics\077_jpeg_medium.jpg,originals\portable_electronics\POR_017.jpg,jpeg,medium
degraded\portable_electronics\077_jpeg_high.jpg,originals\portable_electronics\POR_017.jpg,jpeg,high
degraded\portable_electronics\078_blur_low.jpg,originals\portable_electronics\POR_018.jpg,blur,low
degraded\portable_electronics\078_blur_medium.jpg,originals\portable_electronics\POR_018.jpg,blur,medium
degraded\portable_electronics\078_blur_high.jpg,originals\portable_electronics\POR_018.jpg,blur,high
degraded\portable_electronics\078_underexposure_low.jpg,originals\portable_electronics\POR_018.jpg,underexposure,low
degraded\portable_electronics\078_underexposure_medium.jpg,originals\portable_electronics\POR_018.jpg,underexposure,medium
degraded\portable_electronics\078_underexposure_high.jpg,originals\portable_electronics\POR_018.jpg,underexposure,high
degraded\portable_electronics\078_overexposure_low.jpg,originals\portable_electronics\POR_018.jpg,overexposure,low
degraded\portable_electronics\078_overexposure_medium.jpg,originals\portable_electronics\POR_018.jpg,overexposure,medium
degraded\portable_electronics\078_overexposure_high.jpg,originals\portable_electronics\POR_018.jpg,overexposure,high
degraded\portable_electronics\078_bad_crop_low.jpg,originals\portable_electronics\POR_018.jpg,bad_crop,low
degraded\portable_electronics\078_bad_crop_medium.jpg,originals\portable_electronics\POR_018.jpg,bad_crop,medium
degraded\portable_electronics\078_bad_crop_high.jpg,originals\portable_electronics\POR_018.jpg,bad_crop,high
degraded\portable_electronics\078_lowres_low.jpg,originals\portable_electronics\POR_018.jpg,lowres,low
degraded\portable_electronics\078_lowres_medium.jpg,originals\portable_electronics\POR_018.jpg,lowres,medium
degraded\portable_electronics\078_lowres_high.jpg,originals\portable_electronics\POR_018.jpg,lowres,high
degraded\portable_electronics\078_jpeg_low.jpg,originals\portable_electronics\POR_018.jpg,jpeg,low
degraded\portable_electronics\078_jpeg_medium.jpg,originals\portable_electronics\POR_018.jpg,jpeg,medium
degraded\portable_electronics\078_jpeg_high.jpg,originals\portable_electronics\POR_018.jpg,jpeg,high
degraded\portable_electronics\079_blur_low.jpg,originals\portable_electronics\POR_019.jpg,blur,low
degraded\portable_electronics\079_blur_medium.jpg,originals\portable_electronics\POR_019.jpg,blur,medium
degraded\portable_electronics\079_blur_high.jpg,originals\portable_electronics\POR_019.jpg,blur,high
degraded\portable_electronics\079_underexposure_low.jpg,originals\portable_electronics\POR_019.jpg,underexposure,low
degraded\portable_electronics\079_underexposure_medium.jpg,originals\portable_electronics\POR_019.jpg,underexposure,medium
degraded\portable_electronics\079_underexposure_high.jpg,originals\portable_electronics\POR_019.jpg,underexposure,high
degraded\portable_electronics\079_overexposure_low.jpg,originals\portable_electronics\POR_019.jpg,overexposure,low
degraded\portable_electronics\079_overexposure_medium.jpg,originals\portable_electronics\POR_019.jpg,overexposure,medium
degraded\portable_electronics\079_overexposure_high.jpg,originals\portable_electronics\POR_019.jpg,overexposure,high
degraded\portable_electronics\079_bad_crop_low.jpg,originals\portable_electronics\POR_019.jpg,bad_crop,low
degraded\portable_electronics\079_bad_crop_medium.jpg,originals\portable_electronics\POR_019.jpg,bad_crop,medium
degraded\portable_electronics\079_bad_crop_high.jpg,originals\portable_electronics\POR_019.jpg,bad_crop,high
degraded\portable_electronics\079_lowres_low.jpg,originals\portable_electronics\POR_019.jpg,lowres,low
degraded\portable_electronics\079_lowres_medium.jpg,originals\portable_electronics\POR_019.jpg,lowres,medium
degraded\portable_electronics\079_lowres_high.jpg,originals\portable_electronics\POR_019.jpg,lowres,high
degraded\portable_electronics\079_jpeg_low.jpg,originals\portable_electronics\POR_019.jpg,jpeg,low
degraded\portable_electronics\079_jpeg_medium.jpg,originals\portable_electronics\POR_019.jpg,jpeg,medium
degraded\portable_electronics\079_jpeg_high.jpg,originals\portable_electronics\POR_019.jpg,jpeg,high
degraded\portable_electronics\080_blur_low.jpg,originals\portable_electronics\POR_020.jpg,blur,low
degraded\portable_electronics\080_blur_medium.jpg,originals\portable_electronics\POR_020.jpg,blur,medium
degraded\portable_electronics\080_blur_high.jpg,originals\portable_electronics\POR_020.jpg,blur,high
degraded\portable_electronics\080_underexposure_low.jpg,originals\portable_electronics\POR_020.jpg,underexposure,low
degraded\portable_electronics\080_underexposure_medium.jpg,originals\portable_electronics\POR_020.jpg,underexposure,medium
degraded\portable_electronics\080_underexposure_high.jpg,originals\portable_electronics\POR_020.jpg,underexposure,high
degraded\portable_electronics\080_overexposure_low.jpg,originals\portable_electronics\POR_020.jpg,overexposure,low
degraded\portable_electronics\080_overexposure_medium.jpg,originals\portable_electronics\POR_020.jpg,overexposure,medium
degraded\portable_electronics\080_overexposure_high.jpg,originals\portable_electronics\POR_020.jpg,overexposure,high
degraded\portable_electronics\080_bad_crop_low.jpg,originals\portable_electronics\POR_020.jpg,bad_crop,low
degraded\portable_electronics\080_bad_crop_medium.jpg,originals\portable_electronics\POR_020.jpg,bad_crop,medium
degraded\portable_electronics\080_bad_crop_high.jpg,originals\portable_electronics\POR_020.jpg,bad_crop,high
degraded\portable_electronics\080_lowres_low.jpg,originals\portable_electronics\POR_020.jpg,lowres,low
degraded\portable_electronics\080_lowres_medium.jpg,originals\portable_electronics\POR_020.jpg,lowres,medium
degraded\portable_electronics\080_lowres_high.jpg,originals\portable_electronics\POR_020.jpg,lowres,high
degraded\portable_electronics\080_jpeg_low.jpg,originals\portable_electronics\POR_020.jpg,jpeg,low
degraded\portable_electronics\080_jpeg_medium.jpg,originals\portable_electronics\POR_020.jpg,jpeg,medium
degraded\portable_electronics\080_jpeg_high.jpg,originals\portable_electronics\POR_020.jpg,jpeg,high
degraded\portable_electronics\081_blur_low.jpg,originals\portable_electronics\POR_021.jpg,blur,low
degraded\portable_electronics\081_blur_medium.jpg,originals\portable_electronics\POR_021.jpg,blur,medium
degraded\portable_electronics\081_blur_high.jpg,originals\portable_electronics\POR_021.jpg,blur,high
degraded\portable_electronics\081_underexposure_low.jpg,originals\portable_electronics\POR_021.jpg,underexposure,low
degraded\portable_electronics\081_underexposure_medium.jpg,originals\portable_electronics\POR_021.jpg,underexposure,medium
degraded\portable_electronics\081_underexposure_high.jpg,originals\portable_electronics\POR_021.jpg,underexposure,high
degraded\portable_electronics\081_overexposure_low.jpg,originals\portable_electronics\POR_021.jpg,overexposure,low
degraded\portable_electronics\081_overexposure_medium.jpg,originals\portable_electronics\POR_021.jpg,overexposure,medium
degraded\portable_electronics\081_overexposure_high.jpg,originals\portable_electronics\POR_021.jpg,overexposure,high
degraded\portable_electronics\081_bad_crop_low.jpg,originals\portable_electronics\POR_021.jpg,bad_crop,low
degraded\portable_electronics\081_bad_crop_medium.jpg,originals\portable_electronics\POR_021.jpg,bad_crop,medium
degraded\portable_electronics\081_bad_crop_high.jpg,originals\portable_electronics\POR_021.jpg,bad_crop,high
degraded\portable_electronics\081_lowres_low.jpg,originals\portable_electronics\POR_021.jpg,lowres,low
degraded\portable_electronics\081_lowres_medium.jpg,originals\portable_electronics\POR_021.jpg,lowres,medium
degraded\portable_electronics\081_lowres_high.jpg,originals\portable_electronics\POR_021.jpg,lowres,high
degraded\portable_electronics\081_jpeg_low.jpg,originals\portable_electronics\POR_021.jpg,jpeg,low
degraded\portable_electronics\081_jpeg_medium.jpg,originals\portable_electronics\POR_021.jpg,jpeg,medium
degraded\portable_electronics\081_jpeg_high.jpg,originals\portable_electronics\POR_021.jpg,jpeg,high
degraded\portable_electronics\082_blur_low.jpg,originals\portable_electronics\POR_022.jpg,blur,low
degraded\portable_electronics\082_blur_medium.jpg,originals\portable_electronics\POR_022.jpg,blur,medium
degraded\portable_electronics\082_blur_high.jpg,originals\portable_electronics\POR_022.jpg,blur,high
degraded\portable_electronics\082_underexposure_low.jpg,originals\portable_electronics\POR_022.jpg,underexposure,low
degraded\portable_electronics\082_underexposure_medium.jpg,originals\portable_electronics\POR_022.jpg,underexposure,medium
degraded\portable_electronics\082_underexposure_high.jpg,originals\portable_electronics\POR_022.jpg,underexposure,high
degraded\portable_electronics\082_overexposure_low.jpg,originals\portable_electronics\POR_022.jpg,overexposure,low
degraded\portable_electronics\082_overexposure_medium.jpg,originals\portable_electronics\POR_022.jpg,overexposure,medium
degraded\portable_electronics\082_overexposure_high.jpg,originals\portable_electronics\POR_022.jpg,overexposure,high
degraded\portable_electronics\082_bad_crop_low.jpg,originals\portable_electronics\POR_022.jpg,bad_crop,low
degraded\portable_electronics\082_bad_crop_medium.jpg,originals\portable_electronics\POR_022.jpg,bad_crop,medium
degraded\portable_electronics\082_bad_crop_high.jpg,originals\portable_electronics\POR_022.jpg,bad_crop,high
degraded\portable_electronics\082_lowres_low.jpg,originals\portable_electronics\POR_022.jpg,lowres,low
degraded\portable_electronics\082_lowres_medium.jpg,originals\portable_electronics\POR_022.jpg,lowres,medium
degraded\portable_electronics\082_lowres_high.jpg,originals\portable_electronics\POR_022.jpg,lowres,high
degraded\portable_electronics\082_jpeg_low.jpg,originals\portable_electronics\POR_022.jpg,jpeg,low
degraded\portable_electronics\082_jpeg_medium.jpg,originals\portable_electronics\POR_022.jpg,jpeg,medium
degraded\portable_electronics\082_jpeg_high.jpg,originals\portable_electronics\POR_022.jpg,jpeg,high
degraded\portable_electronics\083_blur_low.jpg,originals\portable_electronics\POR_023.jpg,blur,low
degraded\portable_electronics\083_blur_medium.jpg,originals\portable_electronics\POR_023.jpg,blur,medium
degraded\portable_electronics\083_blur_high.jpg,originals\portable_electronics\POR_023.jpg,blur,high
degraded\portable_electronics\083_underexposure_low.jpg,originals\portable_electronics\POR_023.jpg,underexposure,low
degraded\portable_electronics\083_underexposure_medium.jpg,originals\portable_electronics\POR_023.jpg,underexposure,medium
degraded\portable_electronics\083_underexposure_high.jpg,originals\portable_electronics\POR_023.jpg,underexposure,high
degraded\portable_electronics\083_overexposure_low.jpg,originals\portable_electronics\POR_023.jpg,overexposure,low
degraded\portable_electronics\083_overexposure_medium.jpg,originals\portable_electronics\POR_023.jpg,overexposure,medium
degraded\portable_electronics\083_overexposure_high.jpg,originals\portable_electronics\POR_023.jpg,overexposure,high
degraded\portable_electronics\083_bad_crop_low.jpg,originals\portable_electronics\POR_023.jpg,bad_crop,low
degraded\portable_electronics\083_bad_crop_medium.jpg,originals\portable_electronics\POR_023.jpg,bad_crop,medium
degraded\portable_electronics\083_bad_crop_high.jpg,originals\portable_electronics\POR_023.jpg,bad_crop,high
degraded\portable_electronics\083_lowres_low.jpg,originals\portable_electronics\POR_023.jpg,lowres,low
degraded\portable_electronics\083_lowres_medium.jpg,originals\portable_electronics\POR_023.jpg,lowres,medium
degraded\portable_electronics\083_lowres_high.jpg,originals\portable_electronics\POR_023.jpg,lowres,high
degraded\portable_electronics\083_jpeg_low.jpg,originals\portable_electronics\POR_023.jpg,jpeg,low
degraded\portable_electronics\083_jpeg_medium.jpg,originals\portable_electronics\POR_023.jpg,jpeg,medium
degraded\portable_electronics\083_jpeg_high.jpg,originals\portable_electronics\POR_023.jpg,jpeg,high
degraded\portable_electronics\084_blur_low.jpg,originals\portable_electronics\POR_024.jpg,blur,low
degraded\portable_electronics\084_blur_medium.jpg,originals\portable_electronics\POR_024.jpg,blur,medium
degraded\portable_electronics\084_blur_high.jpg,originals\portable_electronics\POR_024.jpg,blur,high
degraded\portable_electronics\084_underexposure_low.jpg,originals\portable_electronics\POR_024.jpg,underexposure,low
degraded\portable_electronics\084_underexposure_medium.jpg,originals\portable_electronics\POR_024.jpg,underexposure,medium
degraded\portable_electronics\084_underexposure_high.jpg,originals\portable_electronics\POR_024.jpg,underexposure,high
degraded\portable_electronics\084_overexposure_low.jpg,originals\portable_electronics\POR_024.jpg,overexposure,low
degraded\portable_electronics\084_overexposure_medium.jpg,originals\portable_electronics\POR_024.jpg,overexposure,medium
degraded\portable_electronics\084_overexposure_high.jpg,originals\portable_electronics\POR_024.jpg,overexposure,high
degraded\portable_electronics\084_bad_crop_low.jpg,originals\portable_electronics\POR_024.jpg,bad_crop,low
degraded\portable_electronics\084_bad_crop_medium.jpg,originals\portable_electronics\POR_024.jpg,bad_crop,medium
degraded\portable_electronics\084_bad_crop_high.jpg,originals\portable_electronics\POR_024.jpg,bad_crop,high
degraded\portable_electronics\084_lowres_low.jpg,originals\portable_electronics\POR_024.jpg,lowres,low
degraded\portable_electronics\084_lowres_medium.jpg,originals\portable_electronics\POR_024.jpg,lowres,medium
degraded\portable_electronics\084_lowres_high.jpg,originals\portable_electronics\POR_024.jpg,lowres,high
degraded\portable_electronics\084_jpeg_low.jpg,originals\portable_electronics\POR_024.jpg,jpeg,low
degraded\portable_electronics\084_jpeg_medium.jpg,originals\portable_electronics\POR_024.jpg,jpeg,medium
degraded\portable_electronics\084_jpeg_high.jpg,originals\portable_electronics\POR_024.jpg,jpeg,high
degraded\portable_electronics\085_blur_low.jpg,originals\portable_electronics\POR_025.jpg,blur,low
degraded\portable_electronics\085_blur_medium.jpg,originals\portable_electronics\POR_025.jpg,blur,medium
degraded\portable_electronics\085_blur_high.jpg,originals\portable_electronics\POR_025.jpg,blur,high
degraded\portable_electronics\085_underexposure_low.jpg,originals\portable_electronics\POR_025.jpg,underexposure,low
degraded\portable_electronics\085_underexposure_medium.jpg,originals\portable_electronics\POR_025.jpg,underexposure,medium
degraded\portable_electronics\085_underexposure_high.jpg,originals\portable_electronics\POR_025.jpg,underexposure,high
degraded\portable_electronics\085_overexposure_low.jpg,originals\portable_electronics\POR_025.jpg,overexposure,low
degraded\portable_electronics\085_overexposure_medium.jpg,originals\portable_electronics\POR_025.jpg,overexposure,medium
degraded\portable_electronics\085_overexposure_high.jpg,originals\portable_electronics\POR_025.jpg,overexposure,high
degraded\portable_electronics\085_bad_crop_low.jpg,originals\portable_electronics\POR_025.jpg,bad_crop,low
degraded\portable_electronics\085_bad_crop_medium.jpg,originals\portable_electronics\POR_025.jpg,bad_crop,medium
degraded\portable_electronics\085_bad_crop_high.jpg,originals\portable_electronics\POR_025.jpg,bad_crop,high
degraded\portable_electronics\085_lowres_low.jpg,originals\portable_electronics\POR_025.jpg,lowres,low
degraded\portable_electronics\085_lowres_medium.jpg,originals\portable_electronics\POR_025.jpg,lowres,medium
degraded\portable_electronics\085_lowres_high.jpg,originals\portable_electronics\POR_025.jpg,lowres,high
degraded\portable_electronics\085_jpeg_low.jpg,originals\portable_electronics\POR_025.jpg,jpeg,low
degraded\portable_electronics\085_jpeg_medium.jpg,originals\portable_electronics\POR_025.jpg,jpeg,medium
degraded\portable_electronics\085_jpeg_high.jpg,originals\portable_electronics\POR_025.jpg,jpeg,high
degraded\portable_electronics\086_blur_low.jpg,originals\portable_electronics\POR_026.jpg,blur,low
degraded\portable_electronics\086_blur_medium.jpg,originals\portable_electronics\POR_026.jpg,blur,medium
degraded\portable_electronics\086_blur_high.jpg,originals\portable_electronics\POR_026.jpg,blur,high
degraded\portable_electronics\086_underexposure_low.jpg,originals\portable_electronics\POR_026.jpg,underexposure,low
degraded\portable_electronics\086_underexposure_medium.jpg,originals\portable_electronics\POR_026.jpg,underexposure,medium
degraded\portable_electronics\086_underexposure_high.jpg,originals\portable_electronics\POR_026.jpg,underexposure,high
degraded\portable_electronics\086_overexposure_low.jpg,originals\portable_electronics\POR_026.jpg,overexposure,low
degraded\portable_electronics\086_overexposure_medium.jpg,originals\portable_electronics\POR_026.jpg,overexposure,medium
degraded\portable_electronics\086_overexposure_high.jpg,originals\portable_electronics\POR_026.jpg,overexposure,high
degraded\portable_electronics\086_bad_crop_low.jpg,originals\portable_electronics\POR_026.jpg,bad_crop,low
degraded\portable_electronics\086_bad_crop_medium.jpg,originals\portable_electronics\POR_026.jpg,bad_crop,medium
degraded\portable_electronics\086_bad_crop_high.jpg,originals\portable_electronics\POR_026.jpg,bad_crop,high
degraded\portable_electronics\086_lowres_low.jpg,originals\portable_electronics\POR_026.jpg,lowres,low
degraded\portable_electronics\086_lowres_medium.jpg,originals\portable_electronics\POR_026.jpg,lowres,medium
degraded\portable_electronics\086_lowres_high.jpg,originals\portable_electronics\POR_026.jpg,lowres,high
degraded\portable_electronics\086_jpeg_low.jpg,originals\portable_electronics\POR_026.jpg,jpeg,low
degraded\portable_electronics\086_jpeg_medium.jpg,originals\portable_electronics\POR_026.jpg,jpeg,medium
degraded\portable_electronics\086_jpeg_high.jpg,originals\portable_electronics\POR_026.jpg,jpeg,high
degraded\portable_electronics\087_blur_low.jpg,originals\portable_electronics\POR_027.jpg,blur,low
degraded\portable_electronics\087_blur_medium.jpg,originals\portable_electronics\POR_027.jpg,blur,medium
degraded\portable_electronics\087_blur_high.jpg,originals\portable_electronics\POR_027.jpg,blur,high
degraded\portable_electronics\087_underexposure_low.jpg,originals\portable_electronics\POR_027.jpg,underexposure,low
degraded\portable_electronics\087_underexposure_medium.jpg,originals\portable_electronics\POR_027.jpg,underexposure,medium
degraded\portable_electronics\087_underexposure_high.jpg,originals\portable_electronics\POR_027.jpg,underexposure,high
degraded\portable_electronics\087_overexposure_low.jpg,originals\portable_electronics\POR_027.jpg,overexposure,low
degraded\portable_electronics\087_overexposure_medium.jpg,originals\portable_electronics\POR_027.jpg,overexposure,medium
degraded\portable_electronics\087_overexposure_high.jpg,originals\portable_electronics\POR_027.jpg,overexposure,high
degraded\portable_electronics\087_bad_crop_low.jpg,originals\portable_electronics\POR_027.jpg,bad_crop,low
degraded\portable_electronics\087_bad_crop_medium.jpg,originals\portable_electronics\POR_027.jpg,bad_crop,medium
degraded\portable_electronics\087_bad_crop_high.jpg,originals\portable_electronics\POR_027.jpg,bad_crop,high
degraded\portable_electronics\087_lowres_low.jpg,originals\portable_electronics\POR_027.jpg,lowres,low
degraded\portable_electronics\087_lowres_medium.jpg,originals\portable_electronics\POR_027.jpg,lowres,medium
degraded\portable_electronics\087_lowres_high.jpg,originals\portable_electronics\POR_027.jpg,lowres,high
degraded\portable_electronics\087_jpeg_low.jpg,originals\portable_electronics\POR_027.jpg,jpeg,low
degraded\portable_electronics\087_jpeg_medium.jpg,originals\portable_electronics\POR_027.jpg,jpeg,medium
degraded\portable_electronics\087_jpeg_high.jpg,originals\portable_electronics\POR_027.jpg,jpeg,high
degraded\portable_electronics\088_blur_low.jpg,originals\portable_electronics\POR_028.jpg,blur,low
degraded\portable_electronics\088_blur_medium.jpg,originals\portable_electronics\POR_028.jpg,blur,medium
degraded\portable_electronics\088_blur_high.jpg,originals\portable_electronics\POR_028.jpg,blur,high
degraded\portable_electronics\088_underexposure_low.jpg,originals\portable_electronics\POR_028.jpg,underexposure,low
degraded\portable_electronics\088_underexposure_medium.jpg,originals\portable_electronics\POR_028.jpg,underexposure,medium
degraded\portable_electronics\088_underexposure_high.jpg,originals\portable_electronics\POR_028.jpg,underexposure,high
degraded\portable_electronics\088_overexposure_low.jpg,originals\portable_electronics\POR_028.jpg,overexposure,low
degraded\portable_electronics\088_overexposure_medium.jpg,originals\portable_electronics\POR_028.jpg,overexposure,medium
degraded\portable_electronics\088_overexposure_high.jpg,originals\portable_electronics\POR_028.jpg,overexposure,high
degraded\portable_electronics\088_bad_crop_low.jpg,originals\portable_electronics\POR_028.jpg,bad_crop,low
degraded\portable_electronics\088_bad_crop_medium.jpg,originals\portable_electronics\POR_028.jpg,bad_crop,medium
degraded\portable_electronics\088_bad_crop_high.jpg,originals\portable_electronics\POR_028.jpg,bad_crop,high
degraded\portable_electronics\088_lowres_low.jpg,originals\portable_electronics\POR_028.jpg,lowres,low
degraded\portable_electronics\088_lowres_medium.jpg,originals\portable_electronics\POR_028.jpg,lowres,medium
degraded\portable_electronics\088_lowres_high.jpg,originals\portable_electronics\POR_028.jpg,lowres,high
degraded\portable_electronics\088_jpeg_low.jpg,originals\portable_electronics\POR_028.jpg,jpeg,low
degraded\portable_electronics\088_jpeg_medium.jpg,originals\portable_electronics\POR_028.jpg,jpeg,medium
degraded\portable_electronics\088_jpeg_high.jpg,originals\portable_electronics\POR_028.jpg,jpeg,high
degraded\portable_electronics\089_blur_low.jpg,originals\portable_electronics\POR_029.jpg,blur,low
degraded\portable_electronics\089_blur_medium.jpg,originals\portable_electronics\POR_029.jpg,blur,medium
degraded\portable_electronics\089_blur_high.jpg,originals\portable_electronics\POR_029.jpg,blur,high
degraded\portable_electronics\089_underexposure_low.jpg,originals\portable_electronics\POR_029.jpg,underexposure,low
degraded\portable_electronics\089_underexposure_medium.jpg,originals\portable_electronics\POR_029.jpg,underexposure,medium
degraded\portable_electronics\089_underexposure_high.jpg,originals\portable_electronics\POR_029.jpg,underexposure,high
degraded\portable_electronics\089_overexposure_low.jpg,originals\portable_electronics\POR_029.jpg,overexposure,low
degraded\portable_electronics\089_overexposure_medium.jpg,originals\portable_electronics\POR_029.jpg,overexposure,medium
degraded\portable_electronics\089_overexposure_high.jpg,originals\portable_electronics\POR_029.jpg,overexposure,high
degraded\portable_electronics\089_bad_crop_low.jpg,originals\portable_electronics\POR_029.jpg,bad_crop,low
degraded\portable_electronics\089_bad_crop_medium.jpg,originals\portable_electronics\POR_029.jpg,bad_crop,medium
degraded\portable_electronics\089_bad_crop_high.jpg,originals\portable_electronics\POR_029.jpg,bad_crop,high
degraded\portable_electronics\089_lowres_low.jpg,originals\portable_electronics\POR_029.jpg,lowres,low
degraded\portable_electronics\089_lowres_medium.jpg,originals\portable_electronics\POR_029.jpg,lowres,medium
degraded\portable_electronics\089_lowres_high.jpg,originals\portable_electronics\POR_029.jpg,lowres,high
degraded\portable_electronics\089_jpeg_low.jpg,originals\portable_electronics\POR_029.jpg,jpeg,low
degraded\portable_electronics\089_jpeg_medium.jpg,originals\portable_electronics\POR_029.jpg,jpeg,medium
degraded\portable_electronics\089_jpeg_high.jpg,originals\portable_electronics\POR_029.jpg,jpeg,high
degraded\portable_electronics\090_blur_low.jpg,originals\portable_electronics\POR_030.jpg,blur,low
degraded\portable_electronics\090_blur_medium.jpg,originals\portable_electronics\POR_030.jpg,blur,medium
degraded\portable_electronics\090_blur_high.jpg,originals\portable_electronics\POR_030.jpg,blur,high
degraded\portable_electronics\090_underexposure_low.jpg,originals\portable_electronics\POR_030.jpg,underexposure,low
degraded\portable_electronics\090_underexposure_medium.jpg,originals\portable_electronics\POR_030.jpg,underexposure,medium
degraded\portable_electronics\090_underexposure_high.jpg,originals\portable_electronics\POR_030.jpg,underexposure,high
degraded\portable_electronics\090_overexposure_low.jpg,originals\portable_electronics\POR_030.jpg,overexposure,low
degraded\portable_electronics\090_overexposure_medium.jpg,originals\portable_electronics\POR_030.jpg,overexposure,medium
degraded\portable_electronics\090_overexposure_high.jpg,originals\portable_electronics\POR_030.jpg,overexposure,high
degraded\portable_electronics\090_bad_crop_low.jpg,originals\portable_electronics\POR_030.jpg,bad_crop,low
degraded\portable_electronics\090_bad_crop_medium.jpg,originals\portable_electronics\POR_030.jpg,bad_crop,medium
degraded\portable_electronics\090_bad_crop_high.jpg,originals\portable_electronics\POR_030.jpg,bad_crop,high
degraded\portable_electronics\090_lowres_low.jpg,originals\portable_electronics\POR_030.jpg,lowres,low
degraded\portable_electronics\090_lowres_medium.jpg,originals\portable_electronics\POR_030.jpg,lowres,medium
degraded\portable_electronics\090_lowres_high.jpg,originals\portable_electronics\POR_030.jpg,lowres,high
degraded\portable_electronics\090_jpeg_low.jpg,originals\portable_electronics\POR_030.jpg,jpeg,low
degraded\portable_electronics\090_jpeg_medium.jpg,originals\portable_electronics\POR_030.jpg,jpeg,medium
degraded\portable_electronics\090_jpeg_high.jpg,originals\portable_electronics\POR_030.jpg,jpeg,high
degraded\portable_electronics\091_blur_low.jpg,originals\portable_electronics\POR_031.jpg,blur,low
degraded\portable_electronics\091_blur_medium.jpg,originals\portable_electronics\POR_031.jpg,blur,medium
degraded\portable_electronics\091_blur_high.jpg,originals\portable_electronics\POR_031.jpg,blur,high
degraded\portable_electronics\091_underexposure_low.jpg,originals\portable_electronics\POR_031.jpg,underexposure,low
degraded\portable_electronics\091_underexposure_medium.jpg,originals\portable_electronics\POR_031.jpg,underexposure,medium
degraded\portable_electronics\091_underexposure_high.jpg,originals\portable_electronics\POR_031.jpg,underexposure,high
degraded\portable_electronics\091_overexposure_low.jpg,originals\portable_electronics\POR_031.jpg,overexposure,low
degraded\portable_electronics\091_overexposure_medium.jpg,originals\portable_electronics\POR_031.jpg,overexposure,medium
degraded\portable_electronics\091_overexposure_high.jpg,originals\portable_electronics\POR_031.jpg,overexposure,high
degraded\portable_electronics\091_bad_crop_low.jpg,originals\portable_electronics\POR_031.jpg,bad_crop,low
degraded\portable_electronics\091_bad_crop_medium.jpg,originals\portable_electronics\POR_031.jpg,bad_crop,medium
degraded\portable_electronics\091_bad_crop_high.jpg,originals\portable_electronics\POR_031.jpg,bad_crop,high
degraded\portable_electronics\091_lowres_low.jpg,originals\portable_electronics\POR_031.jpg,lowres,low
degraded\portable_electronics\091_lowres_medium.jpg,originals\portable_electronics\POR_031.jpg,lowres,medium
degraded\portable_electronics\091_lowres_high.jpg,originals\portable_electronics\POR_031.jpg,lowres,high
degraded\portable_electronics\091_jpeg_low.jpg,originals\portable_electronics\POR_031.jpg,jpeg,low
degraded\portable_electronics\091_jpeg_medium.jpg,originals\portable_electronics\POR_031.jpg,jpeg,medium
degraded\portable_electronics\091_jpeg_high.jpg,originals\portable_electronics\POR_031.jpg,jpeg,high
degraded\portable_electronics\092_blur_low.jpg,originals\portable_electronics\POR_032.jpg,blur,low
degraded\portable_electronics\092_blur_medium.jpg,originals\portable_electronics\POR_032.jpg,blur,medium
degraded\portable_electronics\092_blur_high.jpg,originals\portable_electronics\POR_032.jpg,blur,high
degraded\portable_electronics\092_underexposure_low.jpg,originals\portable_electronics\POR_032.jpg,underexposure,low
degraded\portable_electronics\092_underexposure_medium.jpg,originals\portable_electronics\POR_032.jpg,underexposure,medium
degraded\portable_electronics\092_underexposure_high.jpg,originals\portable_electronics\POR_032.jpg,underexposure,high
degraded\portable_electronics\092_overexposure_low.jpg,originals\portable_electronics\POR_032.jpg,overexposure,low
degraded\portable_electronics\092_overexposure_medium.jpg,originals\portable_electronics\POR_032.jpg,overexposure,medium
degraded\portable_electronics\092_overexposure_high.jpg,originals\portable_electronics\POR_032.jpg,overexposure,high
degraded\portable_electronics\092_bad_crop_low.jpg,originals\portable_electronics\POR_032.jpg,bad_crop,low
degraded\portable_electronics\092_bad_crop_medium.jpg,originals\portable_electronics\POR_032.jpg,bad_crop,medium
degraded\portable_electronics\092_bad_crop_high.jpg,originals\portable_electronics\POR_032.jpg,bad_crop,high
degraded\portable_electronics\092_lowres_low.jpg,originals\portable_electronics\POR_032.jpg,lowres,low
degraded\portable_electronics\092_lowres_medium.jpg,originals\portable_electronics\POR_032.jpg,lowres,medium
degraded\portable_electronics\092_lowres_high.jpg,originals\portable_electronics\POR_032.jpg,lowres,high
degraded\portable_electronics\092_jpeg_low.jpg,originals\portable_electronics\POR_032.jpg,jpeg,low
degraded\portable_electronics\092_jpeg_medium.jpg,originals\portable_electronics\POR_032.jpg,jpeg,medium
degraded\portable_electronics\092_jpeg_high.jpg,originals\portable_electronics\POR_032.jpg,jpeg,high
degraded\portable_electronics\093_blur_low.jpg,originals\portable_electronics\POR_033.jpg,blur,low
degraded\portable_electronics\093_blur_medium.jpg,originals\portable_electronics\POR_033.jpg,blur,medium
degraded\portable_electronics\093_blur_high.jpg,originals\portable_electronics\POR_033.jpg,blur,high
degraded\portable_electronics\093_underexposure_low.jpg,originals\portable_electronics\POR_033.jpg,underexposure,low
degraded\portable_electronics\093_underexposure_medium.jpg,originals\portable_electronics\POR_033.jpg,underexposure,medium
degraded\portable_electronics\093_underexposure_high.jpg,originals\portable_electronics\POR_033.jpg,underexposure,high
degraded\portable_electronics\093_overexposure_low.jpg,originals\portable_electronics\POR_033.jpg,overexposure,low
degraded\portable_electronics\093_overexposure_medium.jpg,originals\portable_electronics\POR_033.jpg,overexposure,medium
degraded\portable_electronics\093_overexposure_high.jpg,originals\portable_electronics\POR_033.jpg,overexposure,high
degraded\portable_electronics\093_bad_crop_low.jpg,originals\portable_electronics\POR_033.jpg,bad_crop,low
degraded\portable_electronics\093_bad_crop_medium.jpg,originals\portable_electronics\POR_033.jpg,bad_crop,medium
degraded\portable_electronics\093_bad_crop_high.jpg,originals\portable_electronics\POR_033.jpg,bad_crop,high
degraded\portable_electronics\093_lowres_low.jpg,originals\portable_electronics\POR_033.jpg,lowres,low
degraded\portable_electronics\093_lowres_medium.jpg,originals\portable_electronics\POR_033.jpg,lowres,medium
degraded\portable_electronics\093_lowres_high.jpg,originals\portable_electronics\POR_033.jpg,lowres,high
degraded\portable_electronics\093_jpeg_low.jpg,originals\portable_electronics\POR_033.jpg,jpeg,low
degraded\portable_electronics\093_jpeg_medium.jpg,originals\portable_electronics\POR_033.jpg,jpeg,medium
degraded\portable_electronics\093_jpeg_high.jpg,originals\portable_electronics\POR_033.jpg,jpeg,high
degraded\portable_electronics\094_blur_low.jpg,originals\portable_electronics\POR_034.jpg,blur,low
degraded\portable_electronics\094_blur_medium.jpg,originals\portable_electronics\POR_034.jpg,blur,medium
degraded\portable_electronics\094_blur_high.jpg,originals\portable_electronics\POR_034.jpg,blur,high
degraded\portable_electronics\094_underexposure_low.jpg,originals\portable_electronics\POR_034.jpg,underexposure,low
degraded\portable_electronics\094_underexposure_medium.jpg,originals\portable_electronics\POR_034.jpg,underexposure,medium
degraded\portable_electronics\094_underexposure_high.jpg,originals\portable_electronics\POR_034.jpg,underexposure,high
degraded\portable_electronics\094_overexposure_low.jpg,originals\portable_electronics\POR_034.jpg,overexposure,low
degraded\portable_electronics\094_overexposure_medium.jpg,originals\portable_electronics\POR_034.jpg,overexposure,medium
degraded\portable_electronics\094_overexposure_high.jpg,originals\portable_electronics\POR_034.jpg,overexposure,high
degraded\portable_electronics\094_bad_crop_low.jpg,originals\portable_electronics\POR_034.jpg,bad_crop,low
degraded\portable_electronics\094_bad_crop_medium.jpg,originals\portable_electronics\POR_034.jpg,bad_crop,medium
degraded\portable_electronics\094_bad_crop_high.jpg,originals\portable_electronics\POR_034.jpg,bad_crop,high
degraded\portable_electronics\094_lowres_low.jpg,originals\portable_electronics\POR_034.jpg,lowres,low
degraded\portable_electronics\094_lowres_medium.jpg,originals\portable_electronics\POR_034.jpg,lowres,medium
degraded\portable_electronics\094_lowres_high.jpg,originals\portable_electronics\POR_034.jpg,lowres,high
degraded\portable_electronics\094_jpeg_low.jpg,originals\portable_electronics\POR_034.jpg,jpeg,low
degraded\portable_electronics\094_jpeg_medium.jpg,originals\portable_electronics\POR_034.jpg,jpeg,medium
degraded\portable_electronics\094_jpeg_high.jpg,originals\portable_electronics\POR_034.jpg,jpeg,high
degraded\portable_electronics\095_blur_low.jpg,originals\portable_electronics\POR_035.jpg,blur,low
degraded\portable_electronics\095_blur_medium.jpg,originals\portable_electronics\POR_035.jpg,blur,medium
degraded\portable_electronics\095_blur_high.jpg,originals\portable_electronics\POR_035.jpg,blur,high
degraded\portable_electronics\095_underexposure_low.jpg,originals\portable_electronics\POR_035.jpg,underexposure,low
degraded\portable_electronics\095_underexposure_medium.jpg,originals\portable_electronics\POR_035.jpg,underexposure,medium
degraded\portable_electronics\095_underexposure_high.jpg,originals\portable_electronics\POR_035.jpg,underexposure,high
degraded\portable_electronics\095_overexposure_low.jpg,originals\portable_electronics\POR_035.jpg,overexposure,low
degraded\portable_electronics\095_overexposure_medium.jpg,originals\portable_electronics\POR_035.jpg,overexposure,medium
degraded\portable_electronics\095_overexposure_high.jpg,originals\portable_electronics\POR_035.jpg,overexposure,high
degraded\portable_electronics\095_bad_crop_low.jpg,originals\portable_electronics\POR_035.jpg,bad_crop,low
degraded\portable_electronics\095_bad_crop_medium.jpg,originals\portable_electronics\POR_035.jpg,bad_crop,medium
degraded\portable_electronics\095_bad_crop_high.jpg,originals\portable_electronics\POR_035.jpg,bad_crop,high
degraded\portable_electronics\095_lowres_low.jpg,originals\portable_electronics\POR_035.jpg,lowres,low
degraded\portable_electronics\095_lowres_medium.jpg,originals\portable_electronics\POR_035.jpg,lowres,medium
degraded\portable_electronics\095_lowres_high.jpg,originals\portable_electronics\POR_035.jpg,lowres,high
degraded\portable_electronics\095_jpeg_low.jpg,originals\portable_electronics\POR_035.jpg,jpeg,low
degraded\portable_electronics\095_jpeg_medium.jpg,originals\portable_electronics\POR_035.jpg,jpeg,medium
degraded\portable_electronics\095_jpeg_high.jpg,originals\portable_electronics\POR_035.jpg,jpeg,high
degraded\portable_electronics\096_blur_low.jpg,originals\portable_electronics\POR_036.jpg,blur,low
degraded\portable_electronics\096_blur_medium.jpg,originals\portable_electronics\POR_036.jpg,blur,medium
degraded\portable_electronics\096_blur_high.jpg,originals\portable_electronics\POR_036.jpg,blur,high
degraded\portable_electronics\096_underexposure_low.jpg,originals\portable_electronics\POR_036.jpg,underexposure,low
degraded\portable_electronics\096_underexposure_medium.jpg,originals\portable_electronics\POR_036.jpg,underexposure,medium
degraded\portable_electronics\096_underexposure_high.jpg,originals\portable_electronics\POR_036.jpg,underexposure,high
degraded\portable_electronics\096_overexposure_low.jpg,originals\portable_electronics\POR_036.jpg,overexposure,low
degraded\portable_electronics\096_overexposure_medium.jpg,originals\portable_electronics\POR_036.jpg,overexposure,medium
degraded\portable_electronics\096_overexposure_high.jpg,originals\portable_electronics\POR_036.jpg,overexposure,high
degraded\portable_electronics\096_bad_crop_low.jpg,originals\portable_electronics\POR_036.jpg,bad_crop,low
degraded\portable_electronics\096_bad_crop_medium.jpg,originals\portable_electronics\POR_036.jpg,bad_crop,medium
degraded\portable_electronics\096_bad_crop_high.jpg,originals\portable_electronics\POR_036.jpg,bad_crop,high
degraded\portable_electronics\096_lowres_low.jpg,originals\portable_electronics\POR_036.jpg,lowres,low
degraded\portable_electronics\096_lowres_medium.jpg,originals\portable_electronics\POR_036.jpg,lowres,medium
degraded\portable_electronics\096_lowres_high.jpg,originals\portable_electronics\POR_036.jpg,lowres,high
degraded\portable_electronics\096_jpeg_low.jpg,originals\portable_electronics\POR_036.jpg,jpeg,low
degraded\portable_electronics\096_jpeg_medium.jpg,originals\portable_electronics\POR_036.jpg,jpeg,medium
degraded\portable_electronics\096_jpeg_high.jpg,originals\portable_electronics\POR_036.jpg,jpeg,high
degraded\portable_electronics\097_blur_low.jpg,originals\portable_electronics\POR_037.jpg,blur,low
degraded\portable_electronics\097_blur_medium.jpg,originals\portable_electronics\POR_037.jpg,blur,medium
degraded\portable_electronics\097_blur_high.jpg,originals\portable_electronics\POR_037.jpg,blur,high
degraded\portable_electronics\097_underexposure_low.jpg,originals\portable_electronics\POR_037.jpg,underexposure,low
degraded\portable_electronics\097_underexposure_medium.jpg,originals\portable_electronics\POR_037.jpg,underexposure,medium
degraded\portable_electronics\097_underexposure_high.jpg,originals\portable_electronics\POR_037.jpg,underexposure,high
degraded\portable_electronics\097_overexposure_low.jpg,originals\portable_electronics\POR_037.jpg,overexposure,low
degraded\portable_electronics\097_overexposure_medium.jpg,originals\portable_electronics\POR_037.jpg,overexposure,medium
degraded\portable_electronics\097_overexposure_high.jpg,originals\portable_electronics\POR_037.jpg,overexposure,high
degraded\portable_electronics\097_bad_crop_low.jpg,originals\portable_electronics\POR_037.jpg,bad_crop,low
degraded\portable_electronics\097_bad_crop_medium.jpg,originals\portable_electronics\POR_037.jpg,bad_crop,medium
degraded\portable_electronics\097_bad_crop_high.jpg,originals\portable_electronics\POR_037.jpg,bad_crop,high
degraded\portable_electronics\097_lowres_low.jpg,originals\portable_electronics\POR_037.jpg,lowres,low
degraded\portable_electronics\097_lowres_medium.jpg,originals\portable_electronics\POR_037.jpg,lowres,medium
degraded\portable_electronics\097_lowres_high.jpg,originals\portable_electronics\POR_037.jpg,lowres,high
degraded\portable_electronics\097_jpeg_low.jpg,originals\portable_electronics\POR_037.jpg,jpeg,low
degraded\portable_electronics\097_jpeg_medium.jpg,originals\portable_electronics\POR_037.jpg,jpeg,medium
degraded\portable_electronics\097_jpeg_high.jpg,originals\portable_electronics\POR_037.jpg,jpeg,high
degraded\portable_electronics\098_blur_low.jpg,originals\portable_electronics\POR_038.jpg,blur,low
degraded\portable_electronics\098_blur_medium.jpg,originals\portable_electronics\POR_038.jpg,blur,medium
degraded\portable_electronics\098_blur_high.jpg,originals\portable_electronics\POR_038.jpg,blur,high
degraded\portable_electronics\098_underexposure_low.jpg,originals\portable_electronics\POR_038.jpg,underexposure,low
degraded\portable_electronics\098_underexposure_medium.jpg,originals\portable_electronics\POR_038.jpg,underexposure,medium
degraded\portable_electronics\098_underexposure_high.jpg,originals\portable_electronics\POR_038.jpg,underexposure,high
degraded\portable_electronics\098_overexposure_low.jpg,originals\portable_electronics\POR_038.jpg,overexposure,low
degraded\portable_electronics\098_overexposure_medium.jpg,originals\portable_electronics\POR_038.jpg,overexposure,medium
degraded\portable_electronics\098_overexposure_high.jpg,originals\portable_electronics\POR_038.jpg,overexposure,high
degraded\portable_electronics\098_bad_crop_low.jpg,originals\portable_electronics\POR_038.jpg,bad_crop,low
degraded\portable_electronics\098_bad_crop_medium.jpg,originals\portable_electronics\POR_038.jpg,bad_crop,medium
degraded\portable_electronics\098_bad_crop_high.jpg,originals\portable_electronics\POR_038.jpg,bad_crop,high
degraded\portable_electronics\098_lowres_low.jpg,originals\portable_electronics\POR_038.jpg,lowres,low
degraded\portable_electronics\098_lowres_medium.jpg,originals\portable_electronics\POR_038.jpg,lowres,medium
degraded\portable_electronics\098_lowres_high.jpg,originals\portable_electronics\POR_038.jpg,lowres,high
degraded\portable_electronics\098_jpeg_low.jpg,originals\portable_electronics\POR_038.jpg,jpeg,low
degraded\portable_electronics\098_jpeg_medium.jpg,originals\portable_electronics\POR_038.jpg,jpeg,medium
degraded\portable_electronics\098_jpeg_high.jpg,originals\portable_electronics\POR_038.jpg,jpeg,high
degraded\portable_electronics\099_blur_low.jpg,originals\portable_electronics\POR_039.jpg,blur,low
degraded\portable_electronics\099_blur_medium.jpg,originals\portable_electronics\POR_039.jpg,blur,medium
degraded\portable_electronics\099_blur_high.jpg,originals\portable_electronics\POR_039.jpg,blur,high
degraded\portable_electronics\099_underexposure_low.jpg,originals\portable_electronics\POR_039.jpg,underexposure,low
degraded\portable_electronics\099_underexposure_medium.jpg,originals\portable_electronics\POR_039.jpg,underexposure,medium
degraded\portable_electronics\099_underexposure_high.jpg,originals\portable_electronics\POR_039.jpg,underexposure,high
degraded\portable_electronics\099_overexposure_low.jpg,originals\portable_electronics\POR_039.jpg,overexposure,low
degraded\portable_electronics\099_overexposure_medium.jpg,originals\portable_electronics\POR_039.jpg,overexposure,medium
degraded\portable_electronics\099_overexposure_high.jpg,originals\portable_electronics\POR_039.jpg,overexposure,high
degraded\portable_electronics\099_bad_crop_low.jpg,originals\portable_electronics\POR_039.jpg,bad_crop,low
degraded\portable_electronics\099_bad_crop_medium.jpg,originals\portable_electronics\POR_039.jpg,bad_crop,medium
degraded\portable_electronics\099_bad_crop_high.jpg,originals\portable_electronics\POR_039.jpg,bad_crop,high
degraded\portable_electronics\099_lowres_low.jpg,originals\portable_electronics\POR_039.jpg,lowres,low
degraded\portable_electronics\099_lowres_medium.jpg,originals\portable_electronics\POR_039.jpg,lowres,medium
degraded\portable_electronics\099_lowres_high.jpg,originals\portable_electronics\POR_039.jpg,lowres,high
degraded\portable_electronics\099_jpeg_low.jpg,originals\portable_electronics\POR_039.jpg,jpeg,low
degraded\portable_electronics\099_jpeg_medium.jpg,originals\portable_electronics\POR_039.jpg,jpeg,medium
degraded\portable_electronics\099_jpeg_high.jpg,originals\portable_electronics\POR_039.jpg,jpeg,high
degraded\portable_electronics\100_blur_low.jpg,originals\portable_electronics\POR_040.jpg,blur,low
degraded\portable_electronics\100_blur_medium.jpg,originals\portable_electronics\POR_040.jpg,blur,medium
degraded\portable_electronics\100_blur_high.jpg,originals\portable_electronics\POR_040.jpg,blur,high
degraded\portable_electronics\100_underexposure_low.jpg,originals\portable_electronics\POR_040.jpg,underexposure,low
degraded\portable_electronics\100_underexposure_medium.jpg,originals\portable_electronics\POR_040.jpg,underexposure,medium
degraded\portable_electronics\100_underexposure_high.jpg,originals\portable_electronics\POR_040.jpg,underexposure,high
degraded\portable_electronics\100_overexposure_low.jpg,originals\portable_electronics\POR_040.jpg,overexposure,low
degraded\portable_electronics\100_overexposure_medium.jpg,originals\portable_electronics\POR_040.jpg,overexposure,medium
degraded\portable_electronics\100_overexposure_high.jpg,originals\portable_electronics\POR_040.jpg,overexposure,high
degraded\portable_electronics\100_bad_crop_low.jpg,originals\portable_electronics\POR_040.jpg,bad_crop,low
degraded\portable_electronics\100_bad_crop_medium.jpg,originals\portable_electronics\POR_040.jpg,bad_crop,medium
degraded\portable_electronics\100_bad_crop_high.jpg,originals\portable_electronics\POR_040.jpg,bad_crop,high
degraded\portable_electronics\100_lowres_low.jpg,originals\portable_electronics\POR_040.jpg,lowres,low
degraded\portable_electronics\100_lowres_medium.jpg,originals\portable_electronics\POR_040.jpg,lowres,medium
degraded\portable_electronics\100_lowres_high.jpg,originals\portable_electronics\POR_040.jpg,lowres,high
degraded\portable_electronics\100_jpeg_low.jpg,originals\portable_electronics\POR_040.jpg,jpeg,low
degraded\portable_electronics\100_jpeg_medium.jpg,originals\portable_electronics\POR_040.jpg,jpeg,medium
degraded\portable_electronics\100_jpeg_high.jpg,originals\portable_electronics\POR_040.jpg,jpeg,high
degraded\portable_electronics\101_blur_low.jpg,originals\portable_electronics\POR_041.jpg,blur,low
degraded\portable_electronics\101_blur_medium.jpg,originals\portable_electronics\POR_041.jpg,blur,medium
degraded\portable_electronics\101_blur_high.jpg,originals\portable_electronics\POR_041.jpg,blur,high
degraded\portable_electronics\101_underexposure_low.jpg,originals\portable_electronics\POR_041.jpg,underexposure,low
degraded\portable_electronics\101_underexposure_medium.jpg,originals\portable_electronics\POR_041.jpg,underexposure,medium
degraded\portable_electronics\101_underexposure_high.jpg,originals\portable_electronics\POR_041.jpg,underexposure,high
degraded\portable_electronics\101_overexposure_low.jpg,originals\portable_electronics\POR_041.jpg,overexposure,low
degraded\portable_electronics\101_overexposure_medium.jpg,originals\portable_electronics\POR_041.jpg,overexposure,medium
degraded\portable_electronics\101_overexposure_high.jpg,originals\portable_electronics\POR_041.jpg,overexposure,high
degraded\portable_electronics\101_bad_crop_low.jpg,originals\portable_electronics\POR_041.jpg,bad_crop,low
degraded\portable_electronics\101_bad_crop_medium.jpg,originals\portable_electronics\POR_041.jpg,bad_crop,medium
degraded\portable_electronics\101_bad_crop_high.jpg,originals\portable_electronics\POR_041.jpg,bad_crop,high
degraded\portable_electronics\101_lowres_low.jpg,originals\portable_electronics\POR_041.jpg,lowres,low
degraded\portable_electronics\101_lowres_medium.jpg,originals\portable_electronics\POR_041.jpg,lowres,medium
degraded\portable_electronics\101_lowres_high.jpg,originals\portable_electronics\POR_041.jpg,lowres,high
degraded\portable_electronics\101_jpeg_low.jpg,originals\portable_electronics\POR_041.jpg,jpeg,low
degraded\portable_electronics\101_jpeg_medium.jpg,originals\portable_electronics\POR_041.jpg,jpeg,medium
degraded\portable_electronics\101_jpeg_high.jpg,originals\portable_electronics\POR_041.jpg,jpeg,high
degraded\portable_electronics\102_blur_low.jpg,originals\portable_electronics\POR_042.jpg,blur,low
degraded\portable_electronics\102_blur_medium.jpg,originals\portable_electronics\POR_042.jpg,blur,medium
degraded\portable_electronics\102_blur_high.jpg,originals\portable_electronics\POR_042.jpg,blur,high
degraded\portable_electronics\102_underexposure_low.jpg,originals\portable_electronics\POR_042.jpg,underexposure,low
degraded\portable_electronics\102_underexposure_medium.jpg,originals\portable_electronics\POR_042.jpg,underexposure,medium
degraded\portable_electronics\102_underexposure_high.jpg,originals\portable_electronics\POR_042.jpg,underexposure,high
degraded\portable_electronics\102_overexposure_low.jpg,originals\portable_electronics\POR_042.jpg,overexposure,low
degraded\portable_electronics\102_overexposure_medium.jpg,originals\portable_electronics\POR_042.jpg,overexposure,medium
degraded\portable_electronics\102_overexposure_high.jpg,originals\portable_electronics\POR_042.jpg,overexposure,high
degraded\portable_electronics\102_bad_crop_low.jpg,originals\portable_electronics\POR_042.jpg,bad_crop,low
degraded\portable_electronics\102_bad_crop_medium.jpg,originals\portable_electronics\POR_042.jpg,bad_crop,medium
degraded\portable_electronics\102_bad_crop_high.jpg,originals\portable_electronics\POR_042.jpg,bad_crop,high
degraded\portable_electronics\102_lowres_low.jpg,originals\portable_electronics\POR_042.jpg,lowres,low
degraded\portable_electronics\102_lowres_medium.jpg,originals\portable_electronics\POR_042.jpg,lowres,medium
degraded\portable_electronics\102_lowres_high.jpg,originals\portable_electronics\POR_042.jpg,lowres,high
degraded\portable_electronics\102_jpeg_low.jpg,originals\portable_electronics\POR_042.jpg,jpeg,low
degraded\portable_electronics\102_jpeg_medium.jpg,originals\portable_electronics\POR_042.jpg,jpeg,medium
degraded\portable_electronics\102_jpeg_high.jpg,originals\portable_electronics\POR_042.jpg,jpeg,high
degraded\portable_electronics\103_blur_low.jpg,originals\portable_electronics\POR_043.jpg,blur,low
degraded\portable_electronics\103_blur_medium.jpg,originals\portable_electronics\POR_043.jpg,blur,medium
degraded\portable_electronics\103_blur_high.jpg,originals\portable_electronics\POR_043.jpg,blur,high
degraded\portable_electronics\103_underexposure_low.jpg,originals\portable_electronics\POR_043.jpg,underexposure,low
degraded\portable_electronics\103_underexposure_medium.jpg,originals\portable_electronics\POR_043.jpg,underexposure,medium
degraded\portable_electronics\103_underexposure_high.jpg,originals\portable_electronics\POR_043.jpg,underexposure,high
degraded\portable_electronics\103_overexposure_low.jpg,originals\portable_electronics\POR_043.jpg,overexposure,low
degraded\portable_electronics\103_overexposure_medium.jpg,originals\portable_electronics\POR_043.jpg,overexposure,medium
degraded\portable_electronics\103_overexposure_high.jpg,originals\portable_electronics\POR_043.jpg,overexposure,high
degraded\portable_electronics\103_bad_crop_low.jpg,originals\portable_electronics\POR_043.jpg,bad_crop,low
degraded\portable_electronics\103_bad_crop_medium.jpg,originals\portable_electronics\POR_043.jpg,bad_crop,medium
degraded\portable_electronics\103_bad_crop_high.jpg,originals\portable_electronics\POR_043.jpg,bad_crop,high
degraded\portable_electronics\103_lowres_low.jpg,originals\portable_electronics\POR_043.jpg,lowres,low
degraded\portable_electronics\103_lowres_medium.jpg,originals\portable_electronics\POR_043.jpg,lowres,medium
degraded\portable_electronics\103_lowres_high.jpg,originals\portable_electronics\POR_043.jpg,lowres,high
degraded\portable_electronics\103_jpeg_low.jpg,originals\portable_electronics\POR_043.jpg,jpeg,low
degraded\portable_electronics\103_jpeg_medium.jpg,originals\portable_electronics\POR_043.jpg,jpeg,medium
degraded\portable_electronics\103_jpeg_high.jpg,originals\portable_electronics\POR_043.jpg,jpeg,high
degraded\portable_electronics\104_blur_low.jpg,originals\portable_electronics\POR_044.jpg,blur,low
degraded\portable_electronics\104_blur_medium.jpg,originals\portable_electronics\POR_044.jpg,blur,medium
degraded\portable_electronics\104_blur_high.jpg,originals\portable_electronics\POR_044.jpg,blur,high
degraded\portable_electronics\104_underexposure_low.jpg,originals\portable_electronics\POR_044.jpg,underexposure,low
degraded\portable_electronics\104_underexposure_medium.jpg,originals\portable_electronics\POR_044.jpg,underexposure,medium
degraded\portable_electronics\104_underexposure_high.jpg,originals\portable_electronics\POR_044.jpg,underexposure,high
degraded\portable_electronics\104_overexposure_low.jpg,originals\portable_electronics\POR_044.jpg,overexposure,low
degraded\portable_electronics\104_overexposure_medium.jpg,originals\portable_electronics\POR_044.jpg,overexposure,medium
degraded\portable_electronics\104_overexposure_high.jpg,originals\portable_electronics\POR_044.jpg,overexposure,high
degraded\portable_electronics\104_bad_crop_low.jpg,originals\portable_electronics\POR_044.jpg,bad_crop,low
degraded\portable_electronics\104_bad_crop_medium.jpg,originals\portable_electronics\POR_044.jpg,bad_crop,medium
degraded\portable_electronics\104_bad_crop_high.jpg,originals\portable_electronics\POR_044.jpg,bad_crop,high
degraded\portable_electronics\104_lowres_low.jpg,originals\portable_electronics\POR_044.jpg,lowres,low
degraded\portable_electronics\104_lowres_medium.jpg,originals\portable_electronics\POR_044.jpg,lowres,medium
degraded\portable_electronics\104_lowres_high.jpg,originals\portable_electronics\POR_044.jpg,lowres,high
degraded\portable_electronics\104_jpeg_low.jpg,originals\portable_electronics\POR_044.jpg,jpeg,low
degraded\portable_electronics\104_jpeg_medium.jpg,originals\portable_electronics\POR_044.jpg,jpeg,medium
degraded\portable_electronics\104_jpeg_high.jpg,originals\portable_electronics\POR_044.jpg,jpeg,high
degraded\portable_electronics\105_blur_low.jpg,originals\portable_electronics\POR_045.jpg,blur,low
degraded\portable_electronics\105_blur_medium.jpg,originals\portable_electronics\POR_045.jpg,blur,medium
degraded\portable_electronics\105_blur_high.jpg,originals\portable_electronics\POR_045.jpg,blur,high
degraded\portable_electronics\105_underexposure_low.jpg,originals\portable_electronics\POR_045.jpg,underexposure,low
degraded\portable_electronics\105_underexposure_medium.jpg,originals\portable_electronics\POR_045.jpg,underexposure,medium
degraded\portable_electronics\105_underexposure_high.jpg,originals\portable_electronics\POR_045.jpg,underexposure,high
degraded\portable_electronics\105_overexposure_low.jpg,originals\portable_electronics\POR_045.jpg,overexposure,low
degraded\portable_electronics\105_overexposure_medium.jpg,originals\portable_electronics\POR_045.jpg,overexposure,medium
degraded\portable_electronics\105_overexposure_high.jpg,originals\portable_electronics\POR_045.jpg,overexposure,high
degraded\portable_electronics\105_bad_crop_low.jpg,originals\portable_electronics\POR_045.jpg,bad_crop,low
degraded\portable_electronics\105_bad_crop_medium.jpg,originals\portable_electronics\POR_045.jpg,bad_crop,medium
degraded\portable_electronics\105_bad_crop_high.jpg,originals\portable_electronics\POR_045.jpg,bad_crop,high
degraded\portable_electronics\105_lowres_low.jpg,originals\portable_electronics\POR_045.jpg,lowres,low
degraded\portable_electronics\105_lowres_medium.jpg,originals\portable_electronics\POR_045.jpg,lowres,medium
degraded\portable_electronics\105_lowres_high.jpg,originals\portable_electronics\POR_045.jpg,lowres,high
degraded\portable_electronics\105_jpeg_low.jpg,originals\portable_electronics\POR_045.jpg,jpeg,low
degraded\portable_electronics\105_jpeg_medium.jpg,originals\portable_electronics\POR_045.jpg,jpeg,medium
degraded\portable_electronics\105_jpeg_high.jpg,originals\portable_electronics\POR_045.jpg,jpeg,high
degraded\portable_electronics\106_blur_low.jpg,originals\portable_electronics\POR_046.jpg,blur,low
degraded\portable_electronics\106_blur_medium.jpg,originals\portable_electronics\POR_046.jpg,blur,medium
degraded\portable_electronics\106_blur_high.jpg,originals\portable_electronics\POR_046.jpg,blur,high
degraded\portable_electronics\106_underexposure_low.jpg,originals\portable_electronics\POR_046.jpg,underexposure,low
degraded\portable_electronics\106_underexposure_medium.jpg,originals\portable_electronics\POR_046.jpg,underexposure,medium
degraded\portable_electronics\106_underexposure_high.jpg,originals\portable_electronics\POR_046.jpg,underexposure,high
degraded\portable_electronics\106_overexposure_low.jpg,originals\portable_electronics\POR_046.jpg,overexposure,low
degraded\portable_electronics\106_overexposure_medium.jpg,originals\portable_electronics\POR_046.jpg,overexposure,medium
degraded\portable_electronics\106_overexposure_high.jpg,originals\portable_electronics\POR_046.jpg,overexposure,high
degraded\portable_electronics\106_bad_crop_low.jpg,originals\portable_electronics\POR_046.jpg,bad_crop,low
degraded\portable_electronics\106_bad_crop_medium.jpg,originals\portable_electronics\POR_046.jpg,bad_crop,medium
degraded\portable_electronics\106_bad_crop_high.jpg,originals\portable_electronics\POR_046.jpg,bad_crop,high
degraded\portable_electronics\106_lowres_low.jpg,originals\portable_electronics\POR_046.jpg,lowres,low
degraded\portable_electronics\106_lowres_medium.jpg,originals\portable_electronics\POR_046.jpg,lowres,medium
degraded\portable_electronics\106_lowres_high.jpg,originals\portable_electronics\POR_046.jpg,lowres,high
degraded\portable_electronics\106_jpeg_low.jpg,originals\portable_electronics\POR_046.jpg,jpeg,low
degraded\portable_electronics\106_jpeg_medium.jpg,originals\portable_electronics\POR_046.jpg,jpeg,medium
degraded\portable_electronics\106_jpeg_high.jpg,originals\portable_electronics\POR_046.jpg,jpeg,high
degraded\portable_electronics\107_blur_low.jpg,originals\portable_electronics\POR_047.jpg,blur,low
degraded\portable_electronics\107_blur_medium.jpg,originals\portable_electronics\POR_047.jpg,blur,medium
degraded\portable_electronics\107_blur_high.jpg,originals\portable_electronics\POR_047.jpg,blur,high
degraded\portable_electronics\107_underexposure_low.jpg,originals\portable_electronics\POR_047.jpg,underexposure,low
degraded\portable_electronics\107_underexposure_medium.jpg,originals\portable_electronics\POR_047.jpg,underexposure,medium
degraded\portable_electronics\107_underexposure_high.jpg,originals\portable_electronics\POR_047.jpg,underexposure,high
degraded\portable_electronics\107_overexposure_low.jpg,originals\portable_electronics\POR_047.jpg,overexposure,low
degraded\portable_electronics\107_overexposure_medium.jpg,originals\portable_electronics\POR_047.jpg,overexposure,medium
degraded\portable_electronics\107_overexposure_high.jpg,originals\portable_electronics\POR_047.jpg,overexposure,high
degraded\portable_electronics\107_bad_crop_low.jpg,originals\portable_electronics\POR_047.jpg,bad_crop,low
degraded\portable_electronics\107_bad_crop_medium.jpg,originals\portable_electronics\POR_047.jpg,bad_crop,medium
degraded\portable_electronics\107_bad_crop_high.jpg,originals\portable_electronics\POR_047.jpg,bad_crop,high
degraded\portable_electronics\107_lowres_low.jpg,originals\portable_electronics\POR_047.jpg,lowres,low
degraded\portable_electronics\107_lowres_medium.jpg,originals\portable_electronics\POR_047.jpg,lowres,medium
degraded\portable_electronics\107_lowres_high.jpg,originals\portable_electronics\POR_047.jpg,lowres,high
degraded\portable_electronics\107_jpeg_low.jpg,originals\portable_electronics\POR_047.jpg,jpeg,low
degraded\portable_electronics\107_jpeg_medium.jpg,originals\portable_electronics\POR_047.jpg,jpeg,medium
degraded\portable_electronics\107_jpeg_high.jpg,originals\portable_electronics\POR_047.jpg,jpeg,high
degraded\portable_electronics\108_blur_low.jpg,originals\portable_electronics\POR_048.jpg,blur,low
degraded\portable_electronics\108_blur_medium.jpg,originals\portable_electronics\POR_048.jpg,blur,medium
degraded\portable_electronics\108_blur_high.jpg,originals\portable_electronics\POR_048.jpg,blur,high
degraded\portable_electronics\108_underexposure_low.jpg,originals\portable_electronics\POR_048.jpg,underexposure,low
degraded\portable_electronics\108_underexposure_medium.jpg,originals\portable_electronics\POR_048.jpg,underexposure,medium
degraded\portable_electronics\108_underexposure_high.jpg,originals\portable_electronics\POR_048.jpg,underexposure,high
degraded\portable_electronics\108_overexposure_low.jpg,originals\portable_electronics\POR_048.jpg,overexposure,low
degraded\portable_electronics\108_overexposure_medium.jpg,originals\portable_electronics\POR_048.jpg,overexposure,medium
degraded\portable_electronics\108_overexposure_high.jpg,originals\portable_electronics\POR_048.jpg,overexposure,high
degraded\portable_electronics\108_bad_crop_low.jpg,originals\portable_electronics\POR_048.jpg,bad_crop,low
degraded\portable_electronics\108_bad_crop_medium.jpg,originals\portable_electronics\POR_048.jpg,bad_crop,medium
degraded\portable_electronics\108_bad_crop_high.jpg,originals\portable_electronics\POR_048.jpg,bad_crop,high
degraded\portable_electronics\108_lowres_low.jpg,originals\portable_electronics\POR_048.jpg,lowres,low
degraded\portable_electronics\108_lowres_medium.jpg,originals\portable_electronics\POR_048.jpg,lowres,medium
degraded\portable_electronics\108_lowres_high.jpg,originals\portable_electronics\POR_048.jpg,lowres,high
degraded\portable_electronics\108_jpeg_low.jpg,originals\portable_electronics\POR_048.jpg,jpeg,low
degraded\portable_electronics\108_jpeg_medium.jpg,originals\portable_electronics\POR_048.jpg,jpeg,medium
degraded\portable_electronics\108_jpeg_high.jpg,originals\portable_electronics\POR_048.jpg,jpeg,high
degraded\portable_electronics\109_blur_low.jpg,originals\portable_electronics\POR_049.jpg,blur,low
degraded\portable_electronics\109_blur_medium.jpg,originals\portable_electronics\POR_049.jpg,blur,medium
degraded\portable_electronics\109_blur_high.jpg,originals\portable_electronics\POR_049.jpg,blur,high
degraded\portable_electronics\109_underexposure_low.jpg,originals\portable_electronics\POR_049.jpg,underexposure,low
degraded\portable_electronics\109_underexposure_medium.jpg,originals\portable_electronics\POR_049.jpg,underexposure,medium
degraded\portable_electronics\109_underexposure_high.jpg,originals\portable_electronics\POR_049.jpg,underexposure,high
degraded\portable_electronics\109_overexposure_low.jpg,originals\portable_electronics\POR_049.jpg,overexposure,low
degraded\portable_electronics\109_overexposure_medium.jpg,originals\portable_electronics\POR_049.jpg,overexposure,medium
degraded\portable_electronics\109_overexposure_high.jpg,originals\portable_electronics\POR_049.jpg,overexposure,high
degraded\portable_electronics\109_bad_crop_low.jpg,originals\portable_electronics\POR_049.jpg,bad_crop,low
degraded\portable_electronics\109_bad_crop_medium.jpg,originals\portable_electronics\POR_049.jpg,bad_crop,medium
degraded\portable_electronics\109_bad_crop_high.jpg,originals\portable_electronics\POR_049.jpg,bad_crop,high
degraded\portable_electronics\109_lowres_low.jpg,originals\portable_electronics\POR_049.jpg,lowres,low
degraded\portable_electronics\109_lowres_medium.jpg,originals\portable_electronics\POR_049.jpg,lowres,medium
degraded\portable_electronics\109_lowres_high.jpg,originals\portable_electronics\POR_049.jpg,lowres,high
degraded\portable_electronics\109_jpeg_low.jpg,originals\portable_electronics\POR_049.jpg,jpeg,low
degraded\portable_electronics\109_jpeg_medium.jpg,originals\portable_electronics\POR_049.jpg,jpeg,medium
degraded\portable_electronics\109_jpeg_high.jpg,originals\portable_electronics\POR_049.jpg,jpeg,high
degraded\portable_electronics\110_blur_low.jpg,originals\portable_electronics\POR_050.jpg,blur,low
degraded\portable_electronics\110_blur_medium.jpg,originals\portable_electronics\POR_050.jpg,blur,medium
degraded\portable_electronics\110_blur_high.jpg,originals\portable_electronics\POR_050.jpg,blur,high
degraded\portable_electronics\110_underexposure_low.jpg,originals\portable_electronics\POR_050.jpg,underexposure,low
degraded\portable_electronics\110_underexposure_medium.jpg,originals\portable_electronics\POR_050.jpg,underexposure,medium
degraded\portable_electronics\110_underexposure_high.jpg,originals\portable_electronics\POR_050.jpg,underexposure,high
degraded\portable_electronics\110_overexposure_low.jpg,originals\portable_electronics\POR_050.jpg,overexposure,low
degraded\portable_electronics\110_overexposure_medium.jpg,originals\portable_electronics\POR_050.jpg,overexposure,medium
degraded\portable_electronics\110_overexposure_high.jpg,originals\portable_electronics\POR_050.jpg,overexposure,high
degraded\portable_electronics\110_bad_crop_low.jpg,originals\portable_electronics\POR_050.jpg,bad_crop,low
degraded\portable_electronics\110_bad_crop_medium.jpg,originals\portable_electronics\POR_050.jpg,bad_crop,medium
degraded\portable_electronics\110_bad_crop_high.jpg,originals\portable_electronics\POR_050.jpg,bad_crop,high
degraded\portable_electronics\110_lowres_low.jpg,originals\portable_electronics\POR_050.jpg,lowres,low
degraded\portable_electronics\110_lowres_medium.jpg,originals\portable_electronics\POR_050.jpg,lowres,medium
degraded\portable_electronics\110_lowres_high.jpg,originals\portable_electronics\POR_050.jpg,lowres,high
degraded\portable_electronics\110_jpeg_low.jpg,originals\portable_electronics\POR_050.jpg,jpeg,low
degraded\portable_electronics\110_jpeg_medium.jpg,originals\portable_electronics\POR_050.jpg,jpeg,medium
degraded\portable_electronics\110_jpeg_high.jpg,originals\portable_electronics\POR_050.jpg,jpeg,high
degraded\portable_electronics\111_blur_low.jpg,originals\portable_electronics\POR_051.jpg,blur,low
degraded\portable_electronics\111_blur_medium.jpg,originals\portable_electronics\POR_051.jpg,blur,medium
degraded\portable_electronics\111_blur_high.jpg,originals\portable_electronics\POR_051.jpg,blur,high
degraded\portable_electronics\111_underexposure_low.jpg,originals\portable_electronics\POR_051.jpg,underexposure,low
degraded\portable_electronics\111_underexposure_medium.jpg,originals\portable_electronics\POR_051.jpg,underexposure,medium
degraded\portable_electronics\111_underexposure_high.jpg,originals\portable_electronics\POR_051.jpg,underexposure,high
degraded\portable_electronics\111_overexposure_low.jpg,originals\portable_electronics\POR_051.jpg,overexposure,low
degraded\portable_electronics\111_overexposure_medium.jpg,originals\portable_electronics\POR_051.jpg,overexposure,medium
degraded\portable_electronics\111_overexposure_high.jpg,originals\portable_electronics\POR_051.jpg,overexposure,high
degraded\portable_electronics\111_bad_crop_low.jpg,originals\portable_electronics\POR_051.jpg,bad_crop,low
degraded\portable_electronics\111_bad_crop_medium.jpg,originals\portable_electronics\POR_051.jpg,bad_crop,medium
degraded\portable_electronics\111_bad_crop_high.jpg,originals\portable_electronics\POR_051.jpg,bad_crop,high
degraded\portable_electronics\111_lowres_low.jpg,originals\portable_electronics\POR_051.jpg,lowres,low
degraded\portable_electronics\111_lowres_medium.jpg,originals\portable_electronics\POR_051.jpg,lowres,medium
degraded\portable_electronics\111_lowres_high.jpg,originals\portable_electronics\POR_051.jpg,lowres,high
degraded\portable_electronics\111_jpeg_low.jpg,originals\portable_electronics\POR_051.jpg,jpeg,low
degraded\portable_electronics\111_jpeg_medium.jpg,originals\portable_electronics\POR_051.jpg,jpeg,medium
degraded\portable_electronics\111_jpeg_high.jpg,originals\portable_electronics\POR_051.jpg,jpeg,high
degraded\portable_electronics\112_blur_low.jpg,originals\portable_electronics\POR_052.jpg,blur,low
degraded\portable_electronics\112_blur_medium.jpg,originals\portable_electronics\POR_052.jpg,blur,medium
degraded\portable_electronics\112_blur_high.jpg,originals\portable_electronics\POR_052.jpg,blur,high
degraded\portable_electronics\112_underexposure_low.jpg,originals\portable_electronics\POR_052.jpg,underexposure,low
degraded\portable_electronics\112_underexposure_medium.jpg,originals\portable_electronics\POR_052.jpg,underexposure,medium
degraded\portable_electronics\112_underexposure_high.jpg,originals\portable_electronics\POR_052.jpg,underexposure,high
degraded\portable_electronics\112_overexposure_low.jpg,originals\portable_electronics\POR_052.jpg,overexposure,low
degraded\portable_electronics\112_overexposure_medium.jpg,originals\portable_electronics\POR_052.jpg,overexposure,medium
degraded\portable_electronics\112_overexposure_high.jpg,originals\portable_electronics\POR_052.jpg,overexposure,high
degraded\portable_electronics\112_bad_crop_low.jpg,originals\portable_electronics\POR_052.jpg,bad_crop,low
degraded\portable_electronics\112_bad_crop_medium.jpg,originals\portable_electronics\POR_052.jpg,bad_crop,medium
degraded\portable_electronics\112_bad_crop_high.jpg,originals\portable_electronics\POR_052.jpg,bad_crop,high
degraded\portable_electronics\112_lowres_low.jpg,originals\portable_electronics\POR_052.jpg,lowres,low
degraded\portable_electronics\112_lowres_medium.jpg,originals\portable_electronics\POR_052.jpg,lowres,medium
degraded\portable_electronics\112_lowres_high.jpg,originals\portable_electronics\POR_052.jpg,lowres,high
degraded\portable_electronics\112_jpeg_low.jpg,originals\portable_electronics\POR_052.jpg,jpeg,low
degraded\portable_electronics\112_jpeg_medium.jpg,originals\portable_electronics\POR_052.jpg,jpeg,medium
degraded\portable_electronics\112_jpeg_high.jpg,originals\portable_electronics\POR_052.jpg,jpeg,high
degraded\portable_electronics\113_blur_low.jpg,originals\portable_electronics\POR_053.jpg,blur,low
degraded\portable_electronics\113_blur_medium.jpg,originals\portable_electronics\POR_053.jpg,blur,medium
degraded\portable_electronics\113_blur_high.jpg,originals\portable_electronics\POR_053.jpg,blur,high
degraded\portable_electronics\113_underexposure_low.jpg,originals\portable_electronics\POR_053.jpg,underexposure,low
degraded\portable_electronics\113_underexposure_medium.jpg,originals\portable_electronics\POR_053.jpg,underexposure,medium
degraded\portable_electronics\113_underexposure_high.jpg,originals\portable_electronics\POR_053.jpg,underexposure,high
degraded\portable_electronics\113_overexposure_low.jpg,originals\portable_electronics\POR_053.jpg,overexposure,low
degraded\portable_electronics\113_overexposure_medium.jpg,originals\portable_electronics\POR_053.jpg,overexposure,medium
degraded\portable_electronics\113_overexposure_high.jpg,originals\portable_electronics\POR_053.jpg,overexposure,high
degraded\portable_electronics\113_bad_crop_low.jpg,originals\portable_electronics\POR_053.jpg,bad_crop,low
degraded\portable_electronics\113_bad_crop_medium.jpg,originals\portable_electronics\POR_053.jpg,bad_crop,medium
degraded\portable_electronics\113_bad_crop_high.jpg,originals\portable_electronics\POR_053.jpg,bad_crop,high
degraded\portable_electronics\113_lowres_low.jpg,originals\portable_electronics\POR_053.jpg,lowres,low
degraded\portable_electronics\113_lowres_medium.jpg,originals\portable_electronics\POR_053.jpg,lowres,medium
degraded\portable_electronics\113_lowres_high.jpg,originals\portable_electronics\POR_053.jpg,lowres,high
degraded\portable_electronics\113_jpeg_low.jpg,originals\portable_electronics\POR_053.jpg,jpeg,low
degraded\portable_electronics\113_jpeg_medium.jpg,originals\portable_electronics\POR_053.jpg,jpeg,medium
degraded\portable_electronics\113_jpeg_high.jpg,originals\portable_electronics\POR_053.jpg,jpeg,high
degraded\portable_electronics\114_blur_low.jpg,originals\portable_electronics\POR_054.jpg,blur,low
degraded\portable_electronics\114_blur_medium.jpg,originals\portable_electronics\POR_054.jpg,blur,medium
degraded\portable_electronics\114_blur_high.jpg,originals\portable_electronics\POR_054.jpg,blur,high
degraded\portable_electronics\114_underexposure_low.jpg,originals\portable_electronics\POR_054.jpg,underexposure,low
degraded\portable_electronics\114_underexposure_medium.jpg,originals\portable_electronics\POR_054.jpg,underexposure,medium
degraded\portable_electronics\114_underexposure_high.jpg,originals\portable_electronics\POR_054.jpg,underexposure,high
degraded\portable_electronics\114_overexposure_low.jpg,originals\portable_electronics\POR_054.jpg,overexposure,low
degraded\portable_electronics\114_overexposure_medium.jpg,originals\portable_electronics\POR_054.jpg,overexposure,medium
degraded\portable_electronics\114_overexposure_high.jpg,originals\portable_electronics\POR_054.jpg,overexposure,high
degraded\portable_electronics\114_bad_crop_low.jpg,originals\portable_electronics\POR_054.jpg,bad_crop,low
degraded\portable_electronics\114_bad_crop_medium.jpg,originals\portable_electronics\POR_054.jpg,bad_crop,medium
degraded\portable_electronics\114_bad_crop_high.jpg,originals\portable_electronics\POR_054.jpg,bad_crop,high
degraded\portable_electronics\114_lowres_low.jpg,originals\portable_electronics\POR_054.jpg,lowres,low
degraded\portable_electronics\114_lowres_medium.jpg,originals\portable_electronics\POR_054.jpg,lowres,medium
degraded\portable_electronics\114_lowres_high.jpg,originals\portable_electronics\POR_054.jpg,lowres,high
degraded\portable_electronics\114_jpeg_low.jpg,originals\portable_electronics\POR_054.jpg,jpeg,low
degraded\portable_electronics\114_jpeg_medium.jpg,originals\portable_electronics\POR_054.jpg,jpeg,medium
degraded\portable_electronics\114_jpeg_high.jpg,originals\portable_electronics\POR_054.jpg,jpeg,high
degraded\portable_electronics\115_blur_low.jpg,originals\portable_electronics\POR_055.jpg,blur,low
degraded\portable_electronics\115_blur_medium.jpg,originals\portable_electronics\POR_055.jpg,blur,medium
degraded\portable_electronics\115_blur_high.jpg,originals\portable_electronics\POR_055.jpg,blur,high
degraded\portable_electronics\115_underexposure_low.jpg,originals\portable_electronics\POR_055.jpg,underexposure,low
degraded\portable_electronics\115_underexposure_medium.jpg,originals\portable_electronics\POR_055.jpg,underexposure,medium
degraded\portable_electronics\115_underexposure_high.jpg,originals\portable_electronics\POR_055.jpg,underexposure,high
degraded\portable_electronics\115_overexposure_low.jpg,originals\portable_electronics\POR_055.jpg,overexposure,low
degraded\portable_electronics\115_overexposure_medium.jpg,originals\portable_electronics\POR_055.jpg,overexposure,medium
degraded\portable_electronics\115_overexposure_high.jpg,originals\portable_electronics\POR_055.jpg,overexposure,high
degraded\portable_electronics\115_bad_crop_low.jpg,originals\portable_electronics\POR_055.jpg,bad_crop,low
degraded\portable_electronics\115_bad_crop_medium.jpg,originals\portable_electronics\POR_055.jpg,bad_crop,medium
degraded\portable_electronics\115_bad_crop_high.jpg,originals\portable_electronics\POR_055.jpg,bad_crop,high
degraded\portable_electronics\115_lowres_low.jpg,originals\portable_electronics\POR_055.jpg,lowres,low
degraded\portable_electronics\115_lowres_medium.jpg,originals\portable_electronics\POR_055.jpg,lowres,medium
degraded\portable_electronics\115_lowres_high.jpg,originals\portable_electronics\POR_055.jpg,lowres,high
degraded\portable_electronics\115_jpeg_low.jpg,originals\portable_electronics\POR_055.jpg,jpeg,low
degraded\portable_electronics\115_jpeg_medium.jpg,originals\portable_electronics\POR_055.jpg,jpeg,medium
degraded\portable_electronics\115_jpeg_high.jpg,originals\portable_electronics\POR_055.jpg,jpeg,high
degraded\portable_electronics\116_blur_low.jpg,originals\portable_electronics\POR_056.jpg,blur,low
degraded\portable_electronics\116_blur_medium.jpg,originals\portable_electronics\POR_056.jpg,blur,medium
degraded\portable_electronics\116_blur_high.jpg,originals\portable_electronics\POR_056.jpg,blur,high
degraded\portable_electronics\116_underexposure_low.jpg,originals\portable_electronics\POR_056.jpg,underexposure,low
degraded\portable_electronics\116_underexposure_medium.jpg,originals\portable_electronics\POR_056.jpg,underexposure,medium
degraded\portable_electronics\116_underexposure_high.jpg,originals\portable_electronics\POR_056.jpg,underexposure,high
degraded\portable_electronics\116_overexposure_low.jpg,originals\portable_electronics\POR_056.jpg,overexposure,low
degraded\portable_electronics\116_overexposure_medium.jpg,originals\portable_electronics\POR_056.jpg,overexposure,medium
degraded\portable_electronics\116_overexposure_high.jpg,originals\portable_electronics\POR_056.jpg,overexposure,high
degraded\portable_electronics\116_bad_crop_low.jpg,originals\portable_electronics\POR_056.jpg,bad_crop,low
degraded\portable_electronics\116_bad_crop_medium.jpg,originals\portable_electronics\POR_056.jpg,bad_crop,medium
degraded\portable_electronics\116_bad_crop_high.jpg,originals\portable_electronics\POR_056.jpg,bad_crop,high
degraded\portable_electronics\116_lowres_low.jpg,originals\portable_electronics\POR_056.jpg,lowres,low
degraded\portable_electronics\116_lowres_medium.jpg,originals\portable_electronics\POR_056.jpg,lowres,medium
degraded\portable_electronics\116_lowres_high.jpg,originals\portable_electronics\POR_056.jpg,lowres,high
degraded\portable_electronics\116_jpeg_low.jpg,originals\portable_electronics\POR_056.jpg,jpeg,low
degraded\portable_electronics\116_jpeg_medium.jpg,originals\portable_electronics\POR_056.jpg,jpeg,medium
degraded\portable_electronics\116_jpeg_high.jpg,originals\portable_electronics\POR_056.jpg,jpeg,high
degraded\portable_electronics\117_blur_low.jpg,originals\portable_electronics\POR_057.jpg,blur,low
degraded\portable_electronics\117_blur_medium.jpg,originals\portable_electronics\POR_057.jpg,blur,medium
degraded\portable_electronics\117_blur_high.jpg,originals\portable_electronics\POR_057.jpg,blur,high
degraded\portable_electronics\117_underexposure_low.jpg,originals\portable_electronics\POR_057.jpg,underexposure,low
degraded\portable_electronics\117_underexposure_medium.jpg,originals\portable_electronics\POR_057.jpg,underexposure,medium
degraded\portable_electronics\117_underexposure_high.jpg,originals\portable_electronics\POR_057.jpg,underexposure,high
degraded\portable_electronics\117_overexposure_low.jpg,originals\portable_electronics\POR_057.jpg,overexposure,low
degraded\portable_electronics\117_overexposure_medium.jpg,originals\portable_electronics\POR_057.jpg,overexposure,medium
degraded\portable_electronics\117_overexposure_high.jpg,originals\portable_electronics\POR_057.jpg,overexposure,high
degraded\portable_electronics\117_bad_crop_low.jpg,originals\portable_electronics\POR_057.jpg,bad_crop,low
degraded\portable_electronics\117_bad_crop_medium.jpg,originals\portable_electronics\POR_057.jpg,bad_crop,medium
degraded\portable_electronics\117_bad_crop_high.jpg,originals\portable_electronics\POR_057.jpg,bad_crop,high
degraded\portable_electronics\117_lowres_low.jpg,originals\portable_electronics\POR_057.jpg,lowres,low
degraded\portable_electronics\117_lowres_medium.jpg,originals\portable_electronics\POR_057.jpg,lowres,medium
degraded\portable_electronics\117_lowres_high.jpg,originals\portable_electronics\POR_057.jpg,lowres,high
degraded\portable_electronics\117_jpeg_low.jpg,originals\portable_electronics\POR_057.jpg,jpeg,low
degraded\portable_electronics\117_jpeg_medium.jpg,originals\portable_electronics\POR_057.jpg,jpeg,medium
degraded\portable_electronics\117_jpeg_high.jpg,originals\portable_electronics\POR_057.jpg,jpeg,high
degraded\portable_electronics\118_blur_low.jpg,originals\portable_electronics\POR_058.jpg,blur,low
degraded\portable_electronics\118_blur_medium.jpg,originals\portable_electronics\POR_058.jpg,blur,medium
degraded\portable_electronics\118_blur_high.jpg,originals\portable_electronics\POR_058.jpg,blur,high
degraded\portable_electronics\118_underexposure_low.jpg,originals\portable_electronics\POR_058.jpg,underexposure,low
degraded\portable_electronics\118_underexposure_medium.jpg,originals\portable_electronics\POR_058.jpg,underexposure,medium
degraded\portable_electronics\118_underexposure_high.jpg,originals\portable_electronics\POR_058.jpg,underexposure,high
degraded\portable_electronics\118_overexposure_low.jpg,originals\portable_electronics\POR_058.jpg,overexposure,low
degraded\portable_electronics\118_overexposure_medium.jpg,originals\portable_electronics\POR_058.jpg,overexposure,medium
degraded\portable_electronics\118_overexposure_high.jpg,originals\portable_electronics\POR_058.jpg,overexposure,high
degraded\portable_electronics\118_bad_crop_low.jpg,originals\portable_electronics\POR_058.jpg,bad_crop,low
degraded\portable_electronics\118_bad_crop_medium.jpg,originals\portable_electronics\POR_058.jpg,bad_crop,medium
degraded\portable_electronics\118_bad_crop_high.jpg,originals\portable_electronics\POR_058.jpg,bad_crop,high
degraded\portable_electronics\118_lowres_low.jpg,originals\portable_electronics\POR_058.jpg,lowres,low
degraded\portable_electronics\118_lowres_medium.jpg,originals\portable_electronics\POR_058.jpg,lowres,medium
degraded\portable_electronics\118_lowres_high.jpg,originals\portable_electronics\POR_058.jpg,lowres,high
degraded\portable_electronics\118_jpeg_low.jpg,originals\portable_electronics\POR_058.jpg,jpeg,low
degraded\portable_electronics\118_jpeg_medium.jpg,originals\portable_electronics\POR_058.jpg,jpeg,medium
degraded\portable_electronics\118_jpeg_high.jpg,originals\portable_electronics\POR_058.jpg,jpeg,high
degraded\portable_electronics\119_blur_low.jpg,originals\portable_electronics\POR_059.jpg,blur,low
degraded\portable_electronics\119_blur_medium.jpg,originals\portable_electronics\POR_059.jpg,blur,medium
degraded\portable_electronics\119_blur_high.jpg,originals\portable_electronics\POR_059.jpg,blur,high
degraded\portable_electronics\119_underexposure_low.jpg,originals\portable_electronics\POR_059.jpg,underexposure,low
degraded\portable_electronics\119_underexposure_medium.jpg,originals\portable_electronics\POR_059.jpg,underexposure,medium
degraded\portable_electronics\119_underexposure_high.jpg,originals\portable_electronics\POR_059.jpg,underexposure,high
degraded\portable_electronics\119_overexposure_low.jpg,originals\portable_electronics\POR_059.jpg,overexposure,low
degraded\portable_electronics\119_overexposure_medium.jpg,originals\portable_electronics\POR_059.jpg,overexposure,medium
degraded\portable_electronics\119_overexposure_high.jpg,originals\portable_electronics\POR_059.jpg,overexposure,high
degraded\portable_electronics\119_bad_crop_low.jpg,originals\portable_electronics\POR_059.jpg,bad_crop,low
degraded\portable_electronics\119_bad_crop_medium.jpg,originals\portable_electronics\POR_059.jpg,bad_crop,medium
degraded\portable_electronics\119_bad_crop_high.jpg,originals\portable_electronics\POR_059.jpg,bad_crop,high
degraded\portable_electronics\119_lowres_low.jpg,originals\portable_electronics\POR_059.jpg,lowres,low
degraded\portable_electronics\119_lowres_medium.jpg,originals\portable_electronics\POR_059.jpg,lowres,medium
degraded\portable_electronics\119_lowres_high.jpg,originals\portable_electronics\POR_059.jpg,lowres,high
degraded\portable_electronics\119_jpeg_low.jpg,originals\portable_electronics\POR_059.jpg,jpeg,low
degraded\portable_electronics\119_jpeg_medium.jpg,originals\portable_electronics\POR_059.jpg,jpeg,medium
degraded\portable_electronics\119_jpeg_high.jpg,originals\portable_electronics\POR_059.jpg,jpeg,high
degraded\portable_electronics\120_blur_low.jpg,originals\portable_electronics\POR_060.jpg,blur,low
degraded\portable_electronics\120_blur_medium.jpg,originals\portable_electronics\POR_060.jpg,blur,medium
degraded\portable_electronics\120_blur_high.jpg,originals\portable_electronics\POR_060.jpg,blur,high
degraded\portable_electronics\120_underexposure_low.jpg,originals\portable_electronics\POR_060.jpg,underexposure,low
degraded\portable_electronics\120_underexposure_medium.jpg,originals\portable_electronics\POR_060.jpg,underexposure,medium
degraded\portable_electronics\120_underexposure_high.jpg,originals\portable_electronics\POR_060.jpg,underexposure,high
degraded\portable_electronics\120_overexposure_low.jpg,originals\portable_electronics\POR_060.jpg,overexposure,low
degraded\portable_electronics\120_overexposure_medium.jpg,originals\portable_electronics\POR_060.jpg,overexposure,medium
degraded\portable_electronics\120_overexposure_high.jpg,originals\portable_electronics\POR_060.jpg,overexposure,high
degraded\portable_electronics\120_bad_crop_low.jpg,originals\portable_electronics\POR_060.jpg,bad_crop,low
degraded\portable_electronics\120_bad_crop_medium.jpg,originals\portable_electronics\POR_060.jpg,bad_crop,medium
degraded\portable_electronics\120_bad_crop_high.jpg,originals\portable_electronics\POR_060.jpg,bad_crop,high
degraded\portable_electronics\120_lowres_low.jpg,originals\portable_electronics\POR_060.jpg,lowres,low
degraded\portable_electronics\120_lowres_medium.jpg,originals\portable_electronics\POR_060.jpg,lowres,medium
degraded\portable_electronics\120_lowres_high.jpg,originals\portable_electronics\POR_060.jpg,lowres,high
degraded\portable_electronics\120_jpeg_low.jpg,originals\portable_electronics\POR_060.jpg,jpeg,low
degraded\portable_electronics\120_jpeg_medium.jpg,originals\portable_electronics\POR_060.jpg,jpeg,medium
degraded\portable_electronics\120_jpeg_high.jpg,originals\portable_electronics\POR_060.jpg,jpeg,high
degraded\shoes\121_blur_low.jpg,originals\shoes\SHO_001.jpg,blur,low
degraded\shoes\121_blur_medium.jpg,originals\shoes\SHO_001.jpg,blur,medium
degraded\shoes\121_blur_high.jpg,originals\shoes\SHO_001.jpg,blur,high
degraded\shoes\121_underexposure_low.jpg,originals\shoes\SHO_001.jpg,underexposure,low
degraded\shoes\121_underexposure_medium.jpg,originals\shoes\SHO_001.jpg,underexposure,medium
degraded\shoes\121_underexposure_high.jpg,originals\shoes\SHO_001.jpg,underexposure,high
degraded\shoes\121_overexposure_low.jpg,originals\shoes\SHO_001.jpg,overexposure,low
degraded\shoes\121_overexposure_medium.jpg,originals\shoes\SHO_001.jpg,overexposure,medium
degraded\shoes\121_overexposure_high.jpg,originals\shoes\SHO_001.jpg,overexposure,high
degraded\shoes\121_bad_crop_low.jpg,originals\shoes\SHO_001.jpg,bad_crop,low
degraded\shoes\121_bad_crop_medium.jpg,originals\shoes\SHO_001.jpg,bad_crop,medium
degraded\shoes\121_bad_crop_high.jpg,originals\shoes\SHO_001.jpg,bad_crop,high
degraded\shoes\121_lowres_low.jpg,originals\shoes\SHO_001.jpg,lowres,low
degraded\shoes\121_lowres_medium.jpg,originals\shoes\SHO_001.jpg,lowres,medium
degraded\shoes\121_lowres_high.jpg,originals\shoes\SHO_001.jpg,lowres,high
degraded\shoes\121_jpeg_low.jpg,originals\shoes\SHO_001.jpg,jpeg,low
degraded\shoes\121_jpeg_medium.jpg,originals\shoes\SHO_001.jpg,jpeg,medium
degraded\shoes\121_jpeg_high.jpg,originals\shoes\SHO_001.jpg,jpeg,high
degraded\shoes\122_blur_low.jpg,originals\shoes\SHO_002.jpg,blur,low
degraded\shoes\122_blur_medium.jpg,originals\shoes\SHO_002.jpg,blur,medium
degraded\shoes\122_blur_high.jpg,originals\shoes\SHO_002.jpg,blur,high
degraded\shoes\122_underexposure_low.jpg,originals\shoes\SHO_002.jpg,underexposure,low
degraded\shoes\122_underexposure_medium.jpg,originals\shoes\SHO_002.jpg,underexposure,medium
degraded\shoes\122_underexposure_high.jpg,originals\shoes\SHO_002.jpg,underexposure,high
degraded\shoes\122_overexposure_low.jpg,originals\shoes\SHO_002.jpg,overexposure,low
degraded\shoes\122_overexposure_medium.jpg,originals\shoes\SHO_002.jpg,overexposure,medium
degraded\shoes\122_overexposure_high.jpg,originals\shoes\SHO_002.jpg,overexposure,high
degraded\shoes\122_bad_crop_low.jpg,originals\shoes\SHO_002.jpg,bad_crop,low
degraded\shoes\122_bad_crop_medium.jpg,originals\shoes\SHO_002.jpg,bad_crop,medium
degraded\shoes\122_bad_crop_high.jpg,originals\shoes\SHO_002.jpg,bad_crop,high
degraded\shoes\122_lowres_low.jpg,originals\shoes\SHO_002.jpg,lowres,low
degraded\shoes\122_lowres_medium.jpg,originals\shoes\SHO_002.jpg,lowres,medium
degraded\shoes\122_lowres_high.jpg,originals\shoes\SHO_002.jpg,lowres,high
degraded\shoes\122_jpeg_low.jpg,originals\shoes\SHO_002.jpg,jpeg,low
degraded\shoes\122_jpeg_medium.jpg,originals\shoes\SHO_002.jpg,jpeg,medium
degraded\shoes\122_jpeg_high.jpg,originals\shoes\SHO_002.jpg,jpeg,high
degraded\shoes\123_blur_low.jpg,originals\shoes\SHO_003.jpg,blur,low
degraded\shoes\123_blur_medium.jpg,originals\shoes\SHO_003.jpg,blur,medium
degraded\shoes\123_blur_high.jpg,originals\shoes\SHO_003.jpg,blur,high
degraded\shoes\123_underexposure_low.jpg,originals\shoes\SHO_003.jpg,underexposure,low
degraded\shoes\123_underexposure_medium.jpg,originals\shoes\SHO_003.jpg,underexposure,medium
degraded\shoes\123_underexposure_high.jpg,originals\shoes\SHO_003.jpg,underexposure,high
degraded\shoes\123_overexposure_low.jpg,originals\shoes\SHO_003.jpg,overexposure,low
degraded\shoes\123_overexposure_medium.jpg,originals\shoes\SHO_003.jpg,overexposure,medium
degraded\shoes\123_overexposure_high.jpg,originals\shoes\SHO_003.jpg,overexposure,high
degraded\shoes\123_bad_crop_low.jpg,originals\shoes\SHO_003.jpg,bad_crop,low
degraded\shoes\123_bad_crop_medium.jpg,originals\shoes\SHO_003.jpg,bad_crop,medium
degraded\shoes\123_bad_crop_high.jpg,originals\shoes\SHO_003.jpg,bad_crop,high
degraded\shoes\123_lowres_low.jpg,originals\shoes\SHO_003.jpg,lowres,low
degraded\shoes\123_lowres_medium.jpg,originals\shoes\SHO_003.jpg,lowres,medium
degraded\shoes\123_lowres_high.jpg,originals\shoes\SHO_003.jpg,lowres,high
degraded\shoes\123_jpeg_low.jpg,originals\shoes\SHO_003.jpg,jpeg,low
degraded\shoes\123_jpeg_medium.jpg,originals\shoes\SHO_003.jpg,jpeg,medium
degraded\shoes\123_jpeg_high.jpg,originals\shoes\SHO_003.jpg,jpeg,high
degraded\shoes\124_blur_low.jpg,originals\shoes\SHO_004.jpg,blur,low
degraded\shoes\124_blur_medium.jpg,originals\shoes\SHO_004.jpg,blur,medium
degraded\shoes\124_blur_high.jpg,originals\shoes\SHO_004.jpg,blur,high
degraded\shoes\124_underexposure_low.jpg,originals\shoes\SHO_004.jpg,underexposure,low
degraded\shoes\124_underexposure_medium.jpg,originals\shoes\SHO_004.jpg,underexposure,medium
degraded\shoes\124_underexposure_high.jpg,originals\shoes\SHO_004.jpg,underexposure,high
degraded\shoes\124_overexposure_low.jpg,originals\shoes\SHO_004.jpg,overexposure,low
degraded\shoes\124_overexposure_medium.jpg,originals\shoes\SHO_004.jpg,overexposure,medium
degraded\shoes\124_overexposure_high.jpg,originals\shoes\SHO_004.jpg,overexposure,high
degraded\shoes\124_bad_crop_low.jpg,originals\shoes\SHO_004.jpg,bad_crop,low
degraded\shoes\124_bad_crop_medium.jpg,originals\shoes\SHO_004.jpg,bad_crop,medium
degraded\shoes\124_bad_crop_high.jpg,originals\shoes\SHO_004.jpg,bad_crop,high
degraded\shoes\124_lowres_low.jpg,originals\shoes\SHO_004.jpg,lowres,low
degraded\shoes\124_lowres_medium.jpg,originals\shoes\SHO_004.jpg,lowres,medium
degraded\shoes\124_lowres_high.jpg,originals\shoes\SHO_004.jpg,lowres,high
degraded\shoes\124_jpeg_low.jpg,originals\shoes\SHO_004.jpg,jpeg,low
degraded\shoes\124_jpeg_medium.jpg,originals\shoes\SHO_004.jpg,jpeg,medium
degraded\shoes\124_jpeg_high.jpg,originals\shoes\SHO_004.jpg,jpeg,high
degraded\shoes\125_blur_low.jpg,originals\shoes\SHO_005.jpg,blur,low
degraded\shoes\125_blur_medium.jpg,originals\shoes\SHO_005.jpg,blur,medium
degraded\shoes\125_blur_high.jpg,originals\shoes\SHO_005.jpg,blur,high
degraded\shoes\125_underexposure_low.jpg,originals\shoes\SHO_005.jpg,underexposure,low
degraded\shoes\125_underexposure_medium.jpg,originals\shoes\SHO_005.jpg,underexposure,medium
degraded\shoes\125_underexposure_high.jpg,originals\shoes\SHO_005.jpg,underexposure,high
degraded\shoes\125_overexposure_low.jpg,originals\shoes\SHO_005.jpg,overexposure,low
degraded\shoes\125_overexposure_medium.jpg,originals\shoes\SHO_005.jpg,overexposure,medium
degraded\shoes\125_overexposure_high.jpg,originals\shoes\SHO_005.jpg,overexposure,high
degraded\shoes\125_bad_crop_low.jpg,originals\shoes\SHO_005.jpg,bad_crop,low
degraded\shoes\125_bad_crop_medium.jpg,originals\shoes\SHO_005.jpg,bad_crop,medium
degraded\shoes\125_bad_crop_high.jpg,originals\shoes\SHO_005.jpg,bad_crop,high
degraded\shoes\125_lowres_low.jpg,originals\shoes\SHO_005.jpg,lowres,low
degraded\shoes\125_lowres_medium.jpg,originals\shoes\SHO_005.jpg,lowres,medium
degraded\shoes\125_lowres_high.jpg,originals\shoes\SHO_005.jpg,lowres,high
degraded\shoes\125_jpeg_low.jpg,originals\shoes\SHO_005.jpg,jpeg,low
degraded\shoes\125_jpeg_medium.jpg,originals\shoes\SHO_005.jpg,jpeg,medium
degraded\shoes\125_jpeg_high.jpg,originals\shoes\SHO_005.jpg,jpeg,high
degraded\shoes\126_blur_low.jpg,originals\shoes\SHO_006.jpg,blur,low
degraded\shoes\126_blur_medium.jpg,originals\shoes\SHO_006.jpg,blur,medium
degraded\shoes\126_blur_high.jpg,originals\shoes\SHO_006.jpg,blur,high
degraded\shoes\126_underexposure_low.jpg,originals\shoes\SHO_006.jpg,underexposure,low
degraded\shoes\126_underexposure_medium.jpg,originals\shoes\SHO_006.jpg,underexposure,medium
degraded\shoes\126_underexposure_high.jpg,originals\shoes\SHO_006.jpg,underexposure,high
degraded\shoes\126_overexposure_low.jpg,originals\shoes\SHO_006.jpg,overexposure,low
degraded\shoes\126_overexposure_medium.jpg,originals\shoes\SHO_006.jpg,overexposure,medium
degraded\shoes\126_overexposure_high.jpg,originals\shoes\SHO_006.jpg,overexposure,high
degraded\shoes\126_bad_crop_low.jpg,originals\shoes\SHO_006.jpg,bad_crop,low
degraded\shoes\126_bad_crop_medium.jpg,originals\shoes\SHO_006.jpg,bad_crop,medium
degraded\shoes\126_bad_crop_high.jpg,originals\shoes\SHO_006.jpg,bad_crop,high
degraded\shoes\126_lowres_low.jpg,originals\shoes\SHO_006.jpg,lowres,low
degraded\shoes\126_lowres_medium.jpg,originals\shoes\SHO_006.jpg,lowres,medium
degraded\shoes\126_lowres_high.jpg,originals\shoes\SHO_006.jpg,lowres,high
degraded\shoes\126_jpeg_low.jpg,originals\shoes\SHO_006.jpg,jpeg,low
degraded\shoes\126_jpeg_medium.jpg,originals\shoes\SHO_006.jpg,jpeg,medium
degraded\shoes\126_jpeg_high.jpg,originals\shoes\SHO_006.jpg,jpeg,high
degraded\shoes\127_blur_low.jpg,originals\shoes\SHO_007.jpg,blur,low
degraded\shoes\127_blur_medium.jpg,originals\shoes\SHO_007.jpg,blur,medium
degraded\shoes\127_blur_high.jpg,originals\shoes\SHO_007.jpg,blur,high
degraded\shoes\127_underexposure_low.jpg,originals\shoes\SHO_007.jpg,underexposure,low
degraded\shoes\127_underexposure_medium.jpg,originals\shoes\SHO_007.jpg,underexposure,medium
degraded\shoes\127_underexposure_high.jpg,originals\shoes\SHO_007.jpg,underexposure,high
degraded\shoes\127_overexposure_low.jpg,originals\shoes\SHO_007.jpg,overexposure,low
degraded\shoes\127_overexposure_medium.jpg,originals\shoes\SHO_007.jpg,overexposure,medium
degraded\shoes\127_overexposure_high.jpg,originals\shoes\SHO_007.jpg,overexposure,high
degraded\shoes\127_bad_crop_low.jpg,originals\shoes\SHO_007.jpg,bad_crop,low
degraded\shoes\127_bad_crop_medium.jpg,originals\shoes\SHO_007.jpg,bad_crop,medium
degraded\shoes\127_bad_crop_high.jpg,originals\shoes\SHO_007.jpg,bad_crop,high
degraded\shoes\127_lowres_low.jpg,originals\shoes\SHO_007.jpg,lowres,low
degraded\shoes\127_lowres_medium.jpg,originals\shoes\SHO_007.jpg,lowres,medium
degraded\shoes\127_lowres_high.jpg,originals\shoes\SHO_007.jpg,lowres,high
degraded\shoes\127_jpeg_low.jpg,originals\shoes\SHO_007.jpg,jpeg,low
degraded\shoes\127_jpeg_medium.jpg,originals\shoes\SHO_007.jpg,jpeg,medium
degraded\shoes\127_jpeg_high.jpg,originals\shoes\SHO_007.jpg,jpeg,high
degraded\shoes\128_blur_low.jpg,originals\shoes\SHO_008.jpg,blur,low
degraded\shoes\128_blur_medium.jpg,originals\shoes\SHO_008.jpg,blur,medium
degraded\shoes\128_blur_high.jpg,originals\shoes\SHO_008.jpg,blur,high
degraded\shoes\128_underexposure_low.jpg,originals\shoes\SHO_008.jpg,underexposure,low
degraded\shoes\128_underexposure_medium.jpg,originals\shoes\SHO_008.jpg,underexposure,medium
degraded\shoes\128_underexposure_high.jpg,originals\shoes\SHO_008.jpg,underexposure,high
degraded\shoes\128_overexposure_low.jpg,originals\shoes\SHO_008.jpg,overexposure,low
degraded\shoes\128_overexposure_medium.jpg,originals\shoes\SHO_008.jpg,overexposure,medium
degraded\shoes\128_overexposure_high.jpg,originals\shoes\SHO_008.jpg,overexposure,high
degraded\shoes\128_bad_crop_low.jpg,originals\shoes\SHO_008.jpg,bad_crop,low
degraded\shoes\128_bad_crop_medium.jpg,originals\shoes\SHO_008.jpg,bad_crop,medium
degraded\shoes\128_bad_crop_high.jpg,originals\shoes\SHO_008.jpg,bad_crop,high
degraded\shoes\128_lowres_low.jpg,originals\shoes\SHO_008.jpg,lowres,low
degraded\shoes\128_lowres_medium.jpg,originals\shoes\SHO_008.jpg,lowres,medium
degraded\shoes\128_lowres_high.jpg,originals\shoes\SHO_008.jpg,lowres,high
degraded\shoes\128_jpeg_low.jpg,originals\shoes\SHO_008.jpg,jpeg,low
degraded\shoes\128_jpeg_medium.jpg,originals\shoes\SHO_008.jpg,jpeg,medium
degraded\shoes\128_jpeg_high.jpg,originals\shoes\SHO_008.jpg,jpeg,high
degraded\shoes\129_blur_low.jpg,originals\shoes\SHO_009.jpg,blur,low
degraded\shoes\129_blur_medium.jpg,originals\shoes\SHO_009.jpg,blur,medium
degraded\shoes\129_blur_high.jpg,originals\shoes\SHO_009.jpg,blur,high
degraded\shoes\129_underexposure_low.jpg,originals\shoes\SHO_009.jpg,underexposure,low
degraded\shoes\129_underexposure_medium.jpg,originals\shoes\SHO_009.jpg,underexposure,medium
degraded\shoes\129_underexposure_high.jpg,originals\shoes\SHO_009.jpg,underexposure,high
degraded\shoes\129_overexposure_low.jpg,originals\shoes\SHO_009.jpg,overexposure,low
degraded\shoes\129_overexposure_medium.jpg,originals\shoes\SHO_009.jpg,overexposure,medium
degraded\shoes\129_overexposure_high.jpg,originals\shoes\SHO_009.jpg,overexposure,high
degraded\shoes\129_bad_crop_low.jpg,originals\shoes\SHO_009.jpg,bad_crop,low
degraded\shoes\129_bad_crop_medium.jpg,originals\shoes\SHO_009.jpg,bad_crop,medium
degraded\shoes\129_bad_crop_high.jpg,originals\shoes\SHO_009.jpg,bad_crop,high
degraded\shoes\129_lowres_low.jpg,originals\shoes\SHO_009.jpg,lowres,low
degraded\shoes\129_lowres_medium.jpg,originals\shoes\SHO_009.jpg,lowres,medium
degraded\shoes\129_lowres_high.jpg,originals\shoes\SHO_009.jpg,lowres,high
degraded\shoes\129_jpeg_low.jpg,originals\shoes\SHO_009.jpg,jpeg,low
degraded\shoes\129_jpeg_medium.jpg,originals\shoes\SHO_009.jpg,jpeg,medium
degraded\shoes\129_jpeg_high.jpg,originals\shoes\SHO_009.jpg,jpeg,high
degraded\shoes\130_blur_low.jpg,originals\shoes\SHO_010.jpg,blur,low
degraded\shoes\130_blur_medium.jpg,originals\shoes\SHO_010.jpg,blur,medium
degraded\shoes\130_blur_high.jpg,originals\shoes\SHO_010.jpg,blur,high
degraded\shoes\130_underexposure_low.jpg,originals\shoes\SHO_010.jpg,underexposure,low
degraded\shoes\130_underexposure_medium.jpg,originals\shoes\SHO_010.jpg,underexposure,medium
degraded\shoes\130_underexposure_high.jpg,originals\shoes\SHO_010.jpg,underexposure,high
degraded\shoes\130_overexposure_low.jpg,originals\shoes\SHO_010.jpg,overexposure,low
degraded\shoes\130_overexposure_medium.jpg,originals\shoes\SHO_010.jpg,overexposure,medium
degraded\shoes\130_overexposure_high.jpg,originals\shoes\SHO_010.jpg,overexposure,high
degraded\shoes\130_bad_crop_low.jpg,originals\shoes\SHO_010.jpg,bad_crop,low
degraded\shoes\130_bad_crop_medium.jpg,originals\shoes\SHO_010.jpg,bad_crop,medium
degraded\shoes\130_bad_crop_high.jpg,originals\shoes\SHO_010.jpg,bad_crop,high
degraded\shoes\130_lowres_low.jpg,originals\shoes\SHO_010.jpg,lowres,low
degraded\shoes\130_lowres_medium.jpg,originals\shoes\SHO_010.jpg,lowres,medium
degraded\shoes\130_lowres_high.jpg,originals\shoes\SHO_010.jpg,lowres,high
degraded\shoes\130_jpeg_low.jpg,originals\shoes\SHO_010.jpg,jpeg,low
degraded\shoes\130_jpeg_medium.jpg,originals\shoes\SHO_010.jpg,jpeg,medium
degraded\shoes\130_jpeg_high.jpg,originals\shoes\SHO_010.jpg,jpeg,high
degraded\shoes\131_blur_low.jpg,originals\shoes\SHO_011.jpg,blur,low
degraded\shoes\131_blur_medium.jpg,originals\shoes\SHO_011.jpg,blur,medium
degraded\shoes\131_blur_high.jpg,originals\shoes\SHO_011.jpg,blur,high
degraded\shoes\131_underexposure_low.jpg,originals\shoes\SHO_011.jpg,underexposure,low
degraded\shoes\131_underexposure_medium.jpg,originals\shoes\SHO_011.jpg,underexposure,medium
degraded\shoes\131_underexposure_high.jpg,originals\shoes\SHO_011.jpg,underexposure,high
degraded\shoes\131_overexposure_low.jpg,originals\shoes\SHO_011.jpg,overexposure,low
degraded\shoes\131_overexposure_medium.jpg,originals\shoes\SHO_011.jpg,overexposure,medium
degraded\shoes\131_overexposure_high.jpg,originals\shoes\SHO_011.jpg,overexposure,high
degraded\shoes\131_bad_crop_low.jpg,originals\shoes\SHO_011.jpg,bad_crop,low
degraded\shoes\131_bad_crop_medium.jpg,originals\shoes\SHO_011.jpg,bad_crop,medium
degraded\shoes\131_bad_crop_high.jpg,originals\shoes\SHO_011.jpg,bad_crop,high
degraded\shoes\131_lowres_low.jpg,originals\shoes\SHO_011.jpg,lowres,low
degraded\shoes\131_lowres_medium.jpg,originals\shoes\SHO_011.jpg,lowres,medium
degraded\shoes\131_lowres_high.jpg,originals\shoes\SHO_011.jpg,lowres,high
degraded\shoes\131_jpeg_low.jpg,originals\shoes\SHO_011.jpg,jpeg,low
degraded\shoes\131_jpeg_medium.jpg,originals\shoes\SHO_011.jpg,jpeg,medium
degraded\shoes\131_jpeg_high.jpg,originals\shoes\SHO_011.jpg,jpeg,high
degraded\shoes\132_blur_low.jpg,originals\shoes\SHO_012.jpg,blur,low
degraded\shoes\132_blur_medium.jpg,originals\shoes\SHO_012.jpg,blur,medium
degraded\shoes\132_blur_high.jpg,originals\shoes\SHO_012.jpg,blur,high
degraded\shoes\132_underexposure_low.jpg,originals\shoes\SHO_012.jpg,underexposure,low
degraded\shoes\132_underexposure_medium.jpg,originals\shoes\SHO_012.jpg,underexposure,medium
degraded\shoes\132_underexposure_high.jpg,originals\shoes\SHO_012.jpg,underexposure,high
degraded\shoes\132_overexposure_low.jpg,originals\shoes\SHO_012.jpg,overexposure,low
degraded\shoes\132_overexposure_medium.jpg,originals\shoes\SHO_012.jpg,overexposure,medium
degraded\shoes\132_overexposure_high.jpg,originals\shoes\SHO_012.jpg,overexposure,high
degraded\shoes\132_bad_crop_low.jpg,originals\shoes\SHO_012.jpg,bad_crop,low
degraded\shoes\132_bad_crop_medium.jpg,originals\shoes\SHO_012.jpg,bad_crop,medium
degraded\shoes\132_bad_crop_high.jpg,originals\shoes\SHO_012.jpg,bad_crop,high
degraded\shoes\132_lowres_low.jpg,originals\shoes\SHO_012.jpg,lowres,low
degraded\shoes\132_lowres_medium.jpg,originals\shoes\SHO_012.jpg,lowres,medium
degraded\shoes\132_lowres_high.jpg,originals\shoes\SHO_012.jpg,lowres,high
degraded\shoes\132_jpeg_low.jpg,originals\shoes\SHO_012.jpg,jpeg,low
degraded\shoes\132_jpeg_medium.jpg,originals\shoes\SHO_012.jpg,jpeg,medium
degraded\shoes\132_jpeg_high.jpg,originals\shoes\SHO_012.jpg,jpeg,high
degraded\shoes\133_blur_low.jpg,originals\shoes\SHO_013.jpg,blur,low
degraded\shoes\133_blur_medium.jpg,originals\shoes\SHO_013.jpg,blur,medium
degraded\shoes\133_blur_high.jpg,originals\shoes\SHO_013.jpg,blur,high
degraded\shoes\133_underexposure_low.jpg,originals\shoes\SHO_013.jpg,underexposure,low
degraded\shoes\133_underexposure_medium.jpg,originals\shoes\SHO_013.jpg,underexposure,medium
degraded\shoes\133_underexposure_high.jpg,originals\shoes\SHO_013.jpg,underexposure,high
degraded\shoes\133_overexposure_low.jpg,originals\shoes\SHO_013.jpg,overexposure,low
degraded\shoes\133_overexposure_medium.jpg,originals\shoes\SHO_013.jpg,overexposure,medium
degraded\shoes\133_overexposure_high.jpg,originals\shoes\SHO_013.jpg,overexposure,high
degraded\shoes\133_bad_crop_low.jpg,originals\shoes\SHO_013.jpg,bad_crop,low
degraded\shoes\133_bad_crop_medium.jpg,originals\shoes\SHO_013.jpg,bad_crop,medium
degraded\shoes\133_bad_crop_high.jpg,originals\shoes\SHO_013.jpg,bad_crop,high
degraded\shoes\133_lowres_low.jpg,originals\shoes\SHO_013.jpg,lowres,low
degraded\shoes\133_lowres_medium.jpg,originals\shoes\SHO_013.jpg,lowres,medium
degraded\shoes\133_lowres_high.jpg,originals\shoes\SHO_013.jpg,lowres,high
degraded\shoes\133_jpeg_low.jpg,originals\shoes\SHO_013.jpg,jpeg,low
degraded\shoes\133_jpeg_medium.jpg,originals\shoes\SHO_013.jpg,jpeg,medium
degraded\shoes\133_jpeg_high.jpg,originals\shoes\SHO_013.jpg,jpeg,high
degraded\shoes\134_blur_low.jpg,originals\shoes\SHO_014.jpg,blur,low
degraded\shoes\134_blur_medium.jpg,originals\shoes\SHO_014.jpg,blur,medium
degraded\shoes\134_blur_high.jpg,originals\shoes\SHO_014.jpg,blur,high
degraded\shoes\134_underexposure_low.jpg,originals\shoes\SHO_014.jpg,underexposure,low
degraded\shoes\134_underexposure_medium.jpg,originals\shoes\SHO_014.jpg,underexposure,medium
degraded\shoes\134_underexposure_high.jpg,originals\shoes\SHO_014.jpg,underexposure,high
degraded\shoes\134_overexposure_low.jpg,originals\shoes\SHO_014.jpg,overexposure,low
degraded\shoes\134_overexposure_medium.jpg,originals\shoes\SHO_014.jpg,overexposure,medium
degraded\shoes\134_overexposure_high.jpg,originals\shoes\SHO_014.jpg,overexposure,high
degraded\shoes\134_bad_crop_low.jpg,originals\shoes\SHO_014.jpg,bad_crop,low
degraded\shoes\134_bad_crop_medium.jpg,originals\shoes\SHO_014.jpg,bad_crop,medium
degraded\shoes\134_bad_crop_high.jpg,originals\shoes\SHO_014.jpg,bad_crop,high
degraded\shoes\134_lowres_low.jpg,originals\shoes\SHO_014.jpg,lowres,low
degraded\shoes\134_lowres_medium.jpg,originals\shoes\SHO_014.jpg,lowres,medium
degraded\shoes\134_lowres_high.jpg,originals\shoes\SHO_014.jpg,lowres,high
degraded\shoes\134_jpeg_low.jpg,originals\shoes\SHO_014.jpg,jpeg,low
degraded\shoes\134_jpeg_medium.jpg,originals\shoes\SHO_014.jpg,jpeg,medium
degraded\shoes\134_jpeg_high.jpg,originals\shoes\SHO_014.jpg,jpeg,high
degraded\shoes\135_blur_low.jpg,originals\shoes\SHO_015.jpg,blur,low
degraded\shoes\135_blur_medium.jpg,originals\shoes\SHO_015.jpg,blur,medium
degraded\shoes\135_blur_high.jpg,originals\shoes\SHO_015.jpg,blur,high
degraded\shoes\135_underexposure_low.jpg,originals\shoes\SHO_015.jpg,underexposure,low
degraded\shoes\135_underexposure_medium.jpg,originals\shoes\SHO_015.jpg,underexposure,medium
degraded\shoes\135_underexposure_high.jpg,originals\shoes\SHO_015.jpg,underexposure,high
degraded\shoes\135_overexposure_low.jpg,originals\shoes\SHO_015.jpg,overexposure,low
degraded\shoes\135_overexposure_medium.jpg,originals\shoes\SHO_015.jpg,overexposure,medium
degraded\shoes\135_overexposure_high.jpg,originals\shoes\SHO_015.jpg,overexposure,high
degraded\shoes\135_bad_crop_low.jpg,originals\shoes\SHO_015.jpg,bad_crop,low
degraded\shoes\135_bad_crop_medium.jpg,originals\shoes\SHO_015.jpg,bad_crop,medium
degraded\shoes\135_bad_crop_high.jpg,originals\shoes\SHO_015.jpg,bad_crop,high
degraded\shoes\135_lowres_low.jpg,originals\shoes\SHO_015.jpg,lowres,low
degraded\shoes\135_lowres_medium.jpg,originals\shoes\SHO_015.jpg,lowres,medium
degraded\shoes\135_lowres_high.jpg,originals\shoes\SHO_015.jpg,lowres,high
degraded\shoes\135_jpeg_low.jpg,originals\shoes\SHO_015.jpg,jpeg,low
degraded\shoes\135_jpeg_medium.jpg,originals\shoes\SHO_015.jpg,jpeg,medium
degraded\shoes\135_jpeg_high.jpg,originals\shoes\SHO_015.jpg,jpeg,high
degraded\shoes\136_blur_low.jpg,originals\shoes\SHO_016.jpg,blur,low
degraded\shoes\136_blur_medium.jpg,originals\shoes\SHO_016.jpg,blur,medium
degraded\shoes\136_blur_high.jpg,originals\shoes\SHO_016.jpg,blur,high
degraded\shoes\136_underexposure_low.jpg,originals\shoes\SHO_016.jpg,underexposure,low
degraded\shoes\136_underexposure_medium.jpg,originals\shoes\SHO_016.jpg,underexposure,medium
degraded\shoes\136_underexposure_high.jpg,originals\shoes\SHO_016.jpg,underexposure,high
degraded\shoes\136_overexposure_low.jpg,originals\shoes\SHO_016.jpg,overexposure,low
degraded\shoes\136_overexposure_medium.jpg,originals\shoes\SHO_016.jpg,overexposure,medium
degraded\shoes\136_overexposure_high.jpg,originals\shoes\SHO_016.jpg,overexposure,high
degraded\shoes\136_bad_crop_low.jpg,originals\shoes\SHO_016.jpg,bad_crop,low
degraded\shoes\136_bad_crop_medium.jpg,originals\shoes\SHO_016.jpg,bad_crop,medium
degraded\shoes\136_bad_crop_high.jpg,originals\shoes\SHO_016.jpg,bad_crop,high
degraded\shoes\136_lowres_low.jpg,originals\shoes\SHO_016.jpg,lowres,low
degraded\shoes\136_lowres_medium.jpg,originals\shoes\SHO_016.jpg,lowres,medium
degraded\shoes\136_lowres_high.jpg,originals\shoes\SHO_016.jpg,lowres,high
degraded\shoes\136_jpeg_low.jpg,originals\shoes\SHO_016.jpg,jpeg,low
degraded\shoes\136_jpeg_medium.jpg,originals\shoes\SHO_016.jpg,jpeg,medium
degraded\shoes\136_jpeg_high.jpg,originals\shoes\SHO_016.jpg,jpeg,high
degraded\shoes\137_blur_low.jpg,originals\shoes\SHO_017.jpg,blur,low
degraded\shoes\137_blur_medium.jpg,originals\shoes\SHO_017.jpg,blur,medium
degraded\shoes\137_blur_high.jpg,originals\shoes\SHO_017.jpg,blur,high
degraded\shoes\137_underexposure_low.jpg,originals\shoes\SHO_017.jpg,underexposure,low
degraded\shoes\137_underexposure_medium.jpg,originals\shoes\SHO_017.jpg,underexposure,medium
degraded\shoes\137_underexposure_high.jpg,originals\shoes\SHO_017.jpg,underexposure,high
degraded\shoes\137_overexposure_low.jpg,originals\shoes\SHO_017.jpg,overexposure,low
degraded\shoes\137_overexposure_medium.jpg,originals\shoes\SHO_017.jpg,overexposure,medium
degraded\shoes\137_overexposure_high.jpg,originals\shoes\SHO_017.jpg,overexposure,high
degraded\shoes\137_bad_crop_low.jpg,originals\shoes\SHO_017.jpg,bad_crop,low
degraded\shoes\137_bad_crop_medium.jpg,originals\shoes\SHO_017.jpg,bad_crop,medium
degraded\shoes\137_bad_crop_high.jpg,originals\shoes\SHO_017.jpg,bad_crop,high
degraded\shoes\137_lowres_low.jpg,originals\shoes\SHO_017.jpg,lowres,low
degraded\shoes\137_lowres_medium.jpg,originals\shoes\SHO_017.jpg,lowres,medium
degraded\shoes\137_lowres_high.jpg,originals\shoes\SHO_017.jpg,lowres,high
degraded\shoes\137_jpeg_low.jpg,originals\shoes\SHO_017.jpg,jpeg,low
degraded\shoes\137_jpeg_medium.jpg,originals\shoes\SHO_017.jpg,jpeg,medium
degraded\shoes\137_jpeg_high.jpg,originals\shoes\SHO_017.jpg,jpeg,high
degraded\shoes\138_blur_low.jpg,originals\shoes\SHO_018.jpg,blur,low
degraded\shoes\138_blur_medium.jpg,originals\shoes\SHO_018.jpg,blur,medium
degraded\shoes\138_blur_high.jpg,originals\shoes\SHO_018.jpg,blur,high
degraded\shoes\138_underexposure_low.jpg,originals\shoes\SHO_018.jpg,underexposure,low
degraded\shoes\138_underexposure_medium.jpg,originals\shoes\SHO_018.jpg,underexposure,medium
degraded\shoes\138_underexposure_high.jpg,originals\shoes\SHO_018.jpg,underexposure,high
degraded\shoes\138_overexposure_low.jpg,originals\shoes\SHO_018.jpg,overexposure,low
degraded\shoes\138_overexposure_medium.jpg,originals\shoes\SHO_018.jpg,overexposure,medium
degraded\shoes\138_overexposure_high.jpg,originals\shoes\SHO_018.jpg,overexposure,high
degraded\shoes\138_bad_crop_low.jpg,originals\shoes\SHO_018.jpg,bad_crop,low
degraded\shoes\138_bad_crop_medium.jpg,originals\shoes\SHO_018.jpg,bad_crop,medium
degraded\shoes\138_bad_crop_high.jpg,originals\shoes\SHO_018.jpg,bad_crop,high
degraded\shoes\138_lowres_low.jpg,originals\shoes\SHO_018.jpg,lowres,low
degraded\shoes\138_lowres_medium.jpg,originals\shoes\SHO_018.jpg,lowres,medium
degraded\shoes\138_lowres_high.jpg,originals\shoes\SHO_018.jpg,lowres,high
degraded\shoes\138_jpeg_low.jpg,originals\shoes\SHO_018.jpg,jpeg,low
degraded\shoes\138_jpeg_medium.jpg,originals\shoes\SHO_018.jpg,jpeg,medium
degraded\shoes\138_jpeg_high.jpg,originals\shoes\SHO_018.jpg,jpeg,high
degraded\shoes\139_blur_low.jpg,originals\shoes\SHO_019.jpg,blur,low
degraded\shoes\139_blur_medium.jpg,originals\shoes\SHO_019.jpg,blur,medium
degraded\shoes\139_blur_high.jpg,originals\shoes\SHO_019.jpg,blur,high
degraded\shoes\139_underexposure_low.jpg,originals\shoes\SHO_019.jpg,underexposure,low
degraded\shoes\139_underexposure_medium.jpg,originals\shoes\SHO_019.jpg,underexposure,medium
degraded\shoes\139_underexposure_high.jpg,originals\shoes\SHO_019.jpg,underexposure,high
degraded\shoes\139_overexposure_low.jpg,originals\shoes\SHO_019.jpg,overexposure,low
degraded\shoes\139_overexposure_medium.jpg,originals\shoes\SHO_019.jpg,overexposure,medium
degraded\shoes\139_overexposure_high.jpg,originals\shoes\SHO_019.jpg,overexposure,high
degraded\shoes\139_bad_crop_low.jpg,originals\shoes\SHO_019.jpg,bad_crop,low
degraded\shoes\139_bad_crop_medium.jpg,originals\shoes\SHO_019.jpg,bad_crop,medium
degraded\shoes\139_bad_crop_high.jpg,originals\shoes\SHO_019.jpg,bad_crop,high
degraded\shoes\139_lowres_low.jpg,originals\shoes\SHO_019.jpg,lowres,low
degraded\shoes\139_lowres_medium.jpg,originals\shoes\SHO_019.jpg,lowres,medium
degraded\shoes\139_lowres_high.jpg,originals\shoes\SHO_019.jpg,lowres,high
degraded\shoes\139_jpeg_low.jpg,originals\shoes\SHO_019.jpg,jpeg,low
degraded\shoes\139_jpeg_medium.jpg,originals\shoes\SHO_019.jpg,jpeg,medium
degraded\shoes\139_jpeg_high.jpg,originals\shoes\SHO_019.jpg,jpeg,high
degraded\shoes\140_blur_low.jpg,originals\shoes\SHO_020.jpg,blur,low
degraded\shoes\140_blur_medium.jpg,originals\shoes\SHO_020.jpg,blur,medium
degraded\shoes\140_blur_high.jpg,originals\shoes\SHO_020.jpg,blur,high
degraded\shoes\140_underexposure_low.jpg,originals\shoes\SHO_020.jpg,underexposure,low
degraded\shoes\140_underexposure_medium.jpg,originals\shoes\SHO_020.jpg,underexposure,medium
degraded\shoes\140_underexposure_high.jpg,originals\shoes\SHO_020.jpg,underexposure,high
degraded\shoes\140_overexposure_low.jpg,originals\shoes\SHO_020.jpg,overexposure,low
degraded\shoes\140_overexposure_medium.jpg,originals\shoes\SHO_020.jpg,overexposure,medium
degraded\shoes\140_overexposure_high.jpg,originals\shoes\SHO_020.jpg,overexposure,high
degraded\shoes\140_bad_crop_low.jpg,originals\shoes\SHO_020.jpg,bad_crop,low
degraded\shoes\140_bad_crop_medium.jpg,originals\shoes\SHO_020.jpg,bad_crop,medium
degraded\shoes\140_bad_crop_high.jpg,originals\shoes\SHO_020.jpg,bad_crop,high
degraded\shoes\140_lowres_low.jpg,originals\shoes\SHO_020.jpg,lowres,low
degraded\shoes\140_lowres_medium.jpg,originals\shoes\SHO_020.jpg,lowres,medium
degraded\shoes\140_lowres_high.jpg,originals\shoes\SHO_020.jpg,lowres,high
degraded\shoes\140_jpeg_low.jpg,originals\shoes\SHO_020.jpg,jpeg,low
degraded\shoes\140_jpeg_medium.jpg,originals\shoes\SHO_020.jpg,jpeg,medium
degraded\shoes\140_jpeg_high.jpg,originals\shoes\SHO_020.jpg,jpeg,high
degraded\shoes\141_blur_low.jpg,originals\shoes\SHO_021.jpg,blur,low
degraded\shoes\141_blur_medium.jpg,originals\shoes\SHO_021.jpg,blur,medium
degraded\shoes\141_blur_high.jpg,originals\shoes\SHO_021.jpg,blur,high
degraded\shoes\141_underexposure_low.jpg,originals\shoes\SHO_021.jpg,underexposure,low
degraded\shoes\141_underexposure_medium.jpg,originals\shoes\SHO_021.jpg,underexposure,medium
degraded\shoes\141_underexposure_high.jpg,originals\shoes\SHO_021.jpg,underexposure,high
degraded\shoes\141_overexposure_low.jpg,originals\shoes\SHO_021.jpg,overexposure,low
degraded\shoes\141_overexposure_medium.jpg,originals\shoes\SHO_021.jpg,overexposure,medium
degraded\shoes\141_overexposure_high.jpg,originals\shoes\SHO_021.jpg,overexposure,high
degraded\shoes\141_bad_crop_low.jpg,originals\shoes\SHO_021.jpg,bad_crop,low
degraded\shoes\141_bad_crop_medium.jpg,originals\shoes\SHO_021.jpg,bad_crop,medium
degraded\shoes\141_bad_crop_high.jpg,originals\shoes\SHO_021.jpg,bad_crop,high
degraded\shoes\141_lowres_low.jpg,originals\shoes\SHO_021.jpg,lowres,low
degraded\shoes\141_lowres_medium.jpg,originals\shoes\SHO_021.jpg,lowres,medium
degraded\shoes\141_lowres_high.jpg,originals\shoes\SHO_021.jpg,lowres,high
degraded\shoes\141_jpeg_low.jpg,originals\shoes\SHO_021.jpg,jpeg,low
degraded\shoes\141_jpeg_medium.jpg,originals\shoes\SHO_021.jpg,jpeg,medium
degraded\shoes\141_jpeg_high.jpg,originals\shoes\SHO_021.jpg,jpeg,high
degraded\shoes\142_blur_low.jpg,originals\shoes\SHO_022.jpg,blur,low
degraded\shoes\142_blur_medium.jpg,originals\shoes\SHO_022.jpg,blur,medium
degraded\shoes\142_blur_high.jpg,originals\shoes\SHO_022.jpg,blur,high
degraded\shoes\142_underexposure_low.jpg,originals\shoes\SHO_022.jpg,underexposure,low
degraded\shoes\142_underexposure_medium.jpg,originals\shoes\SHO_022.jpg,underexposure,medium
degraded\shoes\142_underexposure_high.jpg,originals\shoes\SHO_022.jpg,underexposure,high
degraded\shoes\142_overexposure_low.jpg,originals\shoes\SHO_022.jpg,overexposure,low
degraded\shoes\142_overexposure_medium.jpg,originals\shoes\SHO_022.jpg,overexposure,medium
degraded\shoes\142_overexposure_high.jpg,originals\shoes\SHO_022.jpg,overexposure,high
degraded\shoes\142_bad_crop_low.jpg,originals\shoes\SHO_022.jpg,bad_crop,low
degraded\shoes\142_bad_crop_medium.jpg,originals\shoes\SHO_022.jpg,bad_crop,medium
degraded\shoes\142_bad_crop_high.jpg,originals\shoes\SHO_022.jpg,bad_crop,high
degraded\shoes\142_lowres_low.jpg,originals\shoes\SHO_022.jpg,lowres,low
degraded\shoes\142_lowres_medium.jpg,originals\shoes\SHO_022.jpg,lowres,medium
degraded\shoes\142_lowres_high.jpg,originals\shoes\SHO_022.jpg,lowres,high
degraded\shoes\142_jpeg_low.jpg,originals\shoes\SHO_022.jpg,jpeg,low
degraded\shoes\142_jpeg_medium.jpg,originals\shoes\SHO_022.jpg,jpeg,medium
degraded\shoes\142_jpeg_high.jpg,originals\shoes\SHO_022.jpg,jpeg,high
degraded\shoes\143_blur_low.jpg,originals\shoes\SHO_023.jpg,blur,low
degraded\shoes\143_blur_medium.jpg,originals\shoes\SHO_023.jpg,blur,medium
degraded\shoes\143_blur_high.jpg,originals\shoes\SHO_023.jpg,blur,high
degraded\shoes\143_underexposure_low.jpg,originals\shoes\SHO_023.jpg,underexposure,low
degraded\shoes\143_underexposure_medium.jpg,originals\shoes\SHO_023.jpg,underexposure,medium
degraded\shoes\143_underexposure_high.jpg,originals\shoes\SHO_023.jpg,underexposure,high
degraded\shoes\143_overexposure_low.jpg,originals\shoes\SHO_023.jpg,overexposure,low
degraded\shoes\143_overexposure_medium.jpg,originals\shoes\SHO_023.jpg,overexposure,medium
degraded\shoes\143_overexposure_high.jpg,originals\shoes\SHO_023.jpg,overexposure,high
degraded\shoes\143_bad_crop_low.jpg,originals\shoes\SHO_023.jpg,bad_crop,low
degraded\shoes\143_bad_crop_medium.jpg,originals\shoes\SHO_023.jpg,bad_crop,medium
degraded\shoes\143_bad_crop_high.jpg,originals\shoes\SHO_023.jpg,bad_crop,high
degraded\shoes\143_lowres_low.jpg,originals\shoes\SHO_023.jpg,lowres,low
degraded\shoes\143_lowres_medium.jpg,originals\shoes\SHO_023.jpg,lowres,medium
degraded\shoes\143_lowres_high.jpg,originals\shoes\SHO_023.jpg,lowres,high
degraded\shoes\143_jpeg_low.jpg,originals\shoes\SHO_023.jpg,jpeg,low
degraded\shoes\143_jpeg_medium.jpg,originals\shoes\SHO_023.jpg,jpeg,medium
degraded\shoes\143_jpeg_high.jpg,originals\shoes\SHO_023.jpg,jpeg,high
degraded\shoes\144_blur_low.jpg,originals\shoes\SHO_024.jpg,blur,low
degraded\shoes\144_blur_medium.jpg,originals\shoes\SHO_024.jpg,blur,medium
degraded\shoes\144_blur_high.jpg,originals\shoes\SHO_024.jpg,blur,high
degraded\shoes\144_underexposure_low.jpg,originals\shoes\SHO_024.jpg,underexposure,low
degraded\shoes\144_underexposure_medium.jpg,originals\shoes\SHO_024.jpg,underexposure,medium
degraded\shoes\144_underexposure_high.jpg,originals\shoes\SHO_024.jpg,underexposure,high
degraded\shoes\144_overexposure_low.jpg,originals\shoes\SHO_024.jpg,overexposure,low
degraded\shoes\144_overexposure_medium.jpg,originals\shoes\SHO_024.jpg,overexposure,medium
degraded\shoes\144_overexposure_high.jpg,originals\shoes\SHO_024.jpg,overexposure,high
degraded\shoes\144_bad_crop_low.jpg,originals\shoes\SHO_024.jpg,bad_crop,low
degraded\shoes\144_bad_crop_medium.jpg,originals\shoes\SHO_024.jpg,bad_crop,medium
degraded\shoes\144_bad_crop_high.jpg,originals\shoes\SHO_024.jpg,bad_crop,high
degraded\shoes\144_lowres_low.jpg,originals\shoes\SHO_024.jpg,lowres,low
degraded\shoes\144_lowres_medium.jpg,originals\shoes\SHO_024.jpg,lowres,medium
degraded\shoes\144_lowres_high.jpg,originals\shoes\SHO_024.jpg,lowres,high
degraded\shoes\144_jpeg_low.jpg,originals\shoes\SHO_024.jpg,jpeg,low
degraded\shoes\144_jpeg_medium.jpg,originals\shoes\SHO_024.jpg,jpeg,medium
degraded\shoes\144_jpeg_high.jpg,originals\shoes\SHO_024.jpg,jpeg,high
degraded\shoes\145_blur_low.jpg,originals\shoes\SHO_025.jpg,blur,low
degraded\shoes\145_blur_medium.jpg,originals\shoes\SHO_025.jpg,blur,medium
degraded\shoes\145_blur_high.jpg,originals\shoes\SHO_025.jpg,blur,high
degraded\shoes\145_underexposure_low.jpg,originals\shoes\SHO_025.jpg,underexposure,low
degraded\shoes\145_underexposure_medium.jpg,originals\shoes\SHO_025.jpg,underexposure,medium
degraded\shoes\145_underexposure_high.jpg,originals\shoes\SHO_025.jpg,underexposure,high
degraded\shoes\145_overexposure_low.jpg,originals\shoes\SHO_025.jpg,overexposure,low
degraded\shoes\145_overexposure_medium.jpg,originals\shoes\SHO_025.jpg,overexposure,medium
degraded\shoes\145_overexposure_high.jpg,originals\shoes\SHO_025.jpg,overexposure,high
degraded\shoes\145_bad_crop_low.jpg,originals\shoes\SHO_025.jpg,bad_crop,low
degraded\shoes\145_bad_crop_medium.jpg,originals\shoes\SHO_025.jpg,bad_crop,medium
degraded\shoes\145_bad_crop_high.jpg,originals\shoes\SHO_025.jpg,bad_crop,high
degraded\shoes\145_lowres_low.jpg,originals\shoes\SHO_025.jpg,lowres,low
degraded\shoes\145_lowres_medium.jpg,originals\shoes\SHO_025.jpg,lowres,medium
degraded\shoes\145_lowres_high.jpg,originals\shoes\SHO_025.jpg,lowres,high
degraded\shoes\145_jpeg_low.jpg,originals\shoes\SHO_025.jpg,jpeg,low
degraded\shoes\145_jpeg_medium.jpg,originals\shoes\SHO_025.jpg,jpeg,medium
degraded\shoes\145_jpeg_high.jpg,originals\shoes\SHO_025.jpg,jpeg,high
degraded\shoes\146_blur_low.jpg,originals\shoes\SHO_026.jpg,blur,low
degraded\shoes\146_blur_medium.jpg,originals\shoes\SHO_026.jpg,blur,medium
degraded\shoes\146_blur_high.jpg,originals\shoes\SHO_026.jpg,blur,high
degraded\shoes\146_underexposure_low.jpg,originals\shoes\SHO_026.jpg,underexposure,low
degraded\shoes\146_underexposure_medium.jpg,originals\shoes\SHO_026.jpg,underexposure,medium
degraded\shoes\146_underexposure_high.jpg,originals\shoes\SHO_026.jpg,underexposure,high
degraded\shoes\146_overexposure_low.jpg,originals\shoes\SHO_026.jpg,overexposure,low
degraded\shoes\146_overexposure_medium.jpg,originals\shoes\SHO_026.jpg,overexposure,medium
degraded\shoes\146_overexposure_high.jpg,originals\shoes\SHO_026.jpg,overexposure,high
degraded\shoes\146_bad_crop_low.jpg,originals\shoes\SHO_026.jpg,bad_crop,low
degraded\shoes\146_bad_crop_medium.jpg,originals\shoes\SHO_026.jpg,bad_crop,medium
degraded\shoes\146_bad_crop_high.jpg,originals\shoes\SHO_026.jpg,bad_crop,high
degraded\shoes\146_lowres_low.jpg,originals\shoes\SHO_026.jpg,lowres,low
degraded\shoes\146_lowres_medium.jpg,originals\shoes\SHO_026.jpg,lowres,medium
degraded\shoes\146_lowres_high.jpg,originals\shoes\SHO_026.jpg,lowres,high
degraded\shoes\146_jpeg_low.jpg,originals\shoes\SHO_026.jpg,jpeg,low
degraded\shoes\146_jpeg_medium.jpg,originals\shoes\SHO_026.jpg,jpeg,medium
degraded\shoes\146_jpeg_high.jpg,originals\shoes\SHO_026.jpg,jpeg,high
degraded\shoes\147_blur_low.jpg,originals\shoes\SHO_027.jpg,blur,low
degraded\shoes\147_blur_medium.jpg,originals\shoes\SHO_027.jpg,blur,medium
degraded\shoes\147_blur_high.jpg,originals\shoes\SHO_027.jpg,blur,high
degraded\shoes\147_underexposure_low.jpg,originals\shoes\SHO_027.jpg,underexposure,low
degraded\shoes\147_underexposure_medium.jpg,originals\shoes\SHO_027.jpg,underexposure,medium
degraded\shoes\147_underexposure_high.jpg,originals\shoes\SHO_027.jpg,underexposure,high
degraded\shoes\147_overexposure_low.jpg,originals\shoes\SHO_027.jpg,overexposure,low
degraded\shoes\147_overexposure_medium.jpg,originals\shoes\SHO_027.jpg,overexposure,medium
degraded\shoes\147_overexposure_high.jpg,originals\shoes\SHO_027.jpg,overexposure,high
degraded\shoes\147_bad_crop_low.jpg,originals\shoes\SHO_027.jpg,bad_crop,low
degraded\shoes\147_bad_crop_medium.jpg,originals\shoes\SHO_027.jpg,bad_crop,medium
degraded\shoes\147_bad_crop_high.jpg,originals\shoes\SHO_027.jpg,bad_crop,high
degraded\shoes\147_lowres_low.jpg,originals\shoes\SHO_027.jpg,lowres,low
degraded\shoes\147_lowres_medium.jpg,originals\shoes\SHO_027.jpg,lowres,medium
degraded\shoes\147_lowres_high.jpg,originals\shoes\SHO_027.jpg,lowres,high
degraded\shoes\147_jpeg_low.jpg,originals\shoes\SHO_027.jpg,jpeg,low
degraded\shoes\147_jpeg_medium.jpg,originals\shoes\SHO_027.jpg,jpeg,medium
degraded\shoes\147_jpeg_high.jpg,originals\shoes\SHO_027.jpg,jpeg,high
degraded\shoes\148_blur_low.jpg,originals\shoes\SHO_028.jpg,blur,low
degraded\shoes\148_blur_medium.jpg,originals\shoes\SHO_028.jpg,blur,medium
degraded\shoes\148_blur_high.jpg,originals\shoes\SHO_028.jpg,blur,high
degraded\shoes\148_underexposure_low.jpg,originals\shoes\SHO_028.jpg,underexposure,low
degraded\shoes\148_underexposure_medium.jpg,originals\shoes\SHO_028.jpg,underexposure,medium
degraded\shoes\148_underexposure_high.jpg,originals\shoes\SHO_028.jpg,underexposure,high
degraded\shoes\148_overexposure_low.jpg,originals\shoes\SHO_028.jpg,overexposure,low
degraded\shoes\148_overexposure_medium.jpg,originals\shoes\SHO_028.jpg,overexposure,medium
degraded\shoes\148_overexposure_high.jpg,originals\shoes\SHO_028.jpg,overexposure,high
degraded\shoes\148_bad_crop_low.jpg,originals\shoes\SHO_028.jpg,bad_crop,low
degraded\shoes\148_bad_crop_medium.jpg,originals\shoes\SHO_028.jpg,bad_crop,medium
degraded\shoes\148_bad_crop_high.jpg,originals\shoes\SHO_028.jpg,bad_crop,high
degraded\shoes\148_lowres_low.jpg,originals\shoes\SHO_028.jpg,lowres,low
degraded\shoes\148_lowres_medium.jpg,originals\shoes\SHO_028.jpg,lowres,medium
degraded\shoes\148_lowres_high.jpg,originals\shoes\SHO_028.jpg,lowres,high
degraded\shoes\148_jpeg_low.jpg,originals\shoes\SHO_028.jpg,jpeg,low
degraded\shoes\148_jpeg_medium.jpg,originals\shoes\SHO_028.jpg,jpeg,medium
degraded\shoes\148_jpeg_high.jpg,originals\shoes\SHO_028.jpg,jpeg,high
degraded\shoes\149_blur_low.jpg,originals\shoes\SHO_029.jpg,blur,low
degraded\shoes\149_blur_medium.jpg,originals\shoes\SHO_029.jpg,blur,medium
degraded\shoes\149_blur_high.jpg,originals\shoes\SHO_029.jpg,blur,high
degraded\shoes\149_underexposure_low.jpg,originals\shoes\SHO_029.jpg,underexposure,low
degraded\shoes\149_underexposure_medium.jpg,originals\shoes\SHO_029.jpg,underexposure,medium
degraded\shoes\149_underexposure_high.jpg,originals\shoes\SHO_029.jpg,underexposure,high
degraded\shoes\149_overexposure_low.jpg,originals\shoes\SHO_029.jpg,overexposure,low
degraded\shoes\149_overexposure_medium.jpg,originals\shoes\SHO_029.jpg,overexposure,medium
degraded\shoes\149_overexposure_high.jpg,originals\shoes\SHO_029.jpg,overexposure,high
degraded\shoes\149_bad_crop_low.jpg,originals\shoes\SHO_029.jpg,bad_crop,low
degraded\shoes\149_bad_crop_medium.jpg,originals\shoes\SHO_029.jpg,bad_crop,medium
degraded\shoes\149_bad_crop_high.jpg,originals\shoes\SHO_029.jpg,bad_crop,high
degraded\shoes\149_lowres_low.jpg,originals\shoes\SHO_029.jpg,lowres,low
degraded\shoes\149_lowres_medium.jpg,originals\shoes\SHO_029.jpg,lowres,medium
degraded\shoes\149_lowres_high.jpg,originals\shoes\SHO_029.jpg,lowres,high
degraded\shoes\149_jpeg_low.jpg,originals\shoes\SHO_029.jpg,jpeg,low
degraded\shoes\149_jpeg_medium.jpg,originals\shoes\SHO_029.jpg,jpeg,medium
degraded\shoes\149_jpeg_high.jpg,originals\shoes\SHO_029.jpg,jpeg,high
degraded\shoes\150_blur_low.jpg,originals\shoes\SHO_030.jpg,blur,low
degraded\shoes\150_blur_medium.jpg,originals\shoes\SHO_030.jpg,blur,medium
degraded\shoes\150_blur_high.jpg,originals\shoes\SHO_030.jpg,blur,high
degraded\shoes\150_underexposure_low.jpg,originals\shoes\SHO_030.jpg,underexposure,low
degraded\shoes\150_underexposure_medium.jpg,originals\shoes\SHO_030.jpg,underexposure,medium
degraded\shoes\150_underexposure_high.jpg,originals\shoes\SHO_030.jpg,underexposure,high
degraded\shoes\150_overexposure_low.jpg,originals\shoes\SHO_030.jpg,overexposure,low
degraded\shoes\150_overexposure_medium.jpg,originals\shoes\SHO_030.jpg,overexposure,medium
degraded\shoes\150_overexposure_high.jpg,originals\shoes\SHO_030.jpg,overexposure,high
degraded\shoes\150_bad_crop_low.jpg,originals\shoes\SHO_030.jpg,bad_crop,low
degraded\shoes\150_bad_crop_medium.jpg,originals\shoes\SHO_030.jpg,bad_crop,medium
degraded\shoes\150_bad_crop_high.jpg,originals\shoes\SHO_030.jpg,bad_crop,high
degraded\shoes\150_lowres_low.jpg,originals\shoes\SHO_030.jpg,lowres,low
degraded\shoes\150_lowres_medium.jpg,originals\shoes\SHO_030.jpg,lowres,medium
degraded\shoes\150_lowres_high.jpg,originals\shoes\SHO_030.jpg,lowres,high
degraded\shoes\150_jpeg_low.jpg,originals\shoes\SHO_030.jpg,jpeg,low
degraded\shoes\150_jpeg_medium.jpg,originals\shoes\SHO_030.jpg,jpeg,medium
degraded\shoes\150_jpeg_high.jpg,originals\shoes\SHO_030.jpg,jpeg,high
degraded\shoes\151_blur_low.jpg,originals\shoes\SHO_031.jpg,blur,low
degraded\shoes\151_blur_medium.jpg,originals\shoes\SHO_031.jpg,blur,medium
degraded\shoes\151_blur_high.jpg,originals\shoes\SHO_031.jpg,blur,high
degraded\shoes\151_underexposure_low.jpg,originals\shoes\SHO_031.jpg,underexposure,low
degraded\shoes\151_underexposure_medium.jpg,originals\shoes\SHO_031.jpg,underexposure,medium
degraded\shoes\151_underexposure_high.jpg,originals\shoes\SHO_031.jpg,underexposure,high
degraded\shoes\151_overexposure_low.jpg,originals\shoes\SHO_031.jpg,overexposure,low
degraded\shoes\151_overexposure_medium.jpg,originals\shoes\SHO_031.jpg,overexposure,medium
degraded\shoes\151_overexposure_high.jpg,originals\shoes\SHO_031.jpg,overexposure,high
degraded\shoes\151_bad_crop_low.jpg,originals\shoes\SHO_031.jpg,bad_crop,low
degraded\shoes\151_bad_crop_medium.jpg,originals\shoes\SHO_031.jpg,bad_crop,medium
degraded\shoes\151_bad_crop_high.jpg,originals\shoes\SHO_031.jpg,bad_crop,high
degraded\shoes\151_lowres_low.jpg,originals\shoes\SHO_031.jpg,lowres,low
degraded\shoes\151_lowres_medium.jpg,originals\shoes\SHO_031.jpg,lowres,medium
degraded\shoes\151_lowres_high.jpg,originals\shoes\SHO_031.jpg,lowres,high
degraded\shoes\151_jpeg_low.jpg,originals\shoes\SHO_031.jpg,jpeg,low
degraded\shoes\151_jpeg_medium.jpg,originals\shoes\SHO_031.jpg,jpeg,medium
degraded\shoes\151_jpeg_high.jpg,originals\shoes\SHO_031.jpg,jpeg,high
degraded\shoes\152_blur_low.jpg,originals\shoes\SHO_032.jpg,blur,low
degraded\shoes\152_blur_medium.jpg,originals\shoes\SHO_032.jpg,blur,medium
degraded\shoes\152_blur_high.jpg,originals\shoes\SHO_032.jpg,blur,high
degraded\shoes\152_underexposure_low.jpg,originals\shoes\SHO_032.jpg,underexposure,low
degraded\shoes\152_underexposure_medium.jpg,originals\shoes\SHO_032.jpg,underexposure,medium
degraded\shoes\152_underexposure_high.jpg,originals\shoes\SHO_032.jpg,underexposure,high
degraded\shoes\152_overexposure_low.jpg,originals\shoes\SHO_032.jpg,overexposure,low
degraded\shoes\152_overexposure_medium.jpg,originals\shoes\SHO_032.jpg,overexposure,medium
degraded\shoes\152_overexposure_high.jpg,originals\shoes\SHO_032.jpg,overexposure,high
degraded\shoes\152_bad_crop_low.jpg,originals\shoes\SHO_032.jpg,bad_crop,low
degraded\shoes\152_bad_crop_medium.jpg,originals\shoes\SHO_032.jpg,bad_crop,medium
degraded\shoes\152_bad_crop_high.jpg,originals\shoes\SHO_032.jpg,bad_crop,high
degraded\shoes\152_lowres_low.jpg,originals\shoes\SHO_032.jpg,lowres,low
degraded\shoes\152_lowres_medium.jpg,originals\shoes\SHO_032.jpg,lowres,medium
degraded\shoes\152_lowres_high.jpg,originals\shoes\SHO_032.jpg,lowres,high
degraded\shoes\152_jpeg_low.jpg,originals\shoes\SHO_032.jpg,jpeg,low
degraded\shoes\152_jpeg_medium.jpg,originals\shoes\SHO_032.jpg,jpeg,medium
degraded\shoes\152_jpeg_high.jpg,originals\shoes\SHO_032.jpg,jpeg,high
degraded\shoes\153_blur_low.jpg,originals\shoes\SHO_033.jpg,blur,low
degraded\shoes\153_blur_medium.jpg,originals\shoes\SHO_033.jpg,blur,medium
degraded\shoes\153_blur_high.jpg,originals\shoes\SHO_033.jpg,blur,high
degraded\shoes\153_underexposure_low.jpg,originals\shoes\SHO_033.jpg,underexposure,low
degraded\shoes\153_underexposure_medium.jpg,originals\shoes\SHO_033.jpg,underexposure,medium
degraded\shoes\153_underexposure_high.jpg,originals\shoes\SHO_033.jpg,underexposure,high
degraded\shoes\153_overexposure_low.jpg,originals\shoes\SHO_033.jpg,overexposure,low
degraded\shoes\153_overexposure_medium.jpg,originals\shoes\SHO_033.jpg,overexposure,medium
degraded\shoes\153_overexposure_high.jpg,originals\shoes\SHO_033.jpg,overexposure,high
degraded\shoes\153_bad_crop_low.jpg,originals\shoes\SHO_033.jpg,bad_crop,low
degraded\shoes\153_bad_crop_medium.jpg,originals\shoes\SHO_033.jpg,bad_crop,medium
degraded\shoes\153_bad_crop_high.jpg,originals\shoes\SHO_033.jpg,bad_crop,high
degraded\shoes\153_lowres_low.jpg,originals\shoes\SHO_033.jpg,lowres,low
degraded\shoes\153_lowres_medium.jpg,originals\shoes\SHO_033.jpg,lowres,medium
degraded\shoes\153_lowres_high.jpg,originals\shoes\SHO_033.jpg,lowres,high
degraded\shoes\153_jpeg_low.jpg,originals\shoes\SHO_033.jpg,jpeg,low
degraded\shoes\153_jpeg_medium.jpg,originals\shoes\SHO_033.jpg,jpeg,medium
degraded\shoes\153_jpeg_high.jpg,originals\shoes\SHO_033.jpg,jpeg,high
degraded\shoes\154_blur_low.jpg,originals\shoes\SHO_034.jpg,blur,low
degraded\shoes\154_blur_medium.jpg,originals\shoes\SHO_034.jpg,blur,medium
degraded\shoes\154_blur_high.jpg,originals\shoes\SHO_034.jpg,blur,high
degraded\shoes\154_underexposure_low.jpg,originals\shoes\SHO_034.jpg,underexposure,low
degraded\shoes\154_underexposure_medium.jpg,originals\shoes\SHO_034.jpg,underexposure,medium
degraded\shoes\154_underexposure_high.jpg,originals\shoes\SHO_034.jpg,underexposure,high
degraded\shoes\154_overexposure_low.jpg,originals\shoes\SHO_034.jpg,overexposure,low
degraded\shoes\154_overexposure_medium.jpg,originals\shoes\SHO_034.jpg,overexposure,medium
degraded\shoes\154_overexposure_high.jpg,originals\shoes\SHO_034.jpg,overexposure,high
degraded\shoes\154_bad_crop_low.jpg,originals\shoes\SHO_034.jpg,bad_crop,low
degraded\shoes\154_bad_crop_medium.jpg,originals\shoes\SHO_034.jpg,bad_crop,medium
degraded\shoes\154_bad_crop_high.jpg,originals\shoes\SHO_034.jpg,bad_crop,high
degraded\shoes\154_lowres_low.jpg,originals\shoes\SHO_034.jpg,lowres,low
degraded\shoes\154_lowres_medium.jpg,originals\shoes\SHO_034.jpg,lowres,medium
degraded\shoes\154_lowres_high.jpg,originals\shoes\SHO_034.jpg,lowres,high
degraded\shoes\154_jpeg_low.jpg,originals\shoes\SHO_034.jpg,jpeg,low
degraded\shoes\154_jpeg_medium.jpg,originals\shoes\SHO_034.jpg,jpeg,medium
degraded\shoes\154_jpeg_high.jpg,originals\shoes\SHO_034.jpg,jpeg,high
degraded\shoes\155_blur_low.jpg,originals\shoes\SHO_035.jpg,blur,low
degraded\shoes\155_blur_medium.jpg,originals\shoes\SHO_035.jpg,blur,medium
degraded\shoes\155_blur_high.jpg,originals\shoes\SHO_035.jpg,blur,high
degraded\shoes\155_underexposure_low.jpg,originals\shoes\SHO_035.jpg,underexposure,low
degraded\shoes\155_underexposure_medium.jpg,originals\shoes\SHO_035.jpg,underexposure,medium
degraded\shoes\155_underexposure_high.jpg,originals\shoes\SHO_035.jpg,underexposure,high
degraded\shoes\155_overexposure_low.jpg,originals\shoes\SHO_035.jpg,overexposure,low
degraded\shoes\155_overexposure_medium.jpg,originals\shoes\SHO_035.jpg,overexposure,medium
degraded\shoes\155_overexposure_high.jpg,originals\shoes\SHO_035.jpg,overexposure,high
degraded\shoes\155_bad_crop_low.jpg,originals\shoes\SHO_035.jpg,bad_crop,low
degraded\shoes\155_bad_crop_medium.jpg,originals\shoes\SHO_035.jpg,bad_crop,medium
degraded\shoes\155_bad_crop_high.jpg,originals\shoes\SHO_035.jpg,bad_crop,high
degraded\shoes\155_lowres_low.jpg,originals\shoes\SHO_035.jpg,lowres,low
degraded\shoes\155_lowres_medium.jpg,originals\shoes\SHO_035.jpg,lowres,medium
degraded\shoes\155_lowres_high.jpg,originals\shoes\SHO_035.jpg,lowres,high
degraded\shoes\155_jpeg_low.jpg,originals\shoes\SHO_035.jpg,jpeg,low
degraded\shoes\155_jpeg_medium.jpg,originals\shoes\SHO_035.jpg,jpeg,medium
degraded\shoes\155_jpeg_high.jpg,originals\shoes\SHO_035.jpg,jpeg,high
degraded\shoes\156_blur_low.jpg,originals\shoes\SHO_036.jpg,blur,low
degraded\shoes\156_blur_medium.jpg,originals\shoes\SHO_036.jpg,blur,medium
degraded\shoes\156_blur_high.jpg,originals\shoes\SHO_036.jpg,blur,high
degraded\shoes\156_underexposure_low.jpg,originals\shoes\SHO_036.jpg,underexposure,low
degraded\shoes\156_underexposure_medium.jpg,originals\shoes\SHO_036.jpg,underexposure,medium
degraded\shoes\156_underexposure_high.jpg,originals\shoes\SHO_036.jpg,underexposure,high
degraded\shoes\156_overexposure_low.jpg,originals\shoes\SHO_036.jpg,overexposure,low
degraded\shoes\156_overexposure_medium.jpg,originals\shoes\SHO_036.jpg,overexposure,medium
degraded\shoes\156_overexposure_high.jpg,originals\shoes\SHO_036.jpg,overexposure,high
degraded\shoes\156_bad_crop_low.jpg,originals\shoes\SHO_036.jpg,bad_crop,low
degraded\shoes\156_bad_crop_medium.jpg,originals\shoes\SHO_036.jpg,bad_crop,medium
degraded\shoes\156_bad_crop_high.jpg,originals\shoes\SHO_036.jpg,bad_crop,high
degraded\shoes\156_lowres_low.jpg,originals\shoes\SHO_036.jpg,lowres,low
degraded\shoes\156_lowres_medium.jpg,originals\shoes\SHO_036.jpg,lowres,medium
degraded\shoes\156_lowres_high.jpg,originals\shoes\SHO_036.jpg,lowres,high
degraded\shoes\156_jpeg_low.jpg,originals\shoes\SHO_036.jpg,jpeg,low
degraded\shoes\156_jpeg_medium.jpg,originals\shoes\SHO_036.jpg,jpeg,medium
degraded\shoes\156_jpeg_high.jpg,originals\shoes\SHO_036.jpg,jpeg,high
degraded\shoes\157_blur_low.jpg,originals\shoes\SHO_037.jpg,blur,low
degraded\shoes\157_blur_medium.jpg,originals\shoes\SHO_037.jpg,blur,medium
degraded\shoes\157_blur_high.jpg,originals\shoes\SHO_037.jpg,blur,high
degraded\shoes\157_underexposure_low.jpg,originals\shoes\SHO_037.jpg,underexposure,low
degraded\shoes\157_underexposure_medium.jpg,originals\shoes\SHO_037.jpg,underexposure,medium
degraded\shoes\157_underexposure_high.jpg,originals\shoes\SHO_037.jpg,underexposure,high
degraded\shoes\157_overexposure_low.jpg,originals\shoes\SHO_037.jpg,overexposure,low
degraded\shoes\157_overexposure_medium.jpg,originals\shoes\SHO_037.jpg,overexposure,medium
degraded\shoes\157_overexposure_high.jpg,originals\shoes\SHO_037.jpg,overexposure,high
degraded\shoes\157_bad_crop_low.jpg,originals\shoes\SHO_037.jpg,bad_crop,low
degraded\shoes\157_bad_crop_medium.jpg,originals\shoes\SHO_037.jpg,bad_crop,medium
degraded\shoes\157_bad_crop_high.jpg,originals\shoes\SHO_037.jpg,bad_crop,high
degraded\shoes\157_lowres_low.jpg,originals\shoes\SHO_037.jpg,lowres,low
degraded\shoes\157_lowres_medium.jpg,originals\shoes\SHO_037.jpg,lowres,medium
degraded\shoes\157_lowres_high.jpg,originals\shoes\SHO_037.jpg,lowres,high
degraded\shoes\157_jpeg_low.jpg,originals\shoes\SHO_037.jpg,jpeg,low
degraded\shoes\157_jpeg_medium.jpg,originals\shoes\SHO_037.jpg,jpeg,medium
degraded\shoes\157_jpeg_high.jpg,originals\shoes\SHO_037.jpg,jpeg,high
degraded\shoes\158_blur_low.jpg,originals\shoes\SHO_038.jpg,blur,low
degraded\shoes\158_blur_medium.jpg,originals\shoes\SHO_038.jpg,blur,medium
degraded\shoes\158_blur_high.jpg,originals\shoes\SHO_038.jpg,blur,high
degraded\shoes\158_underexposure_low.jpg,originals\shoes\SHO_038.jpg,underexposure,low
degraded\shoes\158_underexposure_medium.jpg,originals\shoes\SHO_038.jpg,underexposure,medium
degraded\shoes\158_underexposure_high.jpg,originals\shoes\SHO_038.jpg,underexposure,high
degraded\shoes\158_overexposure_low.jpg,originals\shoes\SHO_038.jpg,overexposure,low
degraded\shoes\158_overexposure_medium.jpg,originals\shoes\SHO_038.jpg,overexposure,medium
degraded\shoes\158_overexposure_high.jpg,originals\shoes\SHO_038.jpg,overexposure,high
degraded\shoes\158_bad_crop_low.jpg,originals\shoes\SHO_038.jpg,bad_crop,low
degraded\shoes\158_bad_crop_medium.jpg,originals\shoes\SHO_038.jpg,bad_crop,medium
degraded\shoes\158_bad_crop_high.jpg,originals\shoes\SHO_038.jpg,bad_crop,high
degraded\shoes\158_lowres_low.jpg,originals\shoes\SHO_038.jpg,lowres,low
degraded\shoes\158_lowres_medium.jpg,originals\shoes\SHO_038.jpg,lowres,medium
degraded\shoes\158_lowres_high.jpg,originals\shoes\SHO_038.jpg,lowres,high
degraded\shoes\158_jpeg_low.jpg,originals\shoes\SHO_038.jpg,jpeg,low
degraded\shoes\158_jpeg_medium.jpg,originals\shoes\SHO_038.jpg,jpeg,medium
degraded\shoes\158_jpeg_high.jpg,originals\shoes\SHO_038.jpg,jpeg,high
degraded\shoes\159_blur_low.jpg,originals\shoes\SHO_039.jpg,blur,low
degraded\shoes\159_blur_medium.jpg,originals\shoes\SHO_039.jpg,blur,medium
degraded\shoes\159_blur_high.jpg,originals\shoes\SHO_039.jpg,blur,high
degraded\shoes\159_underexposure_low.jpg,originals\shoes\SHO_039.jpg,underexposure,low
degraded\shoes\159_underexposure_medium.jpg,originals\shoes\SHO_039.jpg,underexposure,medium
degraded\shoes\159_underexposure_high.jpg,originals\shoes\SHO_039.jpg,underexposure,high
degraded\shoes\159_overexposure_low.jpg,originals\shoes\SHO_039.jpg,overexposure,low
degraded\shoes\159_overexposure_medium.jpg,originals\shoes\SHO_039.jpg,overexposure,medium
degraded\shoes\159_overexposure_high.jpg,originals\shoes\SHO_039.jpg,overexposure,high
degraded\shoes\159_bad_crop_low.jpg,originals\shoes\SHO_039.jpg,bad_crop,low
degraded\shoes\159_bad_crop_medium.jpg,originals\shoes\SHO_039.jpg,bad_crop,medium
degraded\shoes\159_bad_crop_high.jpg,originals\shoes\SHO_039.jpg,bad_crop,high
degraded\shoes\159_lowres_low.jpg,originals\shoes\SHO_039.jpg,lowres,low
degraded\shoes\159_lowres_medium.jpg,originals\shoes\SHO_039.jpg,lowres,medium
degraded\shoes\159_lowres_high.jpg,originals\shoes\SHO_039.jpg,lowres,high
degraded\shoes\159_jpeg_low.jpg,originals\shoes\SHO_039.jpg,jpeg,low
degraded\shoes\159_jpeg_medium.jpg,originals\shoes\SHO_039.jpg,jpeg,medium
degraded\shoes\159_jpeg_high.jpg,originals\shoes\SHO_039.jpg,jpeg,high
degraded\shoes\160_blur_low.jpg,originals\shoes\SHO_040.jpg,blur,low
degraded\shoes\160_blur_medium.jpg,originals\shoes\SHO_040.jpg,blur,medium
degraded\shoes\160_blur_high.jpg,originals\shoes\SHO_040.jpg,blur,high
degraded\shoes\160_underexposure_low.jpg,originals\shoes\SHO_040.jpg,underexposure,low
degraded\shoes\160_underexposure_medium.jpg,originals\shoes\SHO_040.jpg,underexposure,medium
degraded\shoes\160_underexposure_high.jpg,originals\shoes\SHO_040.jpg,underexposure,high
degraded\shoes\160_overexposure_low.jpg,originals\shoes\SHO_040.jpg,overexposure,low
degraded\shoes\160_overexposure_medium.jpg,originals\shoes\SHO_040.jpg,overexposure,medium
degraded\shoes\160_overexposure_high.jpg,originals\shoes\SHO_040.jpg,overexposure,high
degraded\shoes\160_bad_crop_low.jpg,originals\shoes\SHO_040.jpg,bad_crop,low
degraded\shoes\160_bad_crop_medium.jpg,originals\shoes\SHO_040.jpg,bad_crop,medium
degraded\shoes\160_bad_crop_high.jpg,originals\shoes\SHO_040.jpg,bad_crop,high
degraded\shoes\160_lowres_low.jpg,originals\shoes\SHO_040.jpg,lowres,low
degraded\shoes\160_lowres_medium.jpg,originals\shoes\SHO_040.jpg,lowres,medium
degraded\shoes\160_lowres_high.jpg,originals\shoes\SHO_040.jpg,lowres,high
degraded\shoes\160_jpeg_low.jpg,originals\shoes\SHO_040.jpg,jpeg,low
degraded\shoes\160_jpeg_medium.jpg,originals\shoes\SHO_040.jpg,jpeg,medium
degraded\shoes\160_jpeg_high.jpg,originals\shoes\SHO_040.jpg,jpeg,high
degraded\shoes\161_blur_low.jpg,originals\shoes\SHO_041.jpg,blur,low
degraded\shoes\161_blur_medium.jpg,originals\shoes\SHO_041.jpg,blur,medium
degraded\shoes\161_blur_high.jpg,originals\shoes\SHO_041.jpg,blur,high
degraded\shoes\161_underexposure_low.jpg,originals\shoes\SHO_041.jpg,underexposure,low
degraded\shoes\161_underexposure_medium.jpg,originals\shoes\SHO_041.jpg,underexposure,medium
degraded\shoes\161_underexposure_high.jpg,originals\shoes\SHO_041.jpg,underexposure,high
degraded\shoes\161_overexposure_low.jpg,originals\shoes\SHO_041.jpg,overexposure,low
degraded\shoes\161_overexposure_medium.jpg,originals\shoes\SHO_041.jpg,overexposure,medium
degraded\shoes\161_overexposure_high.jpg,originals\shoes\SHO_041.jpg,overexposure,high
degraded\shoes\161_bad_crop_low.jpg,originals\shoes\SHO_041.jpg,bad_crop,low
degraded\shoes\161_bad_crop_medium.jpg,originals\shoes\SHO_041.jpg,bad_crop,medium
degraded\shoes\161_bad_crop_high.jpg,originals\shoes\SHO_041.jpg,bad_crop,high
degraded\shoes\161_lowres_low.jpg,originals\shoes\SHO_041.jpg,lowres,low
degraded\shoes\161_lowres_medium.jpg,originals\shoes\SHO_041.jpg,lowres,medium
degraded\shoes\161_lowres_high.jpg,originals\shoes\SHO_041.jpg,lowres,high
degraded\shoes\161_jpeg_low.jpg,originals\shoes\SHO_041.jpg,jpeg,low
degraded\shoes\161_jpeg_medium.jpg,originals\shoes\SHO_041.jpg,jpeg,medium
degraded\shoes\161_jpeg_high.jpg,originals\shoes\SHO_041.jpg,jpeg,high
degraded\shoes\162_blur_low.jpg,originals\shoes\SHO_042.jpg,blur,low
degraded\shoes\162_blur_medium.jpg,originals\shoes\SHO_042.jpg,blur,medium
degraded\shoes\162_blur_high.jpg,originals\shoes\SHO_042.jpg,blur,high
degraded\shoes\162_underexposure_low.jpg,originals\shoes\SHO_042.jpg,underexposure,low
degraded\shoes\162_underexposure_medium.jpg,originals\shoes\SHO_042.jpg,underexposure,medium
degraded\shoes\162_underexposure_high.jpg,originals\shoes\SHO_042.jpg,underexposure,high
degraded\shoes\162_overexposure_low.jpg,originals\shoes\SHO_042.jpg,overexposure,low
degraded\shoes\162_overexposure_medium.jpg,originals\shoes\SHO_042.jpg,overexposure,medium
degraded\shoes\162_overexposure_high.jpg,originals\shoes\SHO_042.jpg,overexposure,high
degraded\shoes\162_bad_crop_low.jpg,originals\shoes\SHO_042.jpg,bad_crop,low
degraded\shoes\162_bad_crop_medium.jpg,originals\shoes\SHO_042.jpg,bad_crop,medium
degraded\shoes\162_bad_crop_high.jpg,originals\shoes\SHO_042.jpg,bad_crop,high
degraded\shoes\162_lowres_low.jpg,originals\shoes\SHO_042.jpg,lowres,low
degraded\shoes\162_lowres_medium.jpg,originals\shoes\SHO_042.jpg,lowres,medium
degraded\shoes\162_lowres_high.jpg,originals\shoes\SHO_042.jpg,lowres,high
degraded\shoes\162_jpeg_low.jpg,originals\shoes\SHO_042.jpg,jpeg,low
degraded\shoes\162_jpeg_medium.jpg,originals\shoes\SHO_042.jpg,jpeg,medium
degraded\shoes\162_jpeg_high.jpg,originals\shoes\SHO_042.jpg,jpeg,high
degraded\shoes\163_blur_low.jpg,originals\shoes\SHO_043.jpg,blur,low
degraded\shoes\163_blur_medium.jpg,originals\shoes\SHO_043.jpg,blur,medium
degraded\shoes\163_blur_high.jpg,originals\shoes\SHO_043.jpg,blur,high
degraded\shoes\163_underexposure_low.jpg,originals\shoes\SHO_043.jpg,underexposure,low
degraded\shoes\163_underexposure_medium.jpg,originals\shoes\SHO_043.jpg,underexposure,medium
degraded\shoes\163_underexposure_high.jpg,originals\shoes\SHO_043.jpg,underexposure,high
degraded\shoes\163_overexposure_low.jpg,originals\shoes\SHO_043.jpg,overexposure,low
degraded\shoes\163_overexposure_medium.jpg,originals\shoes\SHO_043.jpg,overexposure,medium
degraded\shoes\163_overexposure_high.jpg,originals\shoes\SHO_043.jpg,overexposure,high
degraded\shoes\163_bad_crop_low.jpg,originals\shoes\SHO_043.jpg,bad_crop,low
degraded\shoes\163_bad_crop_medium.jpg,originals\shoes\SHO_043.jpg,bad_crop,medium
degraded\shoes\163_bad_crop_high.jpg,originals\shoes\SHO_043.jpg,bad_crop,high
degraded\shoes\163_lowres_low.jpg,originals\shoes\SHO_043.jpg,lowres,low
degraded\shoes\163_lowres_medium.jpg,originals\shoes\SHO_043.jpg,lowres,medium
degraded\shoes\163_lowres_high.jpg,originals\shoes\SHO_043.jpg,lowres,high
degraded\shoes\163_jpeg_low.jpg,originals\shoes\SHO_043.jpg,jpeg,low
degraded\shoes\163_jpeg_medium.jpg,originals\shoes\SHO_043.jpg,jpeg,medium
degraded\shoes\163_jpeg_high.jpg,originals\shoes\SHO_043.jpg,jpeg,high
degraded\shoes\164_blur_low.jpg,originals\shoes\SHO_044.jpg,blur,low
degraded\shoes\164_blur_medium.jpg,originals\shoes\SHO_044.jpg,blur,medium
degraded\shoes\164_blur_high.jpg,originals\shoes\SHO_044.jpg,blur,high
degraded\shoes\164_underexposure_low.jpg,originals\shoes\SHO_044.jpg,underexposure,low
degraded\shoes\164_underexposure_medium.jpg,originals\shoes\SHO_044.jpg,underexposure,medium
degraded\shoes\164_underexposure_high.jpg,originals\shoes\SHO_044.jpg,underexposure,high
degraded\shoes\164_overexposure_low.jpg,originals\shoes\SHO_044.jpg,overexposure,low
degraded\shoes\164_overexposure_medium.jpg,originals\shoes\SHO_044.jpg,overexposure,medium
degraded\shoes\164_overexposure_high.jpg,originals\shoes\SHO_044.jpg,overexposure,high
degraded\shoes\164_bad_crop_low.jpg,originals\shoes\SHO_044.jpg,bad_crop,low
degraded\shoes\164_bad_crop_medium.jpg,originals\shoes\SHO_044.jpg,bad_crop,medium
degraded\shoes\164_bad_crop_high.jpg,originals\shoes\SHO_044.jpg,bad_crop,high
degraded\shoes\164_lowres_low.jpg,originals\shoes\SHO_044.jpg,lowres,low
degraded\shoes\164_lowres_medium.jpg,originals\shoes\SHO_044.jpg,lowres,medium
degraded\shoes\164_lowres_high.jpg,originals\shoes\SHO_044.jpg,lowres,high
degraded\shoes\164_jpeg_low.jpg,originals\shoes\SHO_044.jpg,jpeg,low
degraded\shoes\164_jpeg_medium.jpg,originals\shoes\SHO_044.jpg,jpeg,medium
degraded\shoes\164_jpeg_high.jpg,originals\shoes\SHO_044.jpg,jpeg,high
degraded\shoes\165_blur_low.jpg,originals\shoes\SHO_045.jpg,blur,low
degraded\shoes\165_blur_medium.jpg,originals\shoes\SHO_045.jpg,blur,medium
degraded\shoes\165_blur_high.jpg,originals\shoes\SHO_045.jpg,blur,high
degraded\shoes\165_underexposure_low.jpg,originals\shoes\SHO_045.jpg,underexposure,low
degraded\shoes\165_underexposure_medium.jpg,originals\shoes\SHO_045.jpg,underexposure,medium
degraded\shoes\165_underexposure_high.jpg,originals\shoes\SHO_045.jpg,underexposure,high
degraded\shoes\165_overexposure_low.jpg,originals\shoes\SHO_045.jpg,overexposure,low
degraded\shoes\165_overexposure_medium.jpg,originals\shoes\SHO_045.jpg,overexposure,medium
degraded\shoes\165_overexposure_high.jpg,originals\shoes\SHO_045.jpg,overexposure,high
degraded\shoes\165_bad_crop_low.jpg,originals\shoes\SHO_045.jpg,bad_crop,low
degraded\shoes\165_bad_crop_medium.jpg,originals\shoes\SHO_045.jpg,bad_crop,medium
degraded\shoes\165_bad_crop_high.jpg,originals\shoes\SHO_045.jpg,bad_crop,high
degraded\shoes\165_lowres_low.jpg,originals\shoes\SHO_045.jpg,lowres,low
degraded\shoes\165_lowres_medium.jpg,originals\shoes\SHO_045.jpg,lowres,medium
degraded\shoes\165_lowres_high.jpg,originals\shoes\SHO_045.jpg,lowres,high
degraded\shoes\165_jpeg_low.jpg,originals\shoes\SHO_045.jpg,jpeg,low
degraded\shoes\165_jpeg_medium.jpg,originals\shoes\SHO_045.jpg,jpeg,medium
degraded\shoes\165_jpeg_high.jpg,originals\shoes\SHO_045.jpg,jpeg,high
degraded\shoes\166_blur_low.jpg,originals\shoes\SHO_046.jpg,blur,low
degraded\shoes\166_blur_medium.jpg,originals\shoes\SHO_046.jpg,blur,medium
degraded\shoes\166_blur_high.jpg,originals\shoes\SHO_046.jpg,blur,high
degraded\shoes\166_underexposure_low.jpg,originals\shoes\SHO_046.jpg,underexposure,low
degraded\shoes\166_underexposure_medium.jpg,originals\shoes\SHO_046.jpg,underexposure,medium
degraded\shoes\166_underexposure_high.jpg,originals\shoes\SHO_046.jpg,underexposure,high
degraded\shoes\166_overexposure_low.jpg,originals\shoes\SHO_046.jpg,overexposure,low
degraded\shoes\166_overexposure_medium.jpg,originals\shoes\SHO_046.jpg,overexposure,medium
degraded\shoes\166_overexposure_high.jpg,originals\shoes\SHO_046.jpg,overexposure,high
degraded\shoes\166_bad_crop_low.jpg,originals\shoes\SHO_046.jpg,bad_crop,low
degraded\shoes\166_bad_crop_medium.jpg,originals\shoes\SHO_046.jpg,bad_crop,medium
degraded\shoes\166_bad_crop_high.jpg,originals\shoes\SHO_046.jpg,bad_crop,high
degraded\shoes\166_lowres_low.jpg,originals\shoes\SHO_046.jpg,lowres,low
degraded\shoes\166_lowres_medium.jpg,originals\shoes\SHO_046.jpg,lowres,medium
degraded\shoes\166_lowres_high.jpg,originals\shoes\SHO_046.jpg,lowres,high
degraded\shoes\166_jpeg_low.jpg,originals\shoes\SHO_046.jpg,jpeg,low
degraded\shoes\166_jpeg_medium.jpg,originals\shoes\SHO_046.jpg,jpeg,medium
degraded\shoes\166_jpeg_high.jpg,originals\shoes\SHO_046.jpg,jpeg,high
degraded\shoes\167_blur_low.jpg,originals\shoes\SHO_047.jpg,blur,low
degraded\shoes\167_blur_medium.jpg,originals\shoes\SHO_047.jpg,blur,medium
degraded\shoes\167_blur_high.jpg,originals\shoes\SHO_047.jpg,blur,high
degraded\shoes\167_underexposure_low.jpg,originals\shoes\SHO_047.jpg,underexposure,low
degraded\shoes\167_underexposure_medium.jpg,originals\shoes\SHO_047.jpg,underexposure,medium
degraded\shoes\167_underexposure_high.jpg,originals\shoes\SHO_047.jpg,underexposure,high
degraded\shoes\167_overexposure_low.jpg,originals\shoes\SHO_047.jpg,overexposure,low
degraded\shoes\167_overexposure_medium.jpg,originals\shoes\SHO_047.jpg,overexposure,medium
degraded\shoes\167_overexposure_high.jpg,originals\shoes\SHO_047.jpg,overexposure,high
degraded\shoes\167_bad_crop_low.jpg,originals\shoes\SHO_047.jpg,bad_crop,low
degraded\shoes\167_bad_crop_medium.jpg,originals\shoes\SHO_047.jpg,bad_crop,medium
degraded\shoes\167_bad_crop_high.jpg,originals\shoes\SHO_047.jpg,bad_crop,high
degraded\shoes\167_lowres_low.jpg,originals\shoes\SHO_047.jpg,lowres,low
degraded\shoes\167_lowres_medium.jpg,originals\shoes\SHO_047.jpg,lowres,medium
degraded\shoes\167_lowres_high.jpg,originals\shoes\SHO_047.jpg,lowres,high
degraded\shoes\167_jpeg_low.jpg,originals\shoes\SHO_047.jpg,jpeg,low
degraded\shoes\167_jpeg_medium.jpg,originals\shoes\SHO_047.jpg,jpeg,medium
degraded\shoes\167_jpeg_high.jpg,originals\shoes\SHO_047.jpg,jpeg,high
degraded\shoes\168_blur_low.jpg,originals\shoes\SHO_048.jpg,blur,low
degraded\shoes\168_blur_medium.jpg,originals\shoes\SHO_048.jpg,blur,medium
degraded\shoes\168_blur_high.jpg,originals\shoes\SHO_048.jpg,blur,high
degraded\shoes\168_underexposure_low.jpg,originals\shoes\SHO_048.jpg,underexposure,low
degraded\shoes\168_underexposure_medium.jpg,originals\shoes\SHO_048.jpg,underexposure,medium
degraded\shoes\168_underexposure_high.jpg,originals\shoes\SHO_048.jpg,underexposure,high
degraded\shoes\168_overexposure_low.jpg,originals\shoes\SHO_048.jpg,overexposure,low
degraded\shoes\168_overexposure_medium.jpg,originals\shoes\SHO_048.jpg,overexposure,medium
degraded\shoes\168_overexposure_high.jpg,originals\shoes\SHO_048.jpg,overexposure,high
degraded\shoes\168_bad_crop_low.jpg,originals\shoes\SHO_048.jpg,bad_crop,low
degraded\shoes\168_bad_crop_medium.jpg,originals\shoes\SHO_048.jpg,bad_crop,medium
degraded\shoes\168_bad_crop_high.jpg,originals\shoes\SHO_048.jpg,bad_crop,high
degraded\shoes\168_lowres_low.jpg,originals\shoes\SHO_048.jpg,lowres,low
degraded\shoes\168_lowres_medium.jpg,originals\shoes\SHO_048.jpg,lowres,medium
degraded\shoes\168_lowres_high.jpg,originals\shoes\SHO_048.jpg,lowres,high
degraded\shoes\168_jpeg_low.jpg,originals\shoes\SHO_048.jpg,jpeg,low
degraded\shoes\168_jpeg_medium.jpg,originals\shoes\SHO_048.jpg,jpeg,medium
degraded\shoes\168_jpeg_high.jpg,originals\shoes\SHO_048.jpg,jpeg,high
degraded\shoes\169_blur_low.jpg,originals\shoes\SHO_049.jpg,blur,low
degraded\shoes\169_blur_medium.jpg,originals\shoes\SHO_049.jpg,blur,medium
degraded\shoes\169_blur_high.jpg,originals\shoes\SHO_049.jpg,blur,high
degraded\shoes\169_underexposure_low.jpg,originals\shoes\SHO_049.jpg,underexposure,low
degraded\shoes\169_underexposure_medium.jpg,originals\shoes\SHO_049.jpg,underexposure,medium
degraded\shoes\169_underexposure_high.jpg,originals\shoes\SHO_049.jpg,underexposure,high
degraded\shoes\169_overexposure_low.jpg,originals\shoes\SHO_049.jpg,overexposure,low
degraded\shoes\169_overexposure_medium.jpg,originals\shoes\SHO_049.jpg,overexposure,medium
degraded\shoes\169_overexposure_high.jpg,originals\shoes\SHO_049.jpg,overexposure,high
degraded\shoes\169_bad_crop_low.jpg,originals\shoes\SHO_049.jpg,bad_crop,low
degraded\shoes\169_bad_crop_medium.jpg,originals\shoes\SHO_049.jpg,bad_crop,medium
degraded\shoes\169_bad_crop_high.jpg,originals\shoes\SHO_049.jpg,bad_crop,high
degraded\shoes\169_lowres_low.jpg,originals\shoes\SHO_049.jpg,lowres,low
degraded\shoes\169_lowres_medium.jpg,originals\shoes\SHO_049.jpg,lowres,medium
degraded\shoes\169_lowres_high.jpg,originals\shoes\SHO_049.jpg,lowres,high
degraded\shoes\169_jpeg_low.jpg,originals\shoes\SHO_049.jpg,jpeg,low
degraded\shoes\169_jpeg_medium.jpg,originals\shoes\SHO_049.jpg,jpeg,medium
degraded\shoes\169_jpeg_high.jpg,originals\shoes\SHO_049.jpg,jpeg,high
degraded\shoes\170_blur_low.jpg,originals\shoes\SHO_050.jpg,blur,low
degraded\shoes\170_blur_medium.jpg,originals\shoes\SHO_050.jpg,blur,medium
degraded\shoes\170_blur_high.jpg,originals\shoes\SHO_050.jpg,blur,high
degraded\shoes\170_underexposure_low.jpg,originals\shoes\SHO_050.jpg,underexposure,low
degraded\shoes\170_underexposure_medium.jpg,originals\shoes\SHO_050.jpg,underexposure,medium
degraded\shoes\170_underexposure_high.jpg,originals\shoes\SHO_050.jpg,underexposure,high
degraded\shoes\170_overexposure_low.jpg,originals\shoes\SHO_050.jpg,overexposure,low
degraded\shoes\170_overexposure_medium.jpg,originals\shoes\SHO_050.jpg,overexposure,medium
degraded\shoes\170_overexposure_high.jpg,originals\shoes\SHO_050.jpg,overexposure,high
degraded\shoes\170_bad_crop_low.jpg,originals\shoes\SHO_050.jpg,bad_crop,low
degraded\shoes\170_bad_crop_medium.jpg,originals\shoes\SHO_050.jpg,bad_crop,medium
degraded\shoes\170_bad_crop_high.jpg,originals\shoes\SHO_050.jpg,bad_crop,high
degraded\shoes\170_lowres_low.jpg,originals\shoes\SHO_050.jpg,lowres,low
degraded\shoes\170_lowres_medium.jpg,originals\shoes\SHO_050.jpg,lowres,medium
degraded\shoes\170_lowres_high.jpg,originals\shoes\SHO_050.jpg,lowres,high
degraded\shoes\170_jpeg_low.jpg,originals\shoes\SHO_050.jpg,jpeg,low
degraded\shoes\170_jpeg_medium.jpg,originals\shoes\SHO_050.jpg,jpeg,medium
degraded\shoes\170_jpeg_high.jpg,originals\shoes\SHO_050.jpg,jpeg,high
degraded\shoes\171_blur_low.jpg,originals\shoes\SHO_051.jpg,blur,low
degraded\shoes\171_blur_medium.jpg,originals\shoes\SHO_051.jpg,blur,medium
degraded\shoes\171_blur_high.jpg,originals\shoes\SHO_051.jpg,blur,high
degraded\shoes\171_underexposure_low.jpg,originals\shoes\SHO_051.jpg,underexposure,low
degraded\shoes\171_underexposure_medium.jpg,originals\shoes\SHO_051.jpg,underexposure,medium
degraded\shoes\171_underexposure_high.jpg,originals\shoes\SHO_051.jpg,underexposure,high
degraded\shoes\171_overexposure_low.jpg,originals\shoes\SHO_051.jpg,overexposure,low
degraded\shoes\171_overexposure_medium.jpg,originals\shoes\SHO_051.jpg,overexposure,medium
degraded\shoes\171_overexposure_high.jpg,originals\shoes\SHO_051.jpg,overexposure,high
degraded\shoes\171_bad_crop_low.jpg,originals\shoes\SHO_051.jpg,bad_crop,low
degraded\shoes\171_bad_crop_medium.jpg,originals\shoes\SHO_051.jpg,bad_crop,medium
degraded\shoes\171_bad_crop_high.jpg,originals\shoes\SHO_051.jpg,bad_crop,high
degraded\shoes\171_lowres_low.jpg,originals\shoes\SHO_051.jpg,lowres,low
degraded\shoes\171_lowres_medium.jpg,originals\shoes\SHO_051.jpg,lowres,medium
degraded\shoes\171_lowres_high.jpg,originals\shoes\SHO_051.jpg,lowres,high
degraded\shoes\171_jpeg_low.jpg,originals\shoes\SHO_051.jpg,jpeg,low
degraded\shoes\171_jpeg_medium.jpg,originals\shoes\SHO_051.jpg,jpeg,medium
degraded\shoes\171_jpeg_high.jpg,originals\shoes\SHO_051.jpg,jpeg,high
degraded\shoes\172_blur_low.jpg,originals\shoes\SHO_052.jpg,blur,low
degraded\shoes\172_blur_medium.jpg,originals\shoes\SHO_052.jpg,blur,medium
degraded\shoes\172_blur_high.jpg,originals\shoes\SHO_052.jpg,blur,high
degraded\shoes\172_underexposure_low.jpg,originals\shoes\SHO_052.jpg,underexposure,low
degraded\shoes\172_underexposure_medium.jpg,originals\shoes\SHO_052.jpg,underexposure,medium
degraded\shoes\172_underexposure_high.jpg,originals\shoes\SHO_052.jpg,underexposure,high
degraded\shoes\172_overexposure_low.jpg,originals\shoes\SHO_052.jpg,overexposure,low
degraded\shoes\172_overexposure_medium.jpg,originals\shoes\SHO_052.jpg,overexposure,medium
degraded\shoes\172_overexposure_high.jpg,originals\shoes\SHO_052.jpg,overexposure,high
degraded\shoes\172_bad_crop_low.jpg,originals\shoes\SHO_052.jpg,bad_crop,low
degraded\shoes\172_bad_crop_medium.jpg,originals\shoes\SHO_052.jpg,bad_crop,medium
degraded\shoes\172_bad_crop_high.jpg,originals\shoes\SHO_052.jpg,bad_crop,high
degraded\shoes\172_lowres_low.jpg,originals\shoes\SHO_052.jpg,lowres,low
degraded\shoes\172_lowres_medium.jpg,originals\shoes\SHO_052.jpg,lowres,medium
degraded\shoes\172_lowres_high.jpg,originals\shoes\SHO_052.jpg,lowres,high
degraded\shoes\172_jpeg_low.jpg,originals\shoes\SHO_052.jpg,jpeg,low
degraded\shoes\172_jpeg_medium.jpg,originals\shoes\SHO_052.jpg,jpeg,medium
degraded\shoes\172_jpeg_high.jpg,originals\shoes\SHO_052.jpg,jpeg,high
degraded\shoes\173_blur_low.jpg,originals\shoes\SHO_053.jpg,blur,low
degraded\shoes\173_blur_medium.jpg,originals\shoes\SHO_053.jpg,blur,medium
degraded\shoes\173_blur_high.jpg,originals\shoes\SHO_053.jpg,blur,high
degraded\shoes\173_underexposure_low.jpg,originals\shoes\SHO_053.jpg,underexposure,low
degraded\shoes\173_underexposure_medium.jpg,originals\shoes\SHO_053.jpg,underexposure,medium
degraded\shoes\173_underexposure_high.jpg,originals\shoes\SHO_053.jpg,underexposure,high
degraded\shoes\173_overexposure_low.jpg,originals\shoes\SHO_053.jpg,overexposure,low
degraded\shoes\173_overexposure_medium.jpg,originals\shoes\SHO_053.jpg,overexposure,medium
degraded\shoes\173_overexposure_high.jpg,originals\shoes\SHO_053.jpg,overexposure,high
degraded\shoes\173_bad_crop_low.jpg,originals\shoes\SHO_053.jpg,bad_crop,low
degraded\shoes\173_bad_crop_medium.jpg,originals\shoes\SHO_053.jpg,bad_crop,medium
degraded\shoes\173_bad_crop_high.jpg,originals\shoes\SHO_053.jpg,bad_crop,high
degraded\shoes\173_lowres_low.jpg,originals\shoes\SHO_053.jpg,lowres,low
degraded\shoes\173_lowres_medium.jpg,originals\shoes\SHO_053.jpg,lowres,medium
degraded\shoes\173_lowres_high.jpg,originals\shoes\SHO_053.jpg,lowres,high
degraded\shoes\173_jpeg_low.jpg,originals\shoes\SHO_053.jpg,jpeg,low
degraded\shoes\173_jpeg_medium.jpg,originals\shoes\SHO_053.jpg,jpeg,medium
degraded\shoes\173_jpeg_high.jpg,originals\shoes\SHO_053.jpg,jpeg,high
degraded\shoes\174_blur_low.jpg,originals\shoes\SHO_054.jpg,blur,low
degraded\shoes\174_blur_medium.jpg,originals\shoes\SHO_054.jpg,blur,medium
degraded\shoes\174_blur_high.jpg,originals\shoes\SHO_054.jpg,blur,high
degraded\shoes\174_underexposure_low.jpg,originals\shoes\SHO_054.jpg,underexposure,low
degraded\shoes\174_underexposure_medium.jpg,originals\shoes\SHO_054.jpg,underexposure,medium
degraded\shoes\174_underexposure_high.jpg,originals\shoes\SHO_054.jpg,underexposure,high
degraded\shoes\174_overexposure_low.jpg,originals\shoes\SHO_054.jpg,overexposure,low
degraded\shoes\174_overexposure_medium.jpg,originals\shoes\SHO_054.jpg,overexposure,medium
degraded\shoes\174_overexposure_high.jpg,originals\shoes\SHO_054.jpg,overexposure,high
degraded\shoes\174_bad_crop_low.jpg,originals\shoes\SHO_054.jpg,bad_crop,low
degraded\shoes\174_bad_crop_medium.jpg,originals\shoes\SHO_054.jpg,bad_crop,medium
degraded\shoes\174_bad_crop_high.jpg,originals\shoes\SHO_054.jpg,bad_crop,high
degraded\shoes\174_lowres_low.jpg,originals\shoes\SHO_054.jpg,lowres,low
degraded\shoes\174_lowres_medium.jpg,originals\shoes\SHO_054.jpg,lowres,medium
degraded\shoes\174_lowres_high.jpg,originals\shoes\SHO_054.jpg,lowres,high
degraded\shoes\174_jpeg_low.jpg,originals\shoes\SHO_054.jpg,jpeg,low
degraded\shoes\174_jpeg_medium.jpg,originals\shoes\SHO_054.jpg,jpeg,medium
degraded\shoes\174_jpeg_high.jpg,originals\shoes\SHO_054.jpg,jpeg,high
degraded\shoes\175_blur_low.jpg,originals\shoes\SHO_055.jpg,blur,low
degraded\shoes\175_blur_medium.jpg,originals\shoes\SHO_055.jpg,blur,medium
degraded\shoes\175_blur_high.jpg,originals\shoes\SHO_055.jpg,blur,high
degraded\shoes\175_underexposure_low.jpg,originals\shoes\SHO_055.jpg,underexposure,low
degraded\shoes\175_underexposure_medium.jpg,originals\shoes\SHO_055.jpg,underexposure,medium
degraded\shoes\175_underexposure_high.jpg,originals\shoes\SHO_055.jpg,underexposure,high
degraded\shoes\175_overexposure_low.jpg,originals\shoes\SHO_055.jpg,overexposure,low
degraded\shoes\175_overexposure_medium.jpg,originals\shoes\SHO_055.jpg,overexposure,medium
degraded\shoes\175_overexposure_high.jpg,originals\shoes\SHO_055.jpg,overexposure,high
degraded\shoes\175_bad_crop_low.jpg,originals\shoes\SHO_055.jpg,bad_crop,low
degraded\shoes\175_bad_crop_medium.jpg,originals\shoes\SHO_055.jpg,bad_crop,medium
degraded\shoes\175_bad_crop_high.jpg,originals\shoes\SHO_055.jpg,bad_crop,high
degraded\shoes\175_lowres_low.jpg,originals\shoes\SHO_055.jpg,lowres,low
degraded\shoes\175_lowres_medium.jpg,originals\shoes\SHO_055.jpg,lowres,medium
degraded\shoes\175_lowres_high.jpg,originals\shoes\SHO_055.jpg,lowres,high
degraded\shoes\175_jpeg_low.jpg,originals\shoes\SHO_055.jpg,jpeg,low
degraded\shoes\175_jpeg_medium.jpg,originals\shoes\SHO_055.jpg,jpeg,medium
degraded\shoes\175_jpeg_high.jpg,originals\shoes\SHO_055.jpg,jpeg,high
degraded\shoes\176_blur_low.jpg,originals\shoes\SHO_056.jpg,blur,low
degraded\shoes\176_blur_medium.jpg,originals\shoes\SHO_056.jpg,blur,medium
degraded\shoes\176_blur_high.jpg,originals\shoes\SHO_056.jpg,blur,high
degraded\shoes\176_underexposure_low.jpg,originals\shoes\SHO_056.jpg,underexposure,low
degraded\shoes\176_underexposure_medium.jpg,originals\shoes\SHO_056.jpg,underexposure,medium
degraded\shoes\176_underexposure_high.jpg,originals\shoes\SHO_056.jpg,underexposure,high
degraded\shoes\176_overexposure_low.jpg,originals\shoes\SHO_056.jpg,overexposure,low
degraded\shoes\176_overexposure_medium.jpg,originals\shoes\SHO_056.jpg,overexposure,medium
degraded\shoes\176_overexposure_high.jpg,originals\shoes\SHO_056.jpg,overexposure,high
degraded\shoes\176_bad_crop_low.jpg,originals\shoes\SHO_056.jpg,bad_crop,low
degraded\shoes\176_bad_crop_medium.jpg,originals\shoes\SHO_056.jpg,bad_crop,medium
degraded\shoes\176_bad_crop_high.jpg,originals\shoes\SHO_056.jpg,bad_crop,high
degraded\shoes\176_lowres_low.jpg,originals\shoes\SHO_056.jpg,lowres,low
degraded\shoes\176_lowres_medium.jpg,originals\shoes\SHO_056.jpg,lowres,medium
degraded\shoes\176_lowres_high.jpg,originals\shoes\SHO_056.jpg,lowres,high
degraded\shoes\176_jpeg_low.jpg,originals\shoes\SHO_056.jpg,jpeg,low
degraded\shoes\176_jpeg_medium.jpg,originals\shoes\SHO_056.jpg,jpeg,medium
degraded\shoes\176_jpeg_high.jpg,originals\shoes\SHO_056.jpg,jpeg,high
degraded\shoes\177_blur_low.jpg,originals\shoes\SHO_057.jpg,blur,low
degraded\shoes\177_blur_medium.jpg,originals\shoes\SHO_057.jpg,blur,medium
degraded\shoes\177_blur_high.jpg,originals\shoes\SHO_057.jpg,blur,high
degraded\shoes\177_underexposure_low.jpg,originals\shoes\SHO_057.jpg,underexposure,low
degraded\shoes\177_underexposure_medium.jpg,originals\shoes\SHO_057.jpg,underexposure,medium
degraded\shoes\177_underexposure_high.jpg,originals\shoes\SHO_057.jpg,underexposure,high
degraded\shoes\177_overexposure_low.jpg,originals\shoes\SHO_057.jpg,overexposure,low
degraded\shoes\177_overexposure_medium.jpg,originals\shoes\SHO_057.jpg,overexposure,medium
degraded\shoes\177_overexposure_high.jpg,originals\shoes\SHO_057.jpg,overexposure,high
degraded\shoes\177_bad_crop_low.jpg,originals\shoes\SHO_057.jpg,bad_crop,low
degraded\shoes\177_bad_crop_medium.jpg,originals\shoes\SHO_057.jpg,bad_crop,medium
degraded\shoes\177_bad_crop_high.jpg,originals\shoes\SHO_057.jpg,bad_crop,high
degraded\shoes\177_lowres_low.jpg,originals\shoes\SHO_057.jpg,lowres,low
degraded\shoes\177_lowres_medium.jpg,originals\shoes\SHO_057.jpg,lowres,medium
degraded\shoes\177_lowres_high.jpg,originals\shoes\SHO_057.jpg,lowres,high
degraded\shoes\177_jpeg_low.jpg,originals\shoes\SHO_057.jpg,jpeg,low
degraded\shoes\177_jpeg_medium.jpg,originals\shoes\SHO_057.jpg,jpeg,medium
degraded\shoes\177_jpeg_high.jpg,originals\shoes\SHO_057.jpg,jpeg,high
degraded\shoes\178_blur_low.jpg,originals\shoes\SHO_058.jpg,blur,low
degraded\shoes\178_blur_medium.jpg,originals\shoes\SHO_058.jpg,blur,medium
degraded\shoes\178_blur_high.jpg,originals\shoes\SHO_058.jpg,blur,high
degraded\shoes\178_underexposure_low.jpg,originals\shoes\SHO_058.jpg,underexposure,low
degraded\shoes\178_underexposure_medium.jpg,originals\shoes\SHO_058.jpg,underexposure,medium
degraded\shoes\178_underexposure_high.jpg,originals\shoes\SHO_058.jpg,underexposure,high
degraded\shoes\178_overexposure_low.jpg,originals\shoes\SHO_058.jpg,overexposure,low
degraded\shoes\178_overexposure_medium.jpg,originals\shoes\SHO_058.jpg,overexposure,medium
degraded\shoes\178_overexposure_high.jpg,originals\shoes\SHO_058.jpg,overexposure,high
degraded\shoes\178_bad_crop_low.jpg,originals\shoes\SHO_058.jpg,bad_crop,low
degraded\shoes\178_bad_crop_medium.jpg,originals\shoes\SHO_058.jpg,bad_crop,medium
degraded\shoes\178_bad_crop_high.jpg,originals\shoes\SHO_058.jpg,bad_crop,high
degraded\shoes\178_lowres_low.jpg,originals\shoes\SHO_058.jpg,lowres,low
degraded\shoes\178_lowres_medium.jpg,originals\shoes\SHO_058.jpg,lowres,medium
degraded\shoes\178_lowres_high.jpg,originals\shoes\SHO_058.jpg,lowres,high
degraded\shoes\178_jpeg_low.jpg,originals\shoes\SHO_058.jpg,jpeg,low
degraded\shoes\178_jpeg_medium.jpg,originals\shoes\SHO_058.jpg,jpeg,medium
degraded\shoes\178_jpeg_high.jpg,originals\shoes\SHO_058.jpg,jpeg,high
degraded\shoes\179_blur_low.jpg,originals\shoes\SHO_059.jpg,blur,low
degraded\shoes\179_blur_medium.jpg,originals\shoes\SHO_059.jpg,blur,medium
degraded\shoes\179_blur_high.jpg,originals\shoes\SHO_059.jpg,blur,high
degraded\shoes\179_underexposure_low.jpg,originals\shoes\SHO_059.jpg,underexposure,low
degraded\shoes\179_underexposure_medium.jpg,originals\shoes\SHO_059.jpg,underexposure,medium
degraded\shoes\179_underexposure_high.jpg,originals\shoes\SHO_059.jpg,underexposure,high
degraded\shoes\179_overexposure_low.jpg,originals\shoes\SHO_059.jpg,overexposure,low
degraded\shoes\179_overexposure_medium.jpg,originals\shoes\SHO_059.jpg,overexposure,medium
degraded\shoes\179_overexposure_high.jpg,originals\shoes\SHO_059.jpg,overexposure,high
degraded\shoes\179_bad_crop_low.jpg,originals\shoes\SHO_059.jpg,bad_crop,low
degraded\shoes\179_bad_crop_medium.jpg,originals\shoes\SHO_059.jpg,bad_crop,medium
degraded\shoes\179_bad_crop_high.jpg,originals\shoes\SHO_059.jpg,bad_crop,high
degraded\shoes\179_lowres_low.jpg,originals\shoes\SHO_059.jpg,lowres,low
degraded\shoes\179_lowres_medium.jpg,originals\shoes\SHO_059.jpg,lowres,medium
degraded\shoes\179_lowres_high.jpg,originals\shoes\SHO_059.jpg,lowres,high
degraded\shoes\179_jpeg_low.jpg,originals\shoes\SHO_059.jpg,jpeg,low
degraded\shoes\179_jpeg_medium.jpg,originals\shoes\SHO_059.jpg,jpeg,medium
degraded\shoes\179_jpeg_high.jpg,originals\shoes\SHO_059.jpg,jpeg,high
degraded\shoes\180_blur_low.jpg,originals\shoes\SHO_060.jpg,blur,low
degraded\shoes\180_blur_medium.jpg,originals\shoes\SHO_060.jpg,blur,medium
degraded\shoes\180_blur_high.jpg,originals\shoes\SHO_060.jpg,blur,high
degraded\shoes\180_underexposure_low.jpg,originals\shoes\SHO_060.jpg,underexposure,low
degraded\shoes\180_underexposure_medium.jpg,originals\shoes\SHO_060.jpg,underexposure,medium
degraded\shoes\180_underexposure_high.jpg,originals\shoes\SHO_060.jpg,underexposure,high
degraded\shoes\180_overexposure_low.jpg,originals\shoes\SHO_060.jpg,overexposure,low
degraded\shoes\180_overexposure_medium.jpg,originals\shoes\SHO_060.jpg,overexposure,medium
degraded\shoes\180_overexposure_high.jpg,originals\shoes\SHO_060.jpg,overexposure,high
degraded\shoes\180_bad_crop_low.jpg,originals\shoes\SHO_060.jpg,bad_crop,low
degraded\shoes\180_bad_crop_medium.jpg,originals\shoes\SHO_060.jpg,bad_crop,medium
degraded\shoes\180_bad_crop_high.jpg,originals\shoes\SHO_060.jpg,bad_crop,high
degraded\shoes\180_lowres_low.jpg,originals\shoes\SHO_060.jpg,lowres,low
degraded\shoes\180_lowres_medium.jpg,originals\shoes\SHO_060.jpg,lowres,medium
degraded\shoes\180_lowres_high.jpg,originals\shoes\SHO_060.jpg,lowres,high
degraded\shoes\180_jpeg_low.jpg,originals\shoes\SHO_060.jpg,jpeg,low
degraded\shoes\180_jpeg_medium.jpg,originals\shoes\SHO_060.jpg,jpeg,medium
degraded\shoes\180_jpeg_high.jpg,originals\shoes\SHO_060.jpg,jpeg,high
