sharpness,exposure,contrast,color_balance,effective_resolution,framing,coherence,rho,p_value,kind
0.0881183734198542,0.10412326326105113,0.11728396044700688,0.08404777970081047,0.047694232314013055,0.4138591120581782,0.14487327879908607,0.7129804386073458,6.278703437635224e-09,random
0.12578128170871056,0.0996299700735719,0.11271672378791006,0.1331701415258007,0.022139740367939618,0.5027168752524743,0.0038452672835927425,0.7094534634756567,8.047953573929001e-09,random
0.09628482919714625,0.07711137878077214,0.1513327209522376,0.050877392183206825,0.05388643180208529,0.4917759413914873,0.07873130569306468,0.7089220014695118,8.352076364152843e-09,random
0.06831120701440964,0.12289094143452597,0.10654903806964554,0.051901737490399745,0.047719943802117394,0.4617362775233001,0.1408908546656017,0.708680427830355,8.49385736802562e-09,random
0.09975252652911408,0.10196369357741424,0.15679744023762007,0.10195113471294566,0.01762656630226823,0.5134394078245083,0.00846923081612947,0.7079073921850534,8.96291658193135e-09,random
0.22215682466708941,0.014286265826494345,0.1380324605155097,0.1494754526820499,0.033911274237806266,0.3216709754048833,0.1204667466661669,0.7046219906925211,1.1241751740604932e-08,random
0.24495109188168576,0.06938824449582613,0.13624640710301386,0.036417000396757895,0.08692352004972463,0.3939411757914245,0.032132560281567156,0.7035590666802312,1.2088715988424562e-08,random
0.06555088039152844,0.02102921627420996,0.21753857620083647,0.05307244340511314,0.0698750923941045,0.5376246068588478,0.035309184475359585,0.7018197364783023,1.3605219322545493e-08,random
0.18678512780669093,0.09167910632284738,0.11641652886547071,0.12418744155426592,0.07602539468373426,0.40204368963058973,0.002862711136401162,0.7000804062763734,1.5299157439852977e-08,random
0.11852587217274467,0.08248156156484109,0.14396874981830332,0.0439978826355845,0.10146893652494027,0.4084710605822782,0.10108593670130799,0.700032091548542,1.5348925430067006e-08,random
0.0452855199868291,0.10258433038199571,0.15680263220876828,0.01605161059033978,0.10402014737636996,0.4697557679047371,0.10549999155095999,0.6996938884537225,1.5701583624674153e-08,random
0.12246924776407732,0.1250244956788415,0.11533882387680891,0.005154639233398228,0.05783217561107546,0.5577656021174607,0.016415015718337783,0.6994040000867343,1.600990650979907e-08,random
0.2718902188304438,0.05720263465108358,0.1353112691293128,0.02786729533770311,0.09253894501717627,0.3859411367396566,0.029248500294624037,0.698389390802276,1.7134417683519322e-08,random
0.22108779913198834,0.01888568594179456,0.11901791788793359,0.04787660765013487,0.05549628155432185,0.31331676175750667,0.22431894607632016,0.6961185985942022,1.992565404529908e-08,random
0.07518048042866769,0.13491357851552666,0.08731414595036918,0.07078444190814437,0.015664719290720833,0.4275712390475973,0.18857139485897406,0.6953938776767318,2.0902804090965183e-08,random
0.21440925063710142,0.033003383332963175,0.14586883711589385,0.0394299394215959,0.11087137376844404,0.3537586262797281,0.10265858944427345,0.6950073598540809,2.144217472411192e-08,random
0.1347867030766758,0.11162880733715691,0.08512272697079709,0.12118107122947061,0.035080235435134485,0.4140042358242114,0.0981962201265536,0.6941376947531164,2.2703913879403815e-08,random
0.18361221646819295,0.08537952669549506,0.13396380726121326,0.012531796054310608,0.11949611748610389,0.39207036142393653,0.07294617461074768,0.694089380025285,2.2776015045819195e-08,random
0.09126973710899841,0.10829674735225037,0.10461610274334532,0.10214868001264556,0.048166293477195275,0.48459713097760293,0.06090530832796208,0.6936545474748028,2.3434669754411663e-08,random
0.07715640248098683,0.11188616231245056,0.16956489557925203,0.001576381654154446,0.03892949755625847,0.5309183186751891,0.06996834174170848,0.6931714001964893,2.4187464165507597e-08,random
0.16478758104045452,0.1374714272426527,0.07934256254827642,0.05840659291614679,0.027506033263853723,0.5099022998753732,0.022583503113242746,0.6896927397926315,3.031649921815667e-08,random
0.0893608264519069,0.08401537146495847,0.19414364836767342,0.020372068479951867,0.03716775207327499,0.4923506077924765,0.08258972536975785,0.687615206495883,3.464306277862644e-08,random
0.10158856913744647,0.09840092184087086,0.0513634445687211,0.03863022724027643,0.021565279556358653,0.36850537626685953,0.3199461813894668,0.6866972266670873,3.6733744917012554e-08,random
0.10771760822257027,0.05978947666888496,0.10767608326217339,0.01004166908900594,0.01813205035803891,0.43384641524719136,0.2627966971521352,0.6859725057496171,3.846728051039231e-08,random
0.19834770626849701,0.08019905546105549,0.06865591526406288,0.03498768583689659,0.03913952950398795,0.4115441576953912,0.16712594997010893,0.685441043743472,3.9786995636900265e-08,random
0.2996992548479037,0.026403925299366575,0.13960539428959517,0.026268249212803234,0.06953682171378188,0.4191469489987593,0.019339405637789964,0.6850062111929898,4.089822705195908e-08,random
0.04388339866417414,0.11716686629145247,0.12169745247706043,0.09837925578934345,0.02417944740323503,0.4277522039754438,0.16694137539929074,0.6846196933703389,4.1910362289740814e-08,random
0.17244276722522306,0.07178142562251931,0.07592688912110117,0.017471115978781166,0.05186999267681145,0.3996613260871704,0.2108464832883933,0.6830253073519043,4.633899005224253e-08,random
0.05949285130015394,0.06945669535098739,0.14178332481881528,0.0067173822105873,0.17741230914520317,0.409920739708562,0.13521669746569082,0.682203956978771,4.878812434498866e-08,random
0.1519432054754757,0.09517563072523003,0.09128757454327943,0.060763374537710586,0.005834956038639363,0.5457342937645618,0.049260964915103116,0.681672494972626,5.043697909621305e-08,random
0.2177690859994973,0.10370936063302517,0.09448670580708017,0.18653472555515085,0.03249749507593353,0.34692648431855794,0.0180761426107551,0.6815758655169634,5.074232803782541e-08,random
0.17794145328555086,0.03236468637446757,0.11404077118671077,0.008198212297734753,0.0827175110150525,0.2482561146317859,0.33648125120869765,0.6810444035108184,5.24529629351603e-08,random
0.055831712062416536,0.06318805630836634,0.12713643391827026,0.08553864753981462,0.18221266811597406,0.3329527386515353,0.15313974340362285,0.6808994593273243,5.292879761349942e-08,random
0.16284261354271357,0.041583848120825995,0.1494465221305187,0.0005155902276208858,0.04471400425187201,0.5812270209089295,0.01967040081751946,0.6802713678655167,5.503789722689424e-08,random
0.17100427544998187,0.02314638664376056,0.2011671328628134,0.011028021478955237,0.07703702855884778,0.34303369091519625,0.1735834640904448,0.6802230531376854,5.52033567007032e-08,random
0.05247239483036891,0.11473730343460058,0.08976346196910397,0.01582461186143425,0.12942923081241892,0.5234634823943688,0.07430951469770464,0.6799814794985285,5.603767165809874e-08,random
0.20889809038068535,0.0995690880744515,0.09464135487864751,0.10245319370551453,0.08127208645382075,0.39986766975913024,0.01329851674775001,0.6797399058593718,5.688379552984841e-08,random
0.3435250631658884,0.01594381112682311,0.16796416716636003,0.032097050322881016,0.10768746697306057,0.33114450574865767,0.0016379354963294045,0.6796915911315405,5.7054451024606027e-08,random
0.1998115817831968,0.12544292551756633,0.08630091643427977,0.025453724762682955,0.0396320164315585,0.39781762725860165,0.12554120781211395,0.6792567585810583,5.861209389591521e-08,random
0.14488264102060605,0.07056813494725095,0.13469278846135907,0.059746306345860326,0.10558523126753118,0.34078686444112555,0.1437380335162671,0.6787252965749133,6.057001267501654e-08,random
0.17124709287419576,0.11067351615236397,0.09045427623208582,0.03359932158849652,0.05860915688429334,0.3549886644719828,0.18042797179658177,0.6786769818470819,6.075101230710314e-08,random
0.07281791066664157,0.174908692114186,0.1146251324364487,0.03240740495591239,0.08199063681495158,0.5179751110887969,0.005275111923062722,0.6785803523914192,6.111453343232755e-08,random
0.02945807409124153,0.0752890490422023,0.17614645301115586,0.13532706833069155,0.06707922297841457,0.45136452369243085,0.06533560885386339,0.677614057834792,6.486360464121132e-08,random
0.04830890568829478,0.09039998828382499,0.12836028917662237,0.11853577175881688,0.11310631725410411,0.47322163837189146,0.02806708946644546,0.6767927074616591,6.821868695619433e-08,random
0.090410677830893,0.034182999322681346,0.12611960418733567,0.17951110937352824,0.08437342539899272,0.3749868735205855,0.11041531036598354,0.676647763278165,6.882738340788793e-08,random
0.33076205110695295,0.03639914943083498,0.102911851168335,0.05469956788930562,0.0555109692409154,0.285144513406636,0.13457189775702005,0.6752949508988869,7.475919522372123e-08,random
0.18827281799213857,0.09792266032195353,0.10576393669249462,0.05030750289736298,0.12980088923025693,0.3548211907533913,0.07311100211240179,0.6752949508988869,7.475919522372123e-08,random
0.27000641310931695,0.09736561388810101,0.10058992083524622,0.08775922756084444,0.012147124294336745,0.33434219308764374,0.09778950722451077,0.6738455090639461,8.164427877167447e-08,random
0.07878191116724877,0.0988267993602162,0.10063704535831407,0.04558916378279645,0.13298587326760378,0.3573349463075211,0.18584426075629953,0.6730724734186445,8.555489541853655e-08,random
0.11684392801179183,0.1986817915483414,0.03943685082696701,0.010456783142160291,0.027239014018613224,0.4617875218893641,0.14555411056276207,0.672879214507319,8.655960147887753e-08,random
0.22536785101496098,0.13503327023672126,0.06676481194578847,0.05516060799034064,0.05991569780146899,0.4210530155974662,0.03670474541325325,0.6724926966846682,8.860225459490332e-08,random
0.18458606323347002,0.1435642816899066,0.046727936111985786,0.025688026711877806,0.019487074807915557,0.4397773418522104,0.14016927559263395,0.6722994377733428,8.964042834558893e-08,random
0.15979302749868793,0.059133348199019886,0.0912846034484346,0.08173978707788682,0.10917913261891489,0.34761115198022147,0.1512589491768342,0.6706567370270765,9.89364413140053e-08,random
0.2598181415355679,0.11429218716214261,0.10700471017405723,0.001724990573274956,0.09825779489537893,0.3763554482263355,0.0425467274332428,0.6706084222992452,9.922305373365296e-08,random
0.07545734640382157,0.05400982192610437,0.15060440821411125,0.0209732213727481,0.21198438266953543,0.39974091507119397,0.08722990434248537,0.6701252750209317,1.0213225570778023e-07,random
0.16022411571200643,0.028973021012388713,0.10310581147949169,0.06951263760740513,0.0735062590225317,0.31280936978566687,0.2518687853805093,0.6700769602931004,1.0242752725770427e-07,random
0.12527505663999253,0.035843619269226565,0.0732253353746868,0.00950124375486409,0.05713336953000302,0.41803449159114087,0.2809868838400862,0.6699803308374377,1.0302046978096402e-07,random
0.12170969749881595,0.10747817896542551,0.10905919685684763,0.03387424859092095,0.16545900220933046,0.35603972630083336,0.10637994957782618,0.6683376300911714,1.1360546401969486e-07,random
0.11538770379335009,0.19204627718743353,0.048606321431543496,0.07060172381655126,0.052352576290616994,0.5075446013879592,0.013460796092545458,0.6672747060788815,1.2098813903155417e-07,random
0.13965035984908913,0.040087381018527456,0.11093216835622657,0.0821450926587418,0.09035838557690831,0.40274978900812963,0.1340768235323772,0.6661634673387603,1.2918495440025117e-07,random
0.10254000683551762,0.13626413758303185,0.11779836654701596,0.028606466766599867,0.05924109181795576,0.4163055834098629,0.139244347040016,0.6660185231552662,1.3029162473249395e-07,random
0.04803159984608885,0.031039204915210644,0.13876216573328853,0.1481632694441148,0.0516824479608293,0.4269675967299616,0.15535371537050632,0.6652938022377959,1.3595931351632035e-07,random
0.07113265222401315,0.18204832644309665,0.04245326600091841,0.019594534934357793,0.060063913437427376,0.6127092752581619,0.011998031702024792,0.6651488580543017,1.3712018696395797e-07,random
0.10620819418317734,0.09420228503115113,0.10340645967649957,0.022112613580294028,0.1690389793154637,0.3511182936926206,0.15391317452079376,0.6648589696873136,1.3946981297740405e-07,random
0.19466857688752195,0.11808022859414741,0.06967419364741669,0.011920359272276134,0.0923691076416772,0.4954020179340874,0.017885516022873305,0.6648106549594822,1.3986506104270923e-07,random
0.050386919441778893,0.15442871056128973,0.04818143124147448,0.002998540383266397,0.12549939155388978,0.5308947196873921,0.08761028713090871,0.6647140255038195,1.4065870349221042e-07,random
0.13706670587743436,0.024794560618605244,0.09451916905625982,0.07057132898082792,0.1436023243672979,0.4830663616380363,0.04637954946153863,0.6646657107759882,1.4105710304377744e-07,random
0.09022107582738088,0.22286379667516484,0.036162443505122877,0.022013433357858735,0.08182535178818505,0.5000626382377414,0.046851260608546046,0.6644724518646627,1.426612839884446e-07,random
0.18208369401824992,0.07758005457966197,0.06419196029077288,0.04605003125555181,0.05256128223298288,0.5340765150218062,0.04345646260097428,0.6644241371368313,1.430649879451328e-07,random
0.1873157336222223,0.11376370033686638,0.05489915062675926,0.006103074012122175,0.044750186635951525,0.48821574086475505,0.10495241390132336,0.6644241371368313,1.430649879451328e-07,random
0.09141679233841826,0.05208447353850376,0.12082470596295321,0.002648111355242133,0.06439475514689019,0.5149874508297302,0.15364371082826217,0.663844360402855,1.4799355168455986e-07,random
0.1880519065330044,0.12364160950121275,0.06660779059687001,0.10792276464915257,0.04398671075050726,0.31686176715914444,0.15292745081010853,0.6637960456750238,1.4841135572880185e-07,random
0.09986204309903411,0.15603626218484018,0.05641140728058799,0.00499844470014616,0.12510170882817143,0.5069314363058604,0.05065869760135965,0.6627331216627339,1.578870401810961e-07,random
0.24024328955164972,0.06374569889688958,0.06740793943288687,0.0768705513157346,0.05041618063458793,0.3524663603713671,0.14884997979688422,0.6625881774792398,1.5922217478174615e-07,random
0.23557885956239136,0.04907605145846636,0.1434889716300979,0.02683636682163776,0.07825107859621938,0.29474288497309553,0.17202578695809165,0.662346603840083,1.614708948046502e-07,random
0.06996427355788268,0.12466932260469102,0.1058629970443914,0.0018961696927329418,0.16447678101125227,0.40910466563582376,0.12402579045322568,0.662201659656589,1.6283435075529982e-07,random
0.20298378004045803,0.08856224468806852,0.08399123086602166,0.13149312685408263,0.07298358279338034,0.3963251217748504,0.023660912983138434,0.6617185123782754,1.6745738499405686e-07,random
0.1708754161320557,0.09478675921118769,0.09898867220845367,0.05726468630071979,0.12337858909018173,0.4352474819491476,0.01945839510825392,0.6616218829226126,1.683966018109214e-07,random
0.11257443981147687,0.19963045387575024,0.10906167151719579,0.020014415520802218,0.011365507368764892,0.5325282558108494,0.014825256095160584,0.6612836798277931,1.7172280610214423e-07,random
0.05852350544646271,0.029268769113970763,0.10243855645487789,0.0858414569172463,0.14712998589867463,0.27156523282771394,0.3052324933410537,0.6608005325494797,1.7658124711434964e-07,random
0.10981426411070166,0.02793439491335673,0.14009637272367323,0.20204411115270027,0.13513772390059212,0.30837705218965566,0.07659608100932033,0.6607522178216482,1.770740976902452e-07,random
0.1786473576203577,0.17954497868359734,0.07965118430109498,0.020876047673821136,0.08804650665237905,0.4325586815385651,0.020675243530184805,0.6607522178216482,1.770740976902452e-07,random
0.021614978771664854,0.10609516835281474,0.06004773620501848,0.10927450966460757,0.04870306728012919,0.4916810267201604,0.16258351300560478,0.6607039030938168,1.775682345461047e-07,random
0.11912320085973604,0.007657582710445652,0.12280228933017862,0.08574934492302408,0.11771948643471644,0.4007803893394582,0.14616770640244092,0.6606555883659856,1.7806366079823306e-07,random
0.3994959406664023,0.02039155281925252,0.15970867955305143,0.022744307834945264,0.014948789273320356,0.2871367139065979,0.0955740159464303,0.659640979081527,1.8877105597903515e-07,random
0.2419753852062963,0.06826988502376247,0.0812159337671518,0.13572586282946528,0.024541478561353535,0.4412428614370387,0.007028593174931911,0.659640979081527,1.8877105597903515e-07,random
0.2566564855925044,0.04377354551974409,0.08033551065407561,0.009805988416404359,0.001151713679721459,0.5231347523317882,0.08514200380576184,0.659496034898033,1.903489351054444e-07,random
0.09925168899756175,0.19139330348130731,0.1371258270498788,0.011671942527795378,0.050734861404948414,0.4683780157971549,0.04144436074135356,0.6592061465310447,1.9354176194736332e-07,random
0.1465870503233273,0.10012785307203595,0.06456461277831227,0.06584203250080789,0.09783420623824153,0.3949776038262385,0.13006664126103648,0.6585780550692371,2.0063213126738884e-07,random
0.04956570303525464,0.05660319750833069,0.183889328365791,0.09633205774564207,0.07972153358220069,0.3810063734326453,0.15288180633013557,0.6583364814300803,2.0342329884909087e-07,random
0.13087234388727811,0.14391797373755863,0.0957201873699411,0.11326023464641967,0.10822395941840669,0.3763357307728531,0.03166957016754277,0.657756704696104,2.102709255409657e-07,random
0.06145008024882566,0.04971728489460871,0.12569994758091588,0.07380808731731513,0.06283575490279023,0.5422314127852709,0.08425743227027371,0.6575151310569474,2.1318721174195987e-07,random
0.2388607174893474,0.03413041486969101,0.042077882233857604,0.07481875135788849,0.03104648084035017,0.5240499231003972,0.055015830108468076,0.6571286132342965,2.1793203697057593e-07,random
0.008437151923849666,0.08895828167785562,0.05148900864860644,0.1158077439873855,0.13172383313752625,0.35689454952860705,0.24668943109616956,0.6568870395951396,2.2094749243002112e-07,random
0.3146258437938631,0.039510974603434515,0.10906785930769056,0.030397480256803402,0.0749573721545172,0.2638436574460537,0.1675968124376377,0.6567904101394769,2.2216455971745024e-07,random
0.19577649344920883,0.08443712390654191,0.01609604688529601,0.0590147406519572,0.0455706724186933,0.588482273834737,0.01062264885356574,0.6565005217724887,2.2585346926686375e-07,random
0.1099429164704088,0.05177427279261555,0.12017827519697835,0.12622777411017055,0.197043016193117,0.39450195592675275,0.0003317893099568257,0.6561623186776693,2.3022954117750467e-07,random
0.09830141949473976,0.013900967254337706,0.16958782629839425,0.20652548295822318,0.08822787179952857,0.2850990614427544,0.13835737075202212,0.6560173744941752,2.3212915447667843e-07,random
0.11516441938743527,0.0587198821862535,0.11608985697018293,0.03919191173786203,0.09099094614379494,0.5308138737209012,0.049029109853569994,0.6559207450385125,2.3340369144737052e-07,random
0.18119004544938921,0.14732497946021297,0.12987711174015437,0.1262900846251565,0.027174153626013782,0.37614554594782634,0.01199807915124676,0.6557274861271871,2.35972412293862e-07,random
0.05983111004938757,0.07110916912219582,0.03910387831660669,0.13138009223900304,0.024974435074190504,0.36137250628205764,0.3122288089165588,0.6556308566715242,2.3726665852201045e-07,random
0.04403415195090688,0.04717017533132204,0.09069322753374776,0.03901339323238056,0.07026831689742502,0.6297417365454864,0.07907899850873139,0.6556308566715242,2.3726665852201045e-07,random
0.15438754835291,0.046481508923670554,0.048414198142391056,0.11202412182726586,0.07568432185466843,0.4660452268388845,0.09696307406020971,0.6551477093932108,2.4383800705913144e-07,random
0.353396873453687,0.03165906446896474,0.0883053556235994,0.010771183276294607,0.0423496681536961,0.45337097093625406,0.020146884087504185,0.6550993946653793,2.44504414007741e-07,random
0.06477968910396263,0.07268864680348656,0.14600963336885545,0.006192893852358903,0.22413385745181696,0.3367651838615345,0.14943009555798495,0.6546162473870658,2.512627529334573e-07,random
0.08660190953992919,0.11085049611353073,0.16658494743117105,0.061831610732275964,0.12915451820628324,0.3984919242785417,0.04648459369826814,0.6542297295644148,2.5679469450775834e-07,random
0.24970792714925064,0.1016533691357058,0.03311738944003361,0.05826499260322326,0.004355086703322303,0.29429476759385553,0.25860646737460874,0.6539881559252583,2.603097350832671e-07,random
0.04794022653215356,0.11705717227922931,0.03842102149745222,0.0027857495767921237,0.11285919804405785,0.5422462999539971,0.1386903321163177,0.6538915264695955,2.6172829938563893e-07,random
0.2316978605108166,0.06975482344003257,0.15282620388997187,0.06564246308594361,0.10156260843918082,0.3246330688540951,0.05388297177995955,0.6538432117417641,2.624402873382939e-07,random
0.3006767559596949,0.10292116221819671,0.058404985823678326,0.04742872717139253,0.0370866096307349,0.32584465078166047,0.12763710841464224,0.6537948970139327,2.6315408482905294e-07,random
0.16738879075514362,0.09110062131173541,0.10787498763788755,0.17254534495485083,0.05226221897981225,0.30434816675376536,0.10447986960680487,0.65369826755827,2.645871254915192e-07,random
0.030731373608500288,0.11522875201185241,0.032605199411544626,0.10284575531022759,0.009793931763867137,0.2722605402961664,0.4365344475978416,0.6532151202799564,2.7186236018592843e-07,random
0.04837585221285756,0.07037536464775238,0.1595934926615361,0.012957296674091233,0.1449942922599851,0.3143800007670517,0.2493237007767259,0.6529735466407997,2.7556966963031183e-07,random
0.10003704955732536,0.008814386933243804,0.1280048761669627,0.17685053674451276,0.07372270443305762,0.4876967628676544,0.0248736832972434,0.6529252319129684,2.763167770216939e-07,random
0.19707024173105903,0.09249757765565088,0.06276143108957699,0.06120956232999587,0.03126155345320877,0.2542196773374826,0.3009799564030258,0.6526353435459801,2.808393124808836e-07,random
0.16576519348033084,0.056039682872565805,0.037374156977740415,0.011874276142625073,0.07734342862703072,0.5076390371231548,0.14396422477655235,0.6526353435459801,2.808393124808836e-07,random
0.08789636987442719,0.02592779553325241,0.19730798343919886,0.07151880673791645,0.0380510479382906,0.24589283631933723,0.33340516015757726,0.6522971404511606,2.8620298610732536e-07,random
0.2680456266760955,0.025390630465511575,0.12309981193129745,0.11855217949469708,0.0781567119188708,0.24031506827174287,0.14643997124178465,0.6522005109954979,2.87752952087247e-07,random
0.10486722888185611,0.1720028508693638,0.054458517540728835,0.14918352015890252,0.09192878604016537,0.42445339480160676,0.0031057017073766687,0.6521521962676665,2.88530872505411e-07,random
0.1355206556550541,0.14762429085302783,0.00920495187934129,0.05393938241012511,0.053295277195127846,0.5874570311074391,0.012958410899884665,0.6521038815398351,2.893107573235992e-07,random
0.17841611388583437,0.01599620129331048,0.13035738983606646,0.051988175877332794,0.2114986025906555,0.2740382547337082,0.13770526178309225,0.6512342164388707,3.0368988660377324e-07,random
0.10414186165393449,0.062263969354483605,0.09151674482687312,0.012267696574803906,0.121558077018042,0.42980691928076664,0.17844473129109628,0.650992642799714,3.0780098447796265e-07,random
0.0362227312841343,0.01819809124231676,0.08593419878247978,0.08425484319058427,0.09850813345647211,0.5882698457620795,0.08861215628193328,0.6507027544327258,3.1280291423909615e-07,random
0.08222153607338054,0.06472670863338607,0.07596653897753955,0.05193924632033921,0.048728122691883806,0.6009378113447051,0.07548003595876572,0.6503645513379063,3.187344308061531e-07,random
0.16524804899243126,0.048253532396163805,0.11124408568462621,0.0978902854500365,0.15485224470988443,0.33765079732156494,0.08486100544529297,0.6498814040595928,3.2739046187168446e-07,random
0.17288299207561744,0.031666590228644334,0.10204943597861055,0.0427414888947172,0.11233364282687335,0.39722003932514705,0.1411058106703899,0.64978477460393,3.291478046220597e-07,random
0.0813380570996811,0.19893396100313407,0.1079203220678999,0.08535576910979953,0.07404942585443422,0.4484078191395902,0.003994645725461003,0.6493499420534479,3.371654227331462e-07,random
0.06768483256351288,0.20140150213270586,0.07332328362554519,0.0991318265980733,0.05036705521850952,0.47186855896511676,0.036222940896536375,0.6491566831421223,3.407870335871744e-07,random
0.030870041579488732,0.07674267560975633,0.08769225794802836,0.03778333092869294,0.09341357562558596,0.6371226273910531,0.03637549091739471,0.649108368414291,3.416980955101895e-07,random
0.1998157428783567,0.14196698300948218,0.11001343616329831,0.01818172347557649,0.06059239029776188,0.3373393249581338,0.13209039921739063,0.6490117389586283,3.4352704710677304e-07,random
0.3183822916425247,0.04234213859717158,0.11187213673805586,0.07813868947800723,0.11055512147280679,0.2830597015524297,0.055649920519004206,0.6488184800473029,3.472124089566255e-07,random
0.13489594269763522,0.12460923340901058,0.13868167607010212,0.074737251005062,0.07982715744588817,0.38109353682433844,0.06615520254796359,0.6487218505916401,3.4906890398701004e-07,random
0.029896718117820402,0.022717617365092507,0.14059912958975934,0.29646476460922844,0.03645294100691396,0.42046098838658336,0.053407840924602004,0.6487218505916401,3.4906890398701004e-07,random
0.1848990960064429,0.08974520007584373,0.21827364269382935,0.0004484115004454059,0.07631892786197235,0.3800235471250838,0.050291174736382394,0.6485285916803146,3.5280973555189685e-07,random
0.22690750078281854,0.02154970641130217,0.08299259956230061,0.0036539898565766163,0.09152789451535957,0.46638641470020253,0.10698189417144002,0.6482870180411578,3.575384212498162e-07,random
0.19909909215053162,0.14374362935830715,0.06587923130373236,0.053359783235786,0.11191580491336826,0.37670256084150167,0.04929989819677291,0.6481903885854952,3.5944641326418107e-07,random
0.24947942014185048,0.060617170004162266,0.1868836507848496,0.023486171205850156,0.06600501918980342,0.3271953346036081,0.08633323406987602,0.6481420738576639,3.6040397057103364e-07,random
0.02043775646518402,0.016018635635454286,0.08456055667422906,0.009899073629337235,0.06888774816315396,0.6162726995163519,0.18392352991628963,0.6479971296741697,3.632909534256661e-07,random
0.09540075451420256,0.11782289102075012,0.11256982443319787,0.09245731254958271,0.14477570145046137,0.3208291366959032,0.11614437933590224,0.6474173529401934,3.750562033905402e-07,random
0.18079650870276445,0.08269013404677086,0.07098842068001496,0.0017380602818577791,0.11640199746368465,0.32648013952554295,0.22090473929936447,0.6473690382123621,3.7605252955830625e-07,random
0.07165203480889008,0.036790735568340206,0.27601243867146535,0.024605910309717233,0.043801583259250626,0.3859328355737116,0.16120446180862483,0.6471274645732054,3.81071334347936e-07,random
0.21663711514935438,0.10956099770065646,0.0908274457751057,0.015327759079645188,0.1340014218671033,0.34095202485795506,0.09269323557017987,0.6467409467505545,3.8923167969306586e-07,random
0.12068387436246794,0.03284509178390348,0.018202476590528417,0.09727695787638255,0.04644550318916517,0.6045933002716251,0.07995279592592751,0.6466926320227231,3.902631162250084e-07,random
0.1110574772015053,0.06586227152893509,0.056701322605859784,0.2661712932334079,0.059189769933375706,0.3120786520410095,0.12893921345590678,0.6462094847444095,4.007187673613985e-07,random
0.2084226071371636,0.032408063756131804,0.06727893704309858,0.015532850768915005,0.05783969757383455,0.169342701844588,0.44917514187626856,0.646016225833084,4.049737823814472e-07,random
0.15017525393654624,0.04607960753344987,0.1235990280060951,0.1073419672240785,0.17538008178456885,0.26269591067395304,0.13472815084130854,0.6459679111052528,4.060441065617879e-07,random
0.13479280179848535,0.04493167125064696,0.013718391170770327,0.053593350181213716,0.13461595433617712,0.5315635620604476,0.08678426920225889,0.6458712816495901,4.081926815149351e-07,random
0.22604569192478136,0.11445939530260103,0.039688787911463665,0.04818419330512051,0.07494621591291505,0.3387481437850363,0.15792757185808212,0.6453881343712764,4.1909566514281604e-07,random
0.060722317598985026,0.05463843465142745,0.1427509156698825,0.021588564867938847,0.2941587137708577,0.31326960109315144,0.11287145234775717,0.6450499312764568,4.2688883799020814e-07,random
0.08645016699171805,0.14764020579613274,0.13796196530641713,0.05997324008419114,0.12849248335461103,0.4201691897168757,0.019312748750054183,0.6450016165486255,4.280131262374249e-07,random
0.21649473837772165,0.07513638583323383,0.037442241982808835,0.061511539010990705,0.017643481032874116,0.35207560339766636,0.23969601036470448,0.6449533018207941,4.2914017770979264e-07,random
0.09966690565493398,0.0490055417811627,0.006823026444920543,0.0042756413262596315,0.09047241516118305,0.5059271421561624,0.24382932747537758,0.6448566723651314,4.3140259549367547e-07,random
0.04329949953690362,0.07773478395139703,0.012854002253023815,0.0061285655792220756,0.0776415792017061,0.6611329166630603,0.1212086528146869,0.6448083576373003,4.325379744198314e-07,random
0.21125637024725763,0.11660192537288533,0.1040400501881327,0.010616824731160403,0.011509156058394782,0.34394824180946415,0.20202743159270498,0.6444218398146493,4.417219244373305e-07,random
0.13358984828500972,0.10732816621126375,0.05967172262768565,0.03338561367315931,0.15460704014753954,0.4036028096578801,0.10781479939746205,0.6435521747136849,4.630553530020931e-07,random
0.06727202022990383,0.15328048904223526,0.15638223191304856,0.0006884900170601813,0.08335770864381274,0.4118112512941018,0.12720780885983754,0.6432139716188653,4.716083613519636e-07,random
0.24019448666656812,0.0944184341255963,0.10425417850736694,0.047818739301550395,0.009492550111431125,0.2713578234851503,0.23246378780233662,0.6429723979797086,4.77807662494082e-07,random
0.18703236912816568,0.053827878325913035,0.005526145407930901,0.08874350410412389,0.11853780361908933,0.5453871099251144,0.0009451894896627222,0.6427308243405518,4.840829363568175e-07,random
0.1252623061016941,0.14902351145778692,0.03923686544786818,0.2001664137606935,0.052720767696970636,0.3619114149855575,0.07167872054942927,0.6423926212457323,4.929975950694066e-07,random
0.18944121692101343,0.06307112743245205,0.0031602154440973813,0.020751435859974115,0.01486702222887882,0.4133031906518749,0.2954057914617094,0.6423443065179009,4.942835503131755e-07,random
0.10268317813073186,0.035232867906318646,0.0436909142705145,0.011105118332329073,0.13174856129121632,0.38583906702616166,0.28970029304272793,0.6421027328787442,5.007604052741217e-07,random
0.07526916664796966,0.15319119593874955,0.13360238680890016,0.013765076758022484,0.17540606059733568,0.41716653622508715,0.03159957702393555,0.6421027328787442,5.007604052741217e-07,random
0.029621112048632606,0.13107371587296932,0.013521809203921223,0.0076521961467607225,0.1939914696611861,0.5957482150012612,0.02839148206526889,0.64195778869525,5.046844362232737e-07,random
0.1613334755167653,0.09725148270174819,0.07771345166346372,0.0971434263991574,0.06653521502343461,0.25024577116373986,0.24977717753169087,0.6418611592395873,5.073163747271333e-07,random
0.19243733851586178,0.06759964384048649,0.06682555432759807,0.0518634846979701,0.1135256646169607,0.23321458042731444,0.2745337335738084,0.6418128445117559,5.086371408304022e-07,random
0.3623491762373464,0.052603977739022395,0.08587034537833133,6.270033748265121e-06,0.048040075775375723,0.41837310790785226,0.03275704692832368,0.6415712708725994,5.152892280185209e-07,random
0.14865612166347175,0.11258200234189827,0.1331950232176408,0.0025580225011805455,0.14167587680683535,0.3433080940120011,0.11802485945697226,0.6412330677777798,5.247385900337122e-07,random
0.13029037057937173,0.1739058129583256,0.024060530556132293,0.0190004153738274,0.12651179360328232,0.4445841560925519,0.08164692083650858,0.6411364383221171,5.274679521506093e-07,random
0.10038384850725271,0.17628842108667558,0.08327227983194528,0.1756742044611935,0.045812612455877054,0.3876601765905121,0.030908457066543715,0.6410398088664544,5.302105532938573e-07,random
0.03714290694691785,0.03713850526025766,0.12534689560593354,0.2141036339701245,0.18406319788121056,0.3325586963677129,0.06964616396784302,0.6409431794107916,5.329664528663774e-07,random
0.12335803016451151,0.08531509868763455,0.16805553298306966,0.03066024667527204,0.20958484735793395,0.335836339676911,0.04718990445466727,0.6407982352272975,5.371253673244042e-07,random
0.3418434451831067,0.08056773877659053,0.08252492886085182,0.12340022404780639,0.0190801585973038,0.2647498798780973,0.08783362465624346,0.6407499204994661,5.385183861313747e-07,random
0.21946482470091752,0.07059860341222832,0.0627337786360221,0.18450105979097933,0.06356101785991664,0.37079353891520433,0.028347176684731783,0.6403634026768154,5.49784474727168e-07,random
0.12713701629817198,0.08246548034220585,0.05019294446109859,0.145597844622113,0.07424290343187119,0.4186945032200394,0.10166930762450004,0.6403150879489838,5.512080919867289e-07,random
0.06274159738963114,0.008097593054300826,0.192283526019119,0.09335868412703148,0.1279837546289697,0.2423905669829917,0.27314427779795614,0.6395420523036821,5.74458788571955e-07,random
0.22446905203598716,0.04365463351988653,0.09648842571558584,0.05255219147147672,0.12559774304466167,0.30631273902580086,0.15092521518660126,0.6394454228480194,5.774285943577432e-07,random
0.0988928854054913,0.0537783517097302,0.02593336324690004,0.1828047789347356,0.0350105572214961,0.44519259011800827,0.15838747336363843,0.6390105902975372,5.909707855410547e-07,random
0.32367285265961576,0.05054881894510853,0.06129540965479434,0.16966525914671546,0.019965918235538817,0.3410794762207989,0.033772265137428155,0.6390105902975372,5.909707855410547e-07,random
0.26885597718463417,0.09429966218426923,0.06024004066698929,0.13579047962941937,0.05797641208287908,0.32188117328729116,0.06095625496451762,0.6387207019305491,6.001628428914139e-07,random
0.06604752895263584,0.1904605712635725,0.0220662129848355,0.08631570978108792,0.1424596478585621,0.41862991265361565,0.07402041650569045,0.6384791282913922,6.079245622973395e-07,random
0.1639543178963591,0.18669955457603726,0.010082090171484122,0.06800542597093756,0.07631864337456702,0.43610486054930603,0.0588351074613089,0.6384308135635609,6.094880963460122e-07,random
0.12984724350430996,0.05439205729635606,0.09169615364022629,0.053348725200878924,0.15165197595579083,0.42734637038225387,0.09171747402018399,0.6380442957409102,6.221320468915543e-07,random
0.04371761194955396,0.08786985734648009,0.03608670139733255,0.02101398341773721,0.12663951976397378,0.6348049197021243,0.0498674064227982,0.6380442957409102,6.221320468915543e-07,random
0.16895900224437968,0.00632590534089247,0.017747967570638942,0.16653927285939438,0.04934339180681034,0.5838362902294825,0.00724816994840178,0.6379476662852474,6.253310300981805e-07,random
0.12577572507174864,0.037971589758584605,0.0809106619886612,0.023799490990741187,0.18611786129138888,0.4533578351023309,0.09206683579654455,0.6378993515574161,6.269362673966783e-07,random
0.0714243405805161,0.1207620998004308,0.07279233816688457,0.09835241963205692,0.22076671300550013,0.39508522502827387,0.02081686378633775,0.6376577779182593,6.35020250740406e-07,random
0.18394719081573907,0.01844454792740093,0.08694536915318023,0.025961406676953826,0.17091738851982793,0.43115237435826537,0.08263172254863269,0.6376094631904279,6.366486665329877e-07,random
0.04681448313118241,0.01404991013656176,0.07552215028945292,0.1804361846820085,0.0852526667098347,0.20952959702412816,0.3883950080268314,0.6373195748234397,6.465012169251247e-07,random
0.14042279541303324,0.007977454726934756,0.06948149196105127,0.1963527456354395,0.09604320723060301,0.36835247383074476,0.12136983120219347,0.6372712600956083,6.481570653211187e-07,random
0.14295616644048928,0.16694815231060114,0.06004860188223677,0.11280807131420181,0.03128157572367055,0.33361915957992966,0.15233827274887088,0.6370780011842829,6.548200827175151e-07,random
0.21771788116823915,0.06694859438064854,0.04523548585611568,0.03881566385387111,0.11251770422306011,0.47775284001858315,0.041011830499482385,0.6368364275451263,6.632386659457563e-07,random
0.09881533622501396,0.02006085478484047,0.17113569228940465,0.0003021133454313485,0.33654669025611744,0.28918359387886,0.08395571922033213,0.6367881128172949,6.649344456639383e-07,random
0.3147475419161148,0.04583175204107072,0.048951503119081856,0.03156346586813369,0.06721283026226917,0.4593204352345397,0.03237247155879011,0.6362566508111499,6.838567442329479e-07,random
0.1140093929769208,0.06355650361925799,0.03625361407648328,0.11916145714300828,0.15549277709734555,0.4462855873298367,0.06524066775714733,0.6361600213554871,6.87350638194228e-07,random
0.30868195519260117,0.12287370140587993,0.12801337960776393,0.005376152549865887,0.0048798998467491465,0.3328349385140866,0.09733997288305331,0.6361600213554871,6.87350638194228e-07,random
0.025802576610972735,0.12222207937235585,0.052849032939198126,0.01572710781170291,0.19574856189136805,0.3087777212285741,0.27887292014582815,0.6361600213554871,6.87350638194228e-07,random
0.19137686827598183,0.025070899843499434,0.2214316692290892,0.03074011540875867,0.12993795096376484,0.30065900493430514,0.10078349134460086,0.635725188805005,7.03280086403277e-07,random
0.1914,0.0251,0.2214,0.0307,0.1299,0.3007,0.1008,0.635725188805005,7.03280086403277e-07,baseline
0.3307206241619469,0.03918381709516017,0.14260230481694852,0.05696141800403551,0.13072004872234813,0.2672930650765527,0.032518722123008166,0.6356285593493423,7.068663864552916e-07,random
0.2962740072810289,0.07715391448567396,0.12307646980493044,0.1947468639449896,0.018959121534075588,0.25602170641342176,0.03376791653587984,0.635048782615366,7.28744696608149e-07,random
0.2513636990590396,0.08137013470063532,0.07798484736475488,0.06369456977874383,0.03115138073643209,0.24603757489520509,0.24839779346518912,0.6349038384318718,7.343120446173514e-07,random
0.1631692650727194,0.06804557830470137,0.1638078959090909,0.17535041606158527,0.058858253710654826,0.2695824825106054,0.1011861084306429,0.6348072089762091,7.38045607135925e-07,random
0.13600918121155572,0.07239482213504976,0.1095312033424565,0.040850493759601036,0.11485057736442013,0.23538118337483946,0.29098253881207736,0.6347105795205464,7.417968573214852e-07,random
0.09980689117559395,0.0763478364397247,0.20686853494132537,0.05377255875102557,0.048294682097201905,0.28899160404572677,0.22591789254940162,0.6347105795205464,7.417968573214852e-07,random
0.10563595812059157,0.06316295739300604,0.015984744602377112,0.15916295771723704,0.0786491984296553,0.34650688067612373,0.23089730306100925,0.6346139500648837,7.45565872598504e-07,random
0.18803137570954773,0.07771320554580223,0.23317325140520337,0.04842546246327635,0.06635218055102182,0.34209327640672943,0.04421124791841903,0.6346139500648837,7.45565872598504e-07,random
0.052962147455301284,0.07501214641769952,0.2365184763747686,0.056080836104430966,0.18435275170773927,0.3699209675368463,0.025152674403213948,0.6345656353370525,7.474570664260891e-07,random
0.17815590376343549,0.09521608189854854,0.020109934999587794,0.15762109059762985,0.09122055296466845,0.40207890822581965,0.05559752755031024,0.6343240616978956,7.56980287874367e-07,random
0.11700932513138902,0.06001644045915078,0.05610209787210178,0.3300533236991367,0.045236098384147744,0.2860167457788806,0.10556596867519322,0.6342757469700642,7.588984512567549e-07,random
0.44340511958553164,0.06370349861067304,0.07646513996216607,0.00526304709116585,0.019879995713892182,0.37420016764186653,0.01708303139470481,0.6341791175144015,7.627483759018142e-07,random
0.1025319040511,0.049587048539638155,0.07426148398883761,0.07274061598219031,0.21708718300123808,0.4041861014121583,0.0796056630248374,0.6339858586030761,7.705028941222816e-07,random
0.09050597637807897,0.009547820116051462,0.18868514463853678,0.027094458590812442,0.33887409437715293,0.29553720046355475,0.04975530543581259,0.6333094524134371,7.982261415212548e-07,random
0.03095224760229797,0.02203762866519619,0.04299110501082495,0.14922849212155528,0.05586861601666802,0.15506578043271713,0.5438561301507404,0.6332128229577744,8.022616449271845e-07,random
0.06593108625265222,0.08222183178167021,0.06386984637591336,0.028297447436081737,0.21901297294417213,0.41311162064606854,0.12755519456344178,0.6331645082299429,8.04286518519369e-07,random
0.15795847208434619,0.08656270461883599,0.2175554086383179,0.006144709253703733,0.051124857840345754,0.35221869629125396,0.12843515127319652,0.6329712493186175,8.124337332949664e-07,random
0.05156543349201374,0.02267267293331117,0.09863448951226107,0.07449371131412008,0.17449011869043893,0.42605894960710367,0.15208462445075124,0.6329229345907862,8.144825189699464e-07,random
0.08318571811643305,0.1327445835117264,0.1359495612086739,0.06499560944435735,0.1596274872771703,0.3554580014709324,0.06803903897070651,0.6327296756794608,8.227259024167174e-07,random
0.2938009160375307,0.10640785429006598,0.05799630284587216,0.16384994673770564,0.040551326216490054,0.30323953670170395,0.03415411717063162,0.6326813609516294,8.247988608609648e-07,random
0.18226929127010363,0.08028579627570404,0.11412963304050762,0.14649315186711237,0.11170292324054963,0.23822347084698328,0.1268957334590395,0.6324881020403039,8.331394609033434e-07,random
0.23898301750597262,0.025947728365286957,0.07553472616218693,0.015018462674179337,0.12853480721660812,0.46750937081548877,0.04847188726027737,0.6322465284011471,8.436757303816407e-07,random
0.1717315476363083,0.03657035388993003,0.13223275258926268,0.09822181446517873,0.1635470698661845,0.23864369789305903,0.15905276366007665,0.6322465284011471,8.436757303816407e-07,random
0.03703224927297566,0.03421686416107472,0.16892844843818455,0.14877034983948,0.2701798525694845,0.3031035101798954,0.03776872553890504,0.6321015842176531,8.500569480545911e-07,random
0.32101100926342074,0.026020280101567986,0.09609729255806243,0.030889066203835212,0.07095144757839945,0.3608533145562374,0.0941775897384769,0.63128023384452,8.870748128434772e-07,random
0.1448127548575407,0.1416487775492863,0.04822595083995438,0.035014204804281385,0.1999871776038047,0.3153633869182439,0.11494774742688867,0.63128023384452,8.870748128434772e-07,random
0.25006725044141703,0.063820162892396,0.270285597904775,0.002008660298770801,0.005656161333286406,0.28151462805769695,0.1266475390716578,0.6310869749331947,8.960004743295533e-07,random
0.2048012790643433,0.024690320895926744,0.2287805907887954,0.09167986622378878,0.11141412549589587,0.25810409781324617,0.08052971971800375,0.6310386602053633,8.982449254311964e-07,random
0.24550434548240044,0.05548497580568473,0.054612861528454675,0.053593758397315325,0.0923712773965751,0.3864810379545612,0.11195174343500838,0.630990345477532,9.004946133150354e-07,random
0.22491928041529233,0.05771030752533794,0.10187632557661887,0.0033136591136316766,0.13455539114262907,0.2245364173812811,0.2530886188452088,0.6306521423827124,9.163900090454923e-07,random
0.1977584270024362,0.06388005931483395,0.17278585475631625,0.09335203034841044,0.19906215511835978,0.26759798651447564,0.005563486945167728,0.630458883471387,9.255900507543234e-07,random
0.012712992456873731,0.06177986450308217,0.220849078680353,0.13688999256971957,0.13188805042086113,0.38092466451693313,0.054955356852177374,0.6304105687435556,9.279034665384758e-07,random
0.15537885209724142,0.01797807363732062,0.20783762107220996,0.11319251317075904,0.14632607529250075,0.27399074052206995,0.08529612420789826,0.6302656245600615,9.348760715019724e-07,random
0.16143546893655392,0.1177118617375489,0.17092544127198656,0.034747606315191366,0.006548332778892735,0.3504333876903762,0.15819790126945016,0.6302173098322301,9.372110976874214e-07,random
0.30479477038983854,0.1515022423310586,0.04067410903107334,0.02519795884490112,0.1140097305598765,0.33368496452464147,0.030136224318610322,0.6299274214652419,9.513357286368926e-07,random
0.07902920173167512,0.13953454232661888,0.06483098398973466,0.25806984842761826,0.09812188583894178,0.35964932622332646,0.0007642114620847068,0.629782477281748,9.5847216252598e-07,random
0.1843256959325572,0.07090005637139372,0.12964693515746595,0.16367326149031539,0.15694723610328232,0.2672963036942137,0.027210511250771636,0.6294442741869284,9.753182093571894e-07,random
0.18156748001909798,0.07468067007023631,0.0352159208548534,0.16154422435008695,0.07890497883600324,0.2982719102835595,0.16981481558616246,0.6293476447312657,9.80181775641149e-07,random
0.06499822894538547,0.03239985403570784,0.1172368434821566,0.13585968159244638,0.21654004684407602,0.23726035092418088,0.19570499417604675,0.6289128121807834,1.0023486613109563e-06,random
0.0738576631672911,0.04413664355201206,0.011270684215734256,0.012613155532103295,0.202754951456097,0.5118770836944344,0.14348981838232797,0.628864497452952,1.00484025948729e-06,random
0.03981094132271639,0.0342678873817994,0.0913312355959739,0.18784296960243888,0.1632825869702054,0.366519426771779,0.11694495235508719,0.6288161827251207,1.0073376247586565e-06,random
0.19818495887298698,0.08418483488969265,0.05013822664948756,0.061620044984944645,0.07328984223567561,0.2016744461215657,0.33090764624564695,0.6287678679972893,1.0098407694474564e-06,random
0.08729400052082026,0.05545689016860967,0.16181022619524768,0.2988869274055032,0.04474405703234173,0.24461396450623094,0.10719393417124658,0.6286229238137955,1.0173850036031636e-06,random
0.1345251376459376,0.026929789971407197,0.12411772116509093,0.1532869100471793,0.18698266979506742,0.25707113306651896,0.11708663830879856,0.6285262943581327,1.02244361712131e-06,random
0.11248943968581887,0.09488853870400889,0.17598046484843433,0.06983718068275901,0.18427150288974845,0.32301133988440595,0.039521533304824635,0.6278498881684936,1.0585151734952043e-06,random
0.24463594355377086,0.02726951530034715,0.292926639072039,0.1483568409045977,0.020115321260503513,0.23263380556876956,0.03406193433997209,0.6278498881684936,1.0585151734952043e-06,random
0.11555486231987686,0.25682065981086144,0.05224398264045178,0.015178098488533298,0.051069928017223376,0.42315498247359956,0.08597748624945362,0.6277049439849995,1.066397391910762e-06,random
0.3005704589047951,0.12245837876355845,0.01492592040478301,0.11026744107205151,0.03410666152950345,0.28147581987755366,0.1361953194477547,0.6276566292571681,1.069036919974949e-06,random
0.1692189016452324,0.08154838426161706,0.17931175061386379,0.15992627327905123,0.0712536937238384,0.2550419391609364,0.08369905731546075,0.6275599998015055,1.0743342364186462e-06,random
0.2522503308298871,0.0040107096745122615,0.11858714630068025,0.08245237996975392,0.16676283548980525,0.28111239282944506,0.09482420490591598,0.6275599998015055,1.0743342364186462e-06,random
0.09884266475594025,0.12683018245560965,0.033331039414436096,0.04789063234388429,0.16929037557019247,0.5023073058806273,0.021507799579309844,0.6275116850736742,1.0769920506947745e-06,random
0.05421339804192749,0.09708973101288394,0.017046152783164372,0.22136681638540295,0.10941849426724298,0.4110666277576507,0.08979877975172765,0.6274633703458428,1.0796559863133802e-06,random
0.24900911828828096,0.0824281011292275,0.15447450752927877,0.031693940085414776,0.1119634626759927,0.3060465102126592,0.06438436007914618,0.6273667408901801,1.0850022736479286e-06,random
0.0514733225538355,0.0875929684390839,0.005819635702811854,0.2004736158708546,0.10333262539787519,0.4124640208490565,0.1388438111864826,0.6272217967066859,1.0930679408184402e-06,random
0.05688025135039195,0.10481426118043366,0.05881567286060222,0.023850325479235133,0.22506331345705807,0.36664000652252043,0.16393616914975845,0.6270768525231919,1.1011894062406931e-06,random
0.15225176592909306,0.16216585855112028,0.01244788422303249,0.04485946387706294,0.1536728173515433,0.4541099744453386,0.02049223562280918,0.6270285377953605,1.1039090224807418e-06,random
0.12070902808246377,0.01651717112377924,0.12459117400746064,0.07337076855746151,0.26981827869614844,0.3779208140643332,0.01707276546835305,0.6269319083396978,1.1093670260102188e-06,random
0.047949694040497565,0.04008903737855017,0.1729310538764324,0.2347074018424516,0.140438259648243,0.27167944028460145,0.09220511292922384,0.6268835936118665,1.1121054398561342e-06,random
0.1489952788725117,0.03767345367155192,0.1984051880695714,0.02474131851123661,0.3035348291453866,0.2512837803848919,0.03536615134484996,0.6268352788840351,1.114850146169986e-06,random
0.18851850903250567,0.018172363395413928,0.26313704718638886,0.0062756372442509655,0.18938296136926364,0.27505080186933595,0.05946267990284108,0.6265453905170469,1.1314512748710886e-06,random
0.09951680307013538,0.025914607933485437,0.22856124714560938,0.0865990814521435,0.1914182628271989,0.2865146389866116,0.08147535858481586,0.6259656137830706,1.1653462080429477e-06,random
0.35228421607333205,0.030036351914928545,0.10063279676096129,0.14040103977404905,0.0923820930690041,0.25610219342908724,0.0281613089786378,0.6258206695995765,1.1739663984860955e-06,random
0.04328304920618041,0.01238802791611459,0.10606101786756385,0.00571871255522714,0.25942226238518296,0.353270073793189,0.21985685627654203,0.6255790959604199,1.1884654094591907e-06,random
0.1900797789119376,0.08903029772549713,0.10392949539888115,0.01081612166902387,0.005746077975285492,0.24657731235453773,0.3538209159648369,0.6255307812325885,1.1913851413369484e-06,random
0.30846609549719156,0.07280441983658888,0.0403038554916936,0.11596873857582249,0.041386959891488294,0.3967929138275638,0.02427701687965129,0.6254824665047571,1.1943115491746847e-06,random
0.18244465127058862,0.05447179913007701,0.09541035947637383,0.02938356082003535,0.21021284030452717,0.23208204801235832,0.1959947409860397,0.6252408928656004,1.2090442215856864e-06,random
0.28971532931731375,0.15919724805699734,0.06067269202195591,0.04077074117728983,0.05716499707996818,0.33618730630552124,0.056291686040953796,0.6251442634099377,1.2149845172334362e-06,random
0.18500620351195984,0.07385057065299294,0.007653910802094958,0.14062100647899958,0.05426774330557028,0.3337412550218237,0.2048593102265586,0.6250959486821063,1.217964841987533e-06,random
0.047000368566926146,0.11379857116283758,0.08305920647815862,0.09889247189891767,0.30447616094327373,0.34409292860287727,0.008680292347008768,0.6249993192264436,1.223945916856509e-06,random
0.16522947381918626,0.12952791181105766,0.02665970886541731,0.06909668982512408,0.1699828982200177,0.39930245054988545,0.040200866909311475,0.6247577455872867,1.239018422511846e-06,random
0.13468070464594983,0.10259131334188444,0.0663341473281888,0.1847919148930405,0.09814577712034495,0.2328707931938637,0.18058534947672777,0.6247094308594554,1.2420535794017359e-06,random
0.08745599275133538,0.19361870900667547,0.02540718543720397,0.03746929370135838,0.16430117221967788,0.3715090139981347,0.12023863288561411,0.6247094308594554,1.2420535794017359e-06,random
0.22533655378381207,0.025010482263066465,0.13271796180344345,0.030330130980607675,0.10303220618788038,0.20262427837311575,0.28094838660807425,0.624661116131624,1.2450956553622031e-06,random
0.06269292243950937,0.06177310046799644,0.2293012361115283,0.13374744210477935,0.060849972899928974,0.36366104261480015,0.08797428336145759,0.624661116131624,1.2450956553622031e-06,random
0.1617521746312887,0.028810049589726786,0.016376423644345973,0.052490024903520616,0.08611775300443682,0.34843934847629854,0.3060142257503826,0.62451617194813,1.254263543294949e-06,random
0.11580578477301148,0.020640043928811264,0.12439996644892026,0.026772832351772025,0.27702144511533444,0.271016333934989,0.16434359344716148,0.6241779688533104,1.275900178435795e-06,random
0.2285433471241557,0.012607821495374505,0.12786529683717043,0.02007111015338804,0.18909881275902848,0.19830278093315457,0.2235108306977283,0.6241779688533104,1.275900178435795e-06,random
0.028778354561284223,0.01311683073645013,0.014823549349676484,0.08114543896989378,0.12378442192746666,0.6023317365089699,0.13601966794625897,0.623984709941985,1.2884194195328822e-06,random
0.04266473605984467,0.06191038012442805,0.10355485567065251,0.14104691018231932,0.11514990221307123,0.19638284196289538,0.3392903737867888,0.6239363952141537,1.2915670431161795e-06,random
0.10867971188823376,0.04427987006121379,0.017360065553828165,0.30715526868428916,0.018529492227089828,0.26976763367677936,0.2342279579085659,0.6239363952141537,1.2915670431161795e-06,random
0.34121399127489244,0.06752647586075299,0.12476983998132635,0.007508985909359442,0.08126980375298704,0.2699141844383568,0.10779671878232494,0.6236948215749968,1.3074127898547796e-06,random
0.32813397983179626,0.13985221189179858,0.039660579035657124,0.014475165923997804,0.1037100409071256,0.31289733165429434,0.06127069075533024,0.6236948215749968,1.3074127898547796e-06,random
0.20784988279712704,0.11779295789431264,0.0380358525723712,0.15314812241714665,0.06415195510014395,0.26935143846543524,0.14966979075346323,0.6235498773915027,1.3170068835677028e-06,random
0.14082608673770186,0.10123330541198475,0.1704533238281875,0.17019721983687489,0.11145670121885612,0.29636569677500985,0.00946766619138529,0.6229701006575264,1.3560422355857313e-06,random
0.16634253752020908,0.08337077825100059,0.0580671244566616,0.07767497420122084,0.06684498291453746,0.19116511916854237,0.356534483487828,0.622921785929695,1.3593433074656883e-06,random
0.019218830641458604,0.05405628501066936,0.1272717495267275,0.12031540445548809,0.28766644357503646,0.31642234462830704,0.07504894216231305,0.622921785929695,1.3593433074656883e-06,random
0.12888420044205123,0.1500736317230403,0.060129654074948725,0.0010679018734494519,0.2607978226491464,0.317676543007181,0.0813702462301827,0.6228251564740324,1.3659678958129844e-06,random
0.2323590675645965,0.16444636761106882,0.06937349590435384,0.047777643770432185,0.05694402361363979,0.3012662507072771,0.12783315082863167,0.6228251564740324,1.3659678958129844e-06,random
0.16298268205557484,0.19932640227396825,0.060459492374818624,0.013424507487224312,0.07888032514120966,0.3937514039022211,0.09117518676498317,0.6227285270183697,1.3726225145117493e-06,random
0.08397546275480702,0.07589547756868777,0.06571521353941855,0.024720824926114004,0.17719157655230136,0.2988992848070969,0.2736021598515744,0.6226802122905384,1.375961124442612e-06,random
0.17048731266767236,0.12895907649551633,0.05867995499494887,0.08111772290468626,0.16398294717439924,0.3731869462732799,0.023586039489496884,0.6225352681070442,1.3860223454359302e-06,random
0.02437380502589487,0.021732866690283414,0.3410340299966973,0.03880944016764372,0.03642436563583765,0.4824401968215952,0.05518529566204778,0.6224386386513815,1.3927678100932655e-06,random
0.26886112778499816,0.05152548469502318,0.10959917903891081,0.14677122148820573,0.12472542972402811,0.20654793290202897,0.09196962436680496,0.6221487502843934,1.4131879255373505e-06,random
0.13316804241755786,0.16687510139003994,0.01370360509370052,0.09376216570300162,0.15260357625094956,0.3808786210148747,0.05900888812987586,0.6221487502843934,1.4131879255373505e-06,random
0.09235644439973865,0.20904636011993194,0.07353205098445491,0.036270412620405645,0.08361035549225992,0.39186038794281935,0.11332398844038959,0.6220521208287307,1.4200562975221102e-06,random
0.22876262106616627,0.15496445882934134,0.00291382177433248,0.14945258443509768,0.08498995519053491,0.3371244246147125,0.041792134089814977,0.6220521208287307,1.4200562975221102e-06,random
0.05607133790003632,0.1318786705133453,0.15177058865413065,0.0073684337328297125,0.2692150037718189,0.3550257804408307,0.02867018498700851,0.6220038061008994,1.423502118368176e-06,random
0.32453880942124946,0.1038652794099259,0.039843676717798884,0.005452974137245952,0.03614509559196414,0.43612055629159374,0.05403360843022195,0.6220038061008994,1.423502118368176e-06,random
0.23665271962280798,0.030987517181204544,0.322579591708618,0.05025977385259256,0.10276064386844885,0.24366132089657233,0.01309843286975558,0.6219554913730679,1.4269557173137402e-06,random
0.11372639140642747,0.02827075143802578,0.0569110793119436,0.05729454165061856,0.12447741091911249,0.22277523152825987,0.39654459374561224,0.6219071766452366,1.4304171105447888e-06,random
0.09485517214869778,0.015580999762839724,0.23238085460584046,0.20650906038400932,0.03761086326616329,0.22300997686890212,0.19005307296354743,0.621810547189574,1.4373633447609562e-06,random
0.026780453046480093,0.11017209380151793,0.10226528027741115,0.09666062926420994,0.30515492626950896,0.33976155827639715,0.019205059064474814,0.621810547189574,1.4373633447609562e-06,random
0.3993722692115373,0.0325426042515337,0.053446545255193344,0.021620122878066663,0.031201123756441247,0.40988718242544864,0.05193015222177901,0.6217622324617426,1.4408482182717373e-06,random
0.3101177111099529,0.12424403015847021,0.06805969381771755,0.0989074867117592,0.05398982523102958,0.26331492567376813,0.08136632729730237,0.6217622324617426,1.4408482182717373e-06,random
0.23874240009476316,0.22792182301560937,0.02181496610242116,0.020027035129054762,0.014603852104280116,0.41644906630328665,0.060440857250584734,0.6217622324617426,1.4408482182717373e-06,random
0.06793198369039416,0.04066718310714852,0.2576927514458088,0.13337400239169087,0.04148675526636881,0.32340995115386145,0.13543737294472755,0.6217139177339112,1.4443409511194286e-06,random
0.22019221340823217,0.0691963029275271,0.03352843873167249,0.0730854669298263,0.11308392601074371,0.3856242218693781,0.10528943012262021,0.6216656030060799,1.4478415596439534e-06,random
0.09256075657798991,0.09956202330326173,0.09260833370055806,0.13796669911989795,0.2623914748332338,0.30882303771094116,0.006087674754117299,0.6216172882782485,1.4513500602161993e-06,random
0.27266092162325256,0.18166335937728972,0.017688652155959477,0.022036696306527766,0.12328530275221596,0.35283939111289175,0.029825676671862866,0.6216172882782485,1.4513500602161993e-06,random
0.0762537311960647,0.05693344180603003,0.17550374009219877,0.0001246053788938361,0.10780285161532453,0.23994100738241655,0.3434406225290715,0.6215689735504172,1.4548664692380197e-06,random
0.24181884693493041,0.05879935256086957,0.07228186553891627,0.12003322597704241,0.08625118876339505,0.2726236929124914,0.14819182731235483,0.6213757146390918,1.4690115189459277e-06,random
0.23517327817018693,0.023673445233813022,0.21694254188056245,0.06369397976805405,0.08993435289102845,0.22565202077544244,0.14493038128091268,0.6212790851834289,1.4761319232323564e-06,random
0.14857599571402808,0.0630877653364879,0.17594370593190534,0.03568822560268685,0.2658910315632292,0.2768111710725201,0.03400210477914259,0.6212307704555976,1.4797041532675376e-06,random
0.1190273404565177,0.18475186802596308,0.10192022742192075,0.01594726934067042,0.06968067564543312,0.354821248745877,0.15385137036361804,0.6211341409999349,1.4868727523803211e-06,random
0.23586597658475483,0.0028735199226343033,0.18890932006792938,0.08466105371177547,0.07844439258023246,0.23084032554663267,0.17840541158604087,0.6211341409999349,1.4868727523803211e-06,random
0.027282179752863817,0.09600961421869743,0.19733793116259696,0.06289210647813784,0.0407759391294811,0.3839928411723943,0.19170938808582855,0.6209891968164408,1.4976862493757255e-06,random
0.15070740887788892,0.16817078386124185,0.13016831368641707,0.02046397959245372,0.1399824252903514,0.3785597011604825,0.011947387531164637,0.6209891968164408,1.4976862493757255e-06,random
0.28625214851501446,0.14575379915594827,0.06630180574577844,0.0006847008462642069,0.05676671060854044,0.3146637573280976,0.12957707780035654,0.6209408820886095,1.5013069750077246e-06,random
0.28068035570414157,0.06004613265431466,0.04431933357128628,0.1761488569703443,0.04549938748806243,0.27054689719137315,0.12275903642047761,0.6205060495381273,1.534261898322007e-06,random
0.15608713470207627,0.10286929908664934,0.23691015883472305,0.034674802456120514,0.008262527816906156,0.3151363692416261,0.14605970786189867,0.6205060495381273,1.534261898322007e-06,random
0.27103315881841633,0.10415562082142021,0.22198826778812034,0.010697347377319059,0.040129696131372385,0.33825828104161654,0.013737628021735027,0.6204577348102959,1.537964800664519e-06,random
0.4734881910169441,0.10007122848901481,0.06380950647103269,0.0127183960884967,0.04100136184320185,0.2956235175247425,0.013287798566567357,0.6203127906268018,1.5491234456731347e-06,random
0.17505013859833263,0.0678099218556033,0.07393519400089306,0.08453417668117721,0.20075030608843192,0.3195860858405569,0.07833417693500501,0.6201678464433077,1.5603573597457682e-06,random
0.251800718183215,0.06960284462443933,0.06902818661102289,0.068884508635167,0.12674288642453893,0.2402069312756376,0.17373392424597925,0.6199745875319823,1.5754538058768462e-06,random
0.27752155590207805,0.061462735648561605,0.10033864835711068,0.09358569379184833,0.18328133202505167,0.2704191983518564,0.013390835923493211,0.6198779580763195,1.5830528686957654e-06,random
0.18015856532067645,0.15343870609446936,0.060099335966267736,0.002268418649975897,0.2268422067573089,0.33488810009839975,0.04230466711290175,0.6198779580763195,1.5830528686957654e-06,random
0.2442999238169704,0.05616279697500593,0.2310361924720293,0.14280990691601575,0.022654447285490407,0.21294569002352334,0.09009104251096502,0.6198779580763195,1.5830528686957654e-06,random
0.1309768992585424,0.024635010756701926,0.3712346594587506,0.021799717783499047,0.12074978547602401,0.2804236808428991,0.0501802464235828,0.6198296433484882,1.5868651713353647e-06,random
0.17218399428353107,0.08001802727110499,0.11288472243232069,0.06802207443324629,0.2686726805040749,0.2773519093666754,0.020866591709046735,0.6196363844371628,1.602199934155272e-06,random
0.1308046390586158,0.23495624613254715,0.06556206321236163,0.103052667885559,0.04711698620081148,0.4016086274829346,0.01689877002717026,0.6195880697093313,1.606055101269557e-06,random
0.14731371277624347,0.10641838977299156,0.15468827075505928,0.03730170833070472,0.025200003276817977,0.24139648242418763,0.2876814326639953,0.6195397549815,1.6099188944012933e-06,random
0.037660416959830786,0.08687150765672463,0.004237476704581419,0.2124274267760615,0.17410406264070233,0.45115667835404943,0.033542430908050036,0.6194914402536686,1.6137913313356407e-06,random
0.16051358803439467,0.041023218275019924,0.043088411801088064,0.13072533141719592,0.1929064377883532,0.3856469941784824,0.04609601850546587,0.6193464960701746,1.6254606833064126e-06,random
0.07748031217670034,0.02020794561011972,0.05677190041834003,0.14261617311357883,0.2186512697093658,0.3970409831072185,0.0872314158646769,0.6192015518866807,1.6372084729752689e-06,random
0.2700851490804579,0.08464305360266497,0.10542990259904594,0.030514067278421975,0.19034102524834762,0.2576461718462804,0.06134063034478119,0.6188633487918611,1.6649277507356062e-06,random
0.161679098581598,0.11261586036317679,0.23017027727059353,0.007378365413943658,0.08561403894014731,0.28237517067050133,0.12016718876003943,0.6186217751527043,1.6849937623264859e-06,random
0.17890776051359492,0.049835335374192415,0.1103434184094336,0.0006316742377713714,0.22559503600291445,0.33758824912319124,0.097098526338902,0.618573460424873,1.6890338554080045e-06,random
0.167134720897784,0.09307022013989118,0.03984281574167882,0.009075964567221208,0.13182580438767663,0.26110261748041347,0.29794785678533464,0.6179936836908967,1.7382228014708637e-06,random
0.12640640007991205,0.17282935171723804,0.001932879941143641,0.12982536366895103,0.07371531624029952,0.2916639348413355,0.20362675351112036,0.6179453689630653,1.742381432963794e-06,random
0.07953983129160141,0.13521183262051834,0.15333232185686957,0.007301427519373404,0.15553114558053605,0.3521472488517246,0.11693619227937672,0.617897054235234,1.7465493142301283e-06,random
0.1249069289236014,0.04369424137401091,0.3373891415441211,0.060207619478835864,0.10042845377026453,0.2984527828153849,0.034920832093781384,0.617897054235234,1.7465493142301283e-06,random
0.14987991211432172,0.024662971788595865,0.08709563470863026,0.09288967665201231,0.17457325202284035,0.32427575223531124,0.14662280047828807,0.6176554805960771,1.7675281317118426e-06,random
0.2291768675745311,0.05585400218976385,0.08121795765554322,0.049283199846260006,0.03720941428513662,0.17911990031693617,0.3681386581318291,0.6176554805960771,1.7675281317118426e-06,random
0.08323455333106079,0.14115576567845498,0.06730425217987651,0.015919170268713097,0.21823182192432156,0.325084550276391,0.14906988634118204,0.6176554805960771,1.7675281317118426e-06,random
0.09007015437251076,0.12366514672107871,0.03283979508290109,0.16105628600438845,0.1951225086768454,0.36601209889215086,0.031234010250124705,0.6174622216847517,1.7844796241534354e-06,random
0.2745486146581766,0.03279516157531921,0.15408842221517535,0.07285853834926145,0.08215884604470422,0.2197898507232696,0.16376056643409365,0.617365592229089,1.7930119387376974e-06,random
0.11567494229654643,0.003156943810981681,0.0460116457105287,0.0544979875621565,0.18182311995185155,0.3611899947687113,0.2376453658992239,0.617365592229089,1.7930119387376974e-06,random
0.19451969923146922,0.16795576415720417,0.03599469523343931,0.009256092042510142,0.20159224709110238,0.3180885190221907,0.072592983222084,0.6173172775012576,1.7972923056661898e-06,random
0.22409149298995484,0.031198671022981343,0.04145147488302864,0.22181938433695256,0.05404957538787044,0.3398004976377084,0.08758890374150374,0.6172206480455948,1.8058815556936398e-06,random
0.09175958384668992,0.10411685727101139,0.09904174537738245,0.0610091323494999,0.13644940720328064,0.24446235626207802,0.2631609176900578,0.6171723333177636,1.8101904776598091e-06,random
0.09875873889822742,0.03627004505451362,0.1953288220075041,0.03751927029381873,0.267840489771713,0.23198438946575278,0.13229824450847028,0.6171723333177636,1.8101904776598091e-06,random
0.31903943371673915,0.07062866458285191,0.12305557897402372,0.23054887856423642,0.0016466795615430268,0.22015656337422507,0.03492420122638071,0.6170273891342695,1.8231746653309837e-06,random
0.19653481221062488,0.09979494099744622,0.16369096899130076,0.02302624181224282,0.22729068121629373,0.28353329201231914,0.006129062759772544,0.6169790744064381,1.8275219336800308e-06,random
0.11988567553429351,0.1112893368921473,0.108132657442917,0.1048738712258127,0.2636344896699074,0.27712471379117537,0.0150592554437468,0.6169790744064381,1.8275219336800308e-06,random
0.0623654890824538,0.08511476898692551,0.09365890747233395,0.32085403679980523,0.10609742233374528,0.27179928168640144,0.06011009363833483,0.6168824449507754,1.8362453968098383e-06,random
0.3206363116749536,0.16348588736177164,0.059061452660163286,0.04811056922873916,0.029900681900125816,0.3195132494850041,0.05929184768924234,0.6168341302229441,1.8406216309661517e-06,random
0.09338087211470156,0.0698050092305687,0.09926021648114715,0.2085813127910791,0.13309005283582112,0.22891238241478806,0.1669701541318944,0.6167858154951127,1.845007559827984e-06,random
0.24275946838585574,0.09313293254030554,0.04494220253313881,0.06546678648863828,0.12794343838425515,0.4073131011779234,0.01844207048988317,0.61668918603945,1.8538085808219184e-06,random
0.1624088841521909,0.12848102089238286,0.02545546253137011,0.09714986554271653,0.11482209621964395,0.3228523553009078,0.14883031536078797,0.61668918603945,1.8538085808219184e-06,random
0.09487063572160556,0.02380521491344134,0.23532015890426247,0.06656152617272194,0.2591102988733172,0.28601710295700467,0.03431506245764692,0.6164476124002931,1.8759821797033408e-06,random
0.06453606704117315,0.005761940590795546,0.2616031554811668,0.061419747472504005,0.20131567663712022,0.2640850671749682,0.14127834560227215,0.6163992976724618,1.8804463813522918e-06,random
0.15973277262845767,0.13830534226542074,0.08680389334604671,0.17035120766436085,0.054880727580983744,0.2699010054028333,0.12002505111189714,0.6163509829446304,1.8849204570461893e-06,random
0.22273141158018386,0.0975904344779757,0.01820754476839148,0.09426393588008498,0.10900301478829003,0.2870293762851468,0.17117428221992714,0.6163026682167991,1.889404426896703e-06,random
0.24027922752094494,0.14803510684629467,0.08317847817747288,0.02955466284942375,0.06118640934162492,0.27853973181532166,0.1592263834489173,0.6163026682167991,1.889404426896703e-06,random
0.1941820069289859,0.03242489107879884,0.0653067496594415,0.07335867791711574,0.15101912648986834,0.3370671440074166,0.1466414039183731,0.6162060387611364,1.8984021297009036e-06,random
0.08627972981303139,0.10144825061796732,0.09752608823662091,0.11624391084799604,0.2516190774398485,0.26948807271626524,0.07739487032827054,0.616157724033305,1.9029159030645016e-06,random
0.32484633748572544,0.12302293297902725,0.050361413021694154,0.10411852720774815,0.08011529800887501,0.29299063524933144,0.024544856047598568,0.6161094093054736,1.9074396514047315e-06,random
0.3275532235706813,0.08171893004182051,0.12557912419398382,0.04904025404745337,0.13943751457355755,0.25662055343595214,0.020050400136551308,0.615867835666317,1.9302087295215796e-06,random
0.04693891818502536,0.004406427879540879,0.06840715634556022,0.16383891162308276,0.19745751764028555,0.40274846142136844,0.11620260690513677,0.6157712062106543,1.9393868989530905e-06,random
0.06233237268565033,0.07938939439606113,0.09315797676025432,0.04021740344881568,0.26411427079871536,0.24188671174110288,0.2189018701694003,0.6155779472993288,1.9578650639335264e-06,random
0.20427332581262508,0.07692831425396349,0.05832032709313088,0.23973987189841392,0.09057738963658,0.26988720196184873,0.060273569343437784,0.6154330031158347,1.9718309365476927e-06,random
0.13769267520649275,0.1177057652471405,0.10689441024527638,0.09102321404016266,0.20933277233853123,0.2616201181858768,0.07573104473651973,0.6153846883880033,1.9765067665130663e-06,random
0.020252786682754334,0.10631755161148206,0.1753442933378508,0.007953749709357583,0.18340415490597073,0.324880785042165,0.18184667871041946,0.6150464852931838,2.0095272700481246e-06,random
0.17020577082693997,0.04321093682260232,0.08065572556090124,0.11165119802300169,0.1913852700096254,0.32921097728636833,0.07368012147056108,0.6149015411096899,2.02383526484602e-06,random
0.09139587015125596,0.021964990571248434,0.29786405041507136,0.04711365665108034,0.2403312409524233,0.2781155079507389,0.023214683308181515,0.6147565969261957,2.0382378958572975e-06,random
0.19479013486315214,0.041847279328248624,0.2225229209303237,0.1261718854703151,0.08895190924931229,0.22673232542689767,0.09898354473175043,0.614659967470533,2.0478925098712566e-06,random
0.15894396251503673,0.061659793153715635,0.10068323047924048,0.2807568195451876,0.15176717840115037,0.2192089008514361,0.02698011505423317,0.6145150232870389,2.0624541495621285e-06,random
0.2967766851603149,0.15057256422167686,0.05207833145050144,0.005812440067402889,0.10060096844150632,0.32367187940189324,0.07048713125670432,0.6145150232870389,2.0624541495621285e-06,random
0.24791448931249369,0.10650542686288914,0.03578415056174278,0.09315674379807608,0.11538523603021925,0.2144139357769701,0.1868400176576089,0.6144667085592076,2.0673293738582187e-06,random
0.10655393805973146,0.08461758805845815,0.055433150049723476,0.1275832000933258,0.16607277047745042,0.18177576752329733,0.27796358573801333,0.6143700791035449,2.077111968655078e-06,random
0.12838636560350705,0.26621574704193385,0.03360171167359109,0.03699470304746264,0.028647083423549834,0.4455180596669307,0.0606363295430247,0.6143700791035449,2.077111968655078e-06,random
0.17575918240923297,0.016197532243978345,0.3660779327487357,0.09782647956482683,0.0581008019235398,0.24128897442324224,0.044749096686444285,0.6140318760087253,2.1116908672777583e-06,random
0.049130338340141494,0.005689065855562472,0.17914705705788864,0.05678158104920162,0.3621270680381404,0.26040053923856743,0.08672435042049802,0.6139835612808939,2.116674152485708e-06,random
0.21145996680784782,0.10802800806907299,0.10158436190595554,0.12845709415995457,0.14209015939276243,0.26789736864343033,0.040483041020976385,0.6139352465530626,2.1216683641824843e-06,random
0.06296189854680942,0.040141826833916316,0.20994083174308037,0.2754157862987469,0.038558700599477205,0.2719488077514041,0.1010321482265657,0.6138869318252312,2.126673524419464e-06,random
0.18479447526688692,0.04127782831155669,0.10690892408339578,0.03369453029886077,0.22999476457194123,0.3512144415785657,0.0521150358887929,0.6138386170973998,2.1316896552884733e-06,random
0.2470839269213789,0.23934475819192175,0.057589959119631495,0.05544144249365588,0.008038356988815937,0.3622826743338588,0.03021888195073719,0.6137419876417372,2.1417549174924347e-06,random
0.05618432664679396,0.014391349050809195,0.26927165532885444,0.0785388008713386,0.23364834815134006,0.312089870312641,0.035875649638222734,0.6137419876417372,2.1417549174924347e-06,random
0.09462274851558174,0.0513502052900614,0.22631527890892517,0.04240692156894934,0.17017806669625926,0.24589862724502679,0.16922815177519643,0.6135487287304117,2.16201806602889e-06,random
0.3220686329695106,0.012103611518892882,0.16845408566137826,0.12662373635268795,0.048670992918820134,0.1720826699513764,0.14999627062733378,0.613452099274749,2.1722163094089995e-06,random
0.3301228063170433,0.049103764479472366,0.13456397835743142,0.04970533929164038,0.14812982953461845,0.23078169887571814,0.057592583144075886,0.6132105256355922,2.1979078098865623e-06,random
0.3070078522891791,0.14589217754186343,0.05974696727813059,0.0066140012697909,0.19961468709055077,0.2521473152427507,0.02897699928773464,0.6132105256355922,2.1979078098865623e-06,random
0.3324184234703092,0.05389851816077211,0.06793868740627315,0.06671597750571212,0.0807851725882444,0.24006803727430773,0.15817518359438132,0.6131622109077609,2.2030798720486434e-06,random
0.045083341582202875,0.1479831341909886,0.07286204515597411,0.11842815349564309,0.11995949323312013,0.28874662226735537,0.2069372100747159,0.6131138961799295,2.2082632411179087e-06,random
0.10465370306404816,0.10083772415663486,0.042335233503844924,0.18685191641705423,0.16256446081375894,0.2912330218049583,0.11152394023970062,0.6130172667242667,2.2186639910111096e-06,random
0.18517904996597914,0.05757039650800404,0.02004972872167366,0.3160819115757566,0.02988322884851185,0.30159119750249164,0.08964448687758313,0.6128240078129413,2.239602177380528e-06,random
0.1390695148843661,0.21263397945188361,0.022676225025193102,0.07805264039856923,0.1147306777344729,0.36974378488096965,0.06309317762454543,0.6128240078129413,2.239602177380528e-06,random
0.040470083033393986,0.11559216988924953,0.03954083652198298,0.053051488980445476,0.20493685882434662,0.3019029301390783,0.24450563261150307,0.6122442310789651,2.3035235005861605e-06,random
0.15657461068864212,0.17148939807283084,0.026249618210261352,0.06450382947467388,0.1784221025066842,0.29610009536725135,0.10666034567965618,0.6121959163511338,2.3089260707189704e-06,random
0.14883346807720474,0.15206085815632975,0.044290704837269705,0.22069966652361317,0.1059746688712509,0.30065446344243757,0.0274861700918941,0.6121476016233024,2.31434041069409e-06,random
0.3806708762541366,0.14329340442549304,0.0030918866948230063,0.05837719082281859,0.03913510504283566,0.3716483290868039,0.0037832076730894607,0.6119060279841456,2.341589485442877e-06,random
0.20926999467057678,0.2737616550143137,0.003310441793796552,0.03886968268291216,0.03179283165902973,0.4213256015265818,0.021669792652789083,0.6119060279841456,2.341589485442877e-06,random
0.1211319236001607,0.10742476119756776,0.010081481880012557,0.31739847201418797,0.03879208351710261,0.24082449280913662,0.16434678498183153,0.6116161396171574,2.374681738237357e-06,random
0.2476729079368722,0.06712779140890904,0.0072055046364125465,0.10943434614627796,0.062056500060317286,0.34600454687581683,0.16049840293539405,0.611567824889326,2.380239168860752e-06,random
0.32090576868451054,0.22390499272876493,0.05136084627073536,0.0005303972992719602,0.020588618778248663,0.35557108607710153,0.027138290161366877,0.6115195101614948,2.385808679397694e-06,random
0.20749122891898558,0.21427595920655887,0.04011185785493578,0.01787674285080003,0.03317496242753116,0.3136972359818929,0.1733720127592957,0.6114228807058321,2.3969840368808624e-06,random
0.1354613423425482,0.05719065717904329,0.16926941095822376,0.28672087714022276,0.06403273888403216,0.20188360074374234,0.08544137275218727,0.6113745659780007,2.4025899322711712e-06,random
0.19838515956266015,0.256421301932226,0.06836175947349629,0.01223216688045534,0.028324866876293275,0.4141032543805492,0.02217149089431965,0.6112779365223379,2.413838277789295e-06,random
0.12087807418107618,0.038806022058333924,0.18883202534287866,0.034047998117750715,0.22641211735951117,0.21538587807520393,0.17563788486524537,0.6112296217945066,2.4194807766254153e-06,random
0.24166251918704873,0.051263846686847185,0.20296560347955528,0.020477003326921796,0.0821896643787076,0.24745946963811807,0.15398189330280135,0.6112296217945066,2.4194807766254153e-06,random
0.14772592665084855,0.1274821806027052,0.11707664888038671,0.11812018220750521,0.09096806291134198,0.2719133113212174,0.12671368742599493,0.6109397334275184,2.4535938760036993e-06,random
0.07986906508108754,0.17286123348938567,0.08889716559168995,0.0037161431968132717,0.2464270160476032,0.3288651225721435,0.07936425402127673,0.6109397334275184,2.4535938760036993e-06,random
0.09816420190590239,0.11397710430484333,0.027310501471987835,0.07409477086743102,0.17467496600972104,0.29870591163206256,0.21307254380805166,0.6108914186996871,2.459322639668288e-06,random
0.14629322515004867,0.009305082479345883,0.28234129294215904,0.20785101050642535,0.1373515771985957,0.20197638629820974,0.014881425425215642,0.6108914186996871,2.459322639668288e-06,random
0.3813823303571284,0.023833547321442456,0.16899175035321926,0.00580751784506021,0.12824974753109858,0.2407287052699583,0.05100640132209284,0.6108431039718557,2.4650638254506654e-06,random
0.12367876833715886,0.05968416361717269,0.242992555241984,0.016291210704010198,0.16728283971613087,0.22276765001056148,0.16730281237298186,0.6106015303326988,2.493956954888241e-06,random
0.17231570496298865,0.06558996485693964,0.02360898598028764,0.07719621215005776,0.035120569724077136,0.12851194926273818,0.497656613062911,0.6105049008770361,2.505602032136375e-06,random
0.21746344684566046,0.08052716951510594,0.21935212143678473,0.0680528911411424,0.053425471377623227,0.23259866473753563,0.12858023494614745,0.6103116419657107,2.529043847159232e-06,random
0.05891146066712445,0.12734597064789416,0.037857463132137795,0.02408236108060819,0.1720200455495215,0.21175409429888084,0.368028604623833,0.6103116419657107,2.529043847159232e-06,random
0.10293715555784946,0.14703300328565658,0.13145040796715862,0.00017823786514469922,0.085925733594288,0.3050306014323976,0.22744486029750519,0.6102633272378795,2.5349360438264298e-06,random
0.21957129551394883,0.09060916830858165,0.1950967080529202,0.1993157096373091,0.03400987768062678,0.24658271170284132,0.014814529103772059,0.6102150125100481,2.5408409882296932e-06,random
0.27665432820227553,0.0011951530760397097,0.20891400850851882,0.012749563891026862,0.178684884651772,0.21745498218787235,0.10434707948249472,0.6097801799595658,2.594563336471445e-06,random
0.16330391766857244,0.04264839976879062,0.03670162107125178,0.24023927420949542,0.08238337592758917,0.34570006163030403,0.08902334972399654,0.6094902915925777,2.630962240762791e-06,random
0.2682663702674985,0.09472501447416522,0.18615567290595597,0.042834477309635834,0.13853704150278665,0.24615980783534855,0.023321615704609108,0.6092970326812522,2.655491013799372e-06,random
0.3429076638329867,0.09323010618578774,0.16283942018507847,0.02699736173042317,0.040431633020268073,0.2726560647132005,0.060937750332255236,0.6092004032255895,2.66783487852009e-06,random
0.1944320038480995,0.1393437405701679,0.1606277355310736,0.12584747279246716,0.05636132935655764,0.31059239151817236,0.012795326383461939,0.6092004032255895,2.66783487852009e-06,random
0.2297472821083762,0.06507616478821886,0.2555449498600175,0.04481310811218616,0.11306436028098392,0.23888808766186453,0.05286604718835258,0.6091520884977583,2.6740267724261193e-06,random
0.0694291601600144,0.04142414331563856,0.251173238524702,0.0062734594529263955,0.111588980286394,0.24894552251308624,0.27116549574723847,0.6091037737699269,2.6802320092011218e-06,random
0.1903763923196289,0.09307180283354731,0.07158360450023649,0.20400564319948672,0.1817673155756029,0.24591320442864012,0.013282037142857585,0.6089105148586014,2.7051869144686673e-06,random
0.2229235432149991,0.15554112575958573,0.0311432020859845,0.00021670378664151996,0.13713946800662863,0.24807797701022333,0.2049579801359374,0.60886220013077,2.711459263113626e-06,random
0.28566800929184527,0.06400651009875286,0.0023108208265558068,0.053638298092951196,0.10230260577609382,0.412005445068492,0.08006831084530892,0.6088138854029387,2.717745113971315e-06,random
0.09947206024459512,0.056490105527091675,0.05420080660900835,0.16023887225103992,0.1361438357583137,0.22778137290582642,0.2656729467041248,0.6087655706751073,2.724044493766416e-06,random
0.048377476451927325,0.09937262938887766,0.1205245285702179,0.08330264099603611,0.24845351213737407,0.23594413416179277,0.16402507829377416,0.6085723117637819,2.7493778384927302e-06,random
0.3006618423242844,0.05494160916932525,0.02968961908306105,0.1762663389475077,0.04088972272858953,0.326929675133777,0.07062119261345498,0.6084756823081192,2.7621263828531917e-06,random
0.10924043793451482,0.2429462761985884,0.028612755005799663,0.030151463887913045,0.12445227632367037,0.43637609914093844,0.028220691508575285,0.6084273675802879,2.7685212175383225e-06,random
0.1630418166995828,0.08216782932664797,0.03292458254486861,0.05969483351696021,0.20170953329873217,0.3425504741103633,0.11791093050284487,0.6082341086689623,2.7942382727948013e-06,random
0.2645861712458238,0.16504857224355082,0.1356364850523744,0.016072643175943306,0.03156193249089027,0.34367735388191306,0.043416841909504386,0.6081374792132996,2.8071798117563235e-06,random
0.2952535524577272,0.1389376689589466,0.04933967984425553,0.07689774121691638,0.16063656922206634,0.2196791347055851,0.05925565359450273,0.6080891644854683,2.813671429768361e-06,random
0.2044406128032349,0.03332108211728653,0.14769136342381264,0.1446803285956325,0.027286242557940495,0.14501455279145195,0.29756581771064106,0.6077992761184802,2.8529147498894556e-06,random
0.24179305288690586,0.05806003090950074,0.05232532669333305,0.11537588450753236,0.1046220647950178,0.3105618779761761,0.11726176223153413,0.6077509613906488,2.8595044964177817e-06,random
0.11144593333971732,0.18848309343736913,0.05705273103151895,0.012272000848065649,0.24427117043198374,0.38130253344899284,0.005172537462352226,0.6077026466628174,2.866108372102396e-06,random
0.19358445323969983,0.0629635544031023,0.04422829897785339,0.1535940631638084,0.1218295995946426,0.28756117884331533,0.13623885177757825,0.6076060172071547,2.8793586223819936e-06,random
0.12768563888692197,0.03060444663185111,0.08559011401627588,0.026280623760048773,0.24248932740824625,0.2361876591761544,0.2511621901205015,0.6074610730236606,2.8993406642918906e-06,random
0.1485033727508044,0.030420602493699878,0.2871878522207488,0.007160519872580294,0.23346605878034596,0.2456613084994229,0.04760028538239776,0.6074610730236606,2.8993406642918906e-06,random
0.19465801288885684,0.13643578783009064,0.12596563436010783,0.08403596886168216,0.01576834127541065,0.27713773138946496,0.165998523394387,0.6073644435679979,2.912733463780849e-06,random
0.18827893471314092,0.13579586812904745,0.09293348302349423,0.012430371241481702,0.19675274856200678,0.25416336627528147,0.11964522805554748,0.6073644435679979,2.912733463780849e-06,random
0.19843045240793752,0.1165703597075566,0.09247237643483294,0.03622969302294132,0.1630125931077666,0.22710751313174246,0.1661770121872225,0.6073161288401666,2.919451379433646e-06,random
0.14759406261404867,0.03404357565177258,0.17753776306189875,0.34283026474338246,0.03927577361362017,0.1824240011990784,0.07629455911619908,0.6071711846566725,2.939691529158028e-06,random
0.1361371718587954,0.07265920373350454,0.011596949051976821,0.005357989142574459,0.11675784746222753,0.26710519050020404,0.39038564825071737,0.6070262404731783,2.9600618788996598e-06,random
0.10356599973668823,0.17285421551916497,0.11924935903052637,0.12730555191117693,0.09563474174015324,0.30037184686475205,0.08101828519753826,0.6068812962896843,2.980563198196479e-06,random
0.10167363033700037,0.06366653489373018,0.1943271022093435,0.02140629558657486,0.0308364078062335,0.22206318720902632,0.36602684195809126,0.6068812962896843,2.980563198196479e-06,random
0.01119485315479382,0.07732004614838184,0.051315746471843345,0.10590892104034656,0.23928945273304136,0.33251797792615145,0.1824530025254417,0.6068812962896843,2.980563198196479e-06,random
0.2727223804712914,0.1514643440141934,0.07521637840795208,0.04941819312599005,0.10572204814719073,0.2986736835042238,0.04678297232915857,0.6068812962896843,2.980563198196479e-06,random
0.1867344709376767,0.09895646870585452,0.1414057454670522,0.07454555292539833,0.04729245673328493,0.22737216524468104,0.22369313998605225,0.606832981561853,2.987426209241043e-06,random
0.2380269512698136,0.05318602027311219,0.0805416235328654,0.015107596686976876,0.15864063870103548,0.18070658370510323,0.27379058583109306,0.6067846668340217,2.9943038871428607e-06,random
0.13801844707965724,0.09580946512164926,0.07355106567076411,0.14201504496004,0.2236571466508213,0.313994670950957,0.012954159566111059,0.606688037378359,3.008103358799387e-06,random
0.06545744775638422,0.05712949420668417,0.2134200633162614,0.2117423373298604,0.13126746642634443,0.25440777776933376,0.06657541319513151,0.6066397226505276,3.015025210323025e-06,random
0.16978918709130852,0.052421803721742766,0.06819814680723843,0.04540091134182763,0.18987108616599288,0.2542693486262031,0.22004951624568664,0.6066397226505276,3.015025210323025e-06,random
0.15597718290399093,0.16964319130076644,0.10203921440155721,0.11869450601185777,0.11745243904953206,0.31038722025923615,0.025806246073059667,0.6066397226505276,3.015025210323025e-06,random
0.06466348830037513,0.08355641182641148,0.29352176876100294,0.10997466678889685,0.06662366951390362,0.3774370399729128,0.0042229548364972,0.6066397226505276,3.015025210323025e-06,random
0.16843227590493448,0.040041060212110534,0.30758145669405007,0.07265843783894771,0.1605777820002143,0.22943755610204147,0.02127143124770152,0.6063498342835395,3.0568677670337314e-06,random
0.3516506251428473,0.06809242668951054,0.06373355622499578,0.015194915034028717,0.09279209360467987,0.2533880525839165,0.15514833072002115,0.6062532048278768,3.0709346323610067e-06,random
0.2822558064541975,0.14205450937092648,0.016512775672087154,0.1057104431389546,0.10881630184266239,0.30423444073510464,0.04041572278606728,0.6061565753722141,3.085061561543341e-06,random
0.15256774001912465,0.10960632909688559,0.16786276688646903,0.1758579911526676,0.04933748707967337,0.24765238367253692,0.09711530209264284,0.6061565753722141,3.085061561543341e-06,random
0.10018159440091338,0.17939555984556652,0.03717359241481473,0.13753371668303818,0.2015933834117078,0.2920104748568648,0.05211167838709452,0.6061565753722141,3.085061561543341e-06,random
0.34619416155912575,0.008016569380289135,0.3996026210821319,0.01800956233342529,0.04460237014118483,0.16455268140758347,0.01902203409625976,0.6061565753722141,3.085061561543341e-06,random
0.15160711455966852,0.14596095169780776,0.002403130358970236,0.07306008183365928,0.2029785810888201,0.3568864571038039,0.06710368335727009,0.6061082606443827,3.0921476236840995e-06,random
0.13680155095994614,0.15441396735011922,0.05979107277675128,0.02134217842829054,0.10206305188020746,0.27896707734475706,0.2466211012599284,0.6059633164608886,3.1134965548600704e-06,random
0.06324341842213568,0.053643439079983736,0.18295068017188168,0.22780968827184936,0.13543989705159457,0.22422808880158535,0.11268478820096955,0.6057217428217319,3.149382370782779e-06,random
0.14183867448589535,0.1471497518646083,0.19071379141611136,0.03452095156156538,0.06589466047752955,0.34250469438786263,0.07737747580642744,0.6056734280939005,3.156605441966569e-06,random
0.030707744297815615,0.01711638922429744,0.2029988165827515,0.08895139622116904,0.34839876020601124,0.2277413547280901,0.08408553873986509,0.6055284839104064,3.1783670111871763e-06,random
0.11336260005085302,0.1905594469258629,0.12395711166214872,0.012303792765714366,0.21773539925965948,0.330968695251742,0.01111295408401955,0.6054318544547437,3.1929519883391326e-06,random
0.20006124469025985,0.0546550003579175,0.040755727866791935,0.019767101145431242,0.25501270683869826,0.4167262684388951,0.013021950662006072,0.6053835397269123,3.200267746881244e-06,random
0.47667236059387025,0.022865790037091792,0.15682502469940937,0.050925582382925744,0.029392137039904873,0.18666966762115222,0.07664943762564587,0.6053835397269123,3.200267746881244e-06,random
0.21110072107463898,0.11365551902380588,0.053648337570177514,0.20272300457962802,0.13229123103843834,0.24401801476286913,0.042563171950442145,0.605335224999081,3.207599059154382e-06,random
0.07723865352227578,0.21147418345695654,0.02517473364325266,0.009233259085273135,0.08087121398318385,0.34823526805601474,0.24777268825304335,0.6052385955434183,3.222308466477168e-06,random
0.13553046453038925,0.16072781673522538,0.06755719851983083,0.11592329838860152,0.1949640367083414,0.30475365602452703,0.02054352909308448,0.6051419660877555,3.237080454012433e-06,random
0.2400219628910119,0.22091524597978823,0.06697982926979235,0.042579163337337946,0.029031939810321615,0.3161101941883825,0.08436166452336549,0.6050936513599241,3.2444899917535208e-06,random
0.3065176443789223,0.038845459481739696,0.09453715033319374,0.009791157145880146,0.09102019063012946,0.17586703047948002,0.2834213675506546,0.6049970219042614,3.25935630844354e-06,random
0.3220891701444459,0.1953374856695374,0.08219501056648143,0.0006876853549109489,0.05284379883457365,0.2938810411004753,0.052965808329575356,0.6049970219042614,3.25935630844354e-06,random
0.32982607871345093,0.15785920379996302,0.08566132762375031,0.006147135459784524,0.09184862078888195,0.3021787446742124,0.026478888939956736,0.6049970219042614,3.25935630844354e-06,random
0.21343853406508162,0.10232663429734694,0.016596715860898097,0.005603044971482916,0.10938373164897694,0.27845608327159294,0.2741952558846205,0.6048520777207673,3.28177434790876e-06,random
0.11014943315474494,0.1423369081858222,0.03616071580695257,0.09204712123329627,0.20295077196215547,0.2873076624756191,0.12904738718140946,0.6047554482651046,3.2967991106507664e-06,random
0.19147254783309214,0.09608677825854472,0.2007022003577072,0.02839742955470864,0.1895886714261514,0.2669182713697391,0.026834101200056727,0.6047071335372732,3.304335405887609e-06,random
0.07826672348910318,0.20970449008701886,0.04345645973024401,0.027290927077161516,0.25608463072694276,0.37092320996988626,0.014273558919643199,0.6044655598981165,3.3422572659099794e-06,random
0.07729746484431403,0.08676272787585725,0.11228230894215939,0.2280169650603931,0.08450486731460136,0.1987138305914143,0.2124218353712605,0.6044172451702852,3.3498899334550343e-06,random
0.19616609330687293,0.09217573122353866,0.16714430090111712,0.11047900365087777,0.14999946170997905,0.18169817629454574,0.10233723291306872,0.6043689304424538,3.3575387726955526e-06,random
0.20406608213531977,0.11663595397159997,0.0025863191735052654,0.10996668834370729,0.09804918578830113,0.17903584892582367,0.289659921661743,0.6039340978919715,3.4271112637800145e-06,random
0.07683745504687879,0.009055066862275076,0.28104321197052856,0.25858072734184356,0.04130878332392707,0.2862324684131644,0.04694228704138261,0.6038857831641402,3.4349235602513543e-06,random
0.21781543683567559,0.0239917934834658,0.2098180416792447,0.015856507194048325,0.22356523020518235,0.20520820871799636,0.1037447818843869,0.603595894797152,3.482145404786393e-06,random
0.1300580601464066,0.14767173307588574,0.04601771273745908,0.1245426240888926,0.24156915172364943,0.277225621350854,0.032915096876852505,0.6035475800693206,3.4900740239838505e-06,random
0.19137080928813271,0.019597638955027488,0.14061014841505284,0.023313011050783514,0.2841507592410619,0.21684773697453516,0.12410989607540635,0.6035475800693206,3.4900740239838505e-06,random
0.2952716919920001,0.1416418030545303,0.05197950642090748,0.004650275417309908,0.15105079560813853,0.25837899581678525,0.0970269316903283,0.6034509506136579,3.505981535257126e-06,random
0.2557932013926952,0.014553391800349341,0.15196474449049616,0.000934965696699796,0.07330338524921241,0.15088458040071512,0.3525657309698319,0.6033060064301639,3.5299689725218106e-06,random
0.12254647075593993,0.0681679314407095,0.2080818898607585,0.1544485828555049,0.1455470857642177,0.20919011531454523,0.09201792400832427,0.6032093769745013,3.5460450919492993e-06,random
0.19573362754733342,0.0063454121928434035,0.11249408075194865,0.05610981163692329,0.24345874126157122,0.25681486543476634,0.12904346117461374,0.6032093769745013,3.5460450919492993e-06,random
0.17718076468187943,0.05224236062758752,0.13797599347139333,0.17133920676157985,0.1584582964573285,0.18780811142233672,0.11499526657789474,0.6031610622466698,3.5541085983578664e-06,random
0.35390811526209476,0.10874865514342999,0.19467575997489656,0.010177014043012144,0.04604249559020081,0.24156333914149658,0.04488462084486917,0.6031610622466698,3.5541085983578664e-06,random
0.24259567311905914,0.0865883232427452,0.24675320169611992,0.09330431030651477,0.08243667669049082,0.2001241070322479,0.048197707912822095,0.6030644327910072,3.5702866690060336e-06,random
0.26292820351673973,0.06240146072838665,0.19495026659265235,0.01764216194247727,0.08625563080440504,0.22536944365277653,0.15045283276256244,0.6029678033353445,3.5865330366913647e-06,random
0.13402304045191443,0.08077840040938694,0.06675481392828472,0.2159894546807749,0.2089248474067705,0.1927080590764694,0.10082138404639913,0.6029194886075131,3.5946819146134673e-06,random
0.24649253513871136,0.10169639781306897,0.15162647658096753,0.0707148993395978,0.18572278915867774,0.22306221103328738,0.020684690935689153,0.6028228591518503,3.6110312245052268e-06,random
0.37393381371223916,0.10421678294722687,0.06693915766943603,0.016048769180073953,0.10860245029512779,0.2498369876302741,0.0804220385656222,0.6027262296961876,3.627449494991077e-06,random
0.09522714495245758,0.03511225458167694,0.09120042200206692,0.16429069491983428,0.2283967396088679,0.3249122705646729,0.06086047337042357,0.6026779149683563,3.635684573874536e-06,random
0.177414574306579,0.10872016589050558,0.20532854925605784,0.025574236001565775,0.18152625484194432,0.26993995325045633,0.03149626645289127,0.6026779149683563,3.635684573874536e-06,random
0.1357183334481278,0.2009276628069676,0.10142539822510262,0.03284450353017864,0.11134014060782312,0.3026790148873728,0.11506494649442735,0.6026779149683563,3.635684573874536e-06,random
0.34739951209168873,0.1217436899869512,0.05055676410037718,0.021795196941743554,0.12600579091784306,0.2335955594002124,0.09890348656118392,0.6024846560570308,3.668798628650808e-06,random
0.1863777810492625,0.05682989100503277,0.18373807526465288,0.08966560607348187,0.09368126247014162,0.16784926573595618,0.22185811840147232,0.6024846560570308,3.668798628650808e-06,random
0.1101852840619986,0.04148034234655752,0.17662683943015323,0.23183803906271824,0.2054204756392237,0.17683604038034542,0.057612979079003264,0.6024363413291994,3.6771207452364925e-06,random
0.17588093352767592,0.06646737322805042,0.16302717918059276,0.04747058925011922,0.2882986204975957,0.2211042087455303,0.03775109557043574,0.6023880266013681,3.685460370417204e-06,random
0.16108277388924777,0.036086296419652275,0.18548695502819804,0.109265907006236,0.10940019639660001,0.15691848120750282,0.24175939005256314,0.6023397118735367,3.6938175380155528e-06,random
0.41811111649216504,0.2072458996124945,0.02973938628140065,0.00027500945539703946,0.019438114489450705,0.30492350334258,0.020266970326512136,0.6023397118735367,3.6938175380155528e-06,random
0.08730806563470771,0.03645343207883357,0.038981776589432394,0.11279896552713771,0.24284578797328515,0.32134104562732585,0.16027092656927747,0.6022913971457055,3.702192281913119e-06,random
0.051049877042257774,0.05435249712164627,0.021962510239419412,0.2822716035541501,0.12377758388213814,0.45271555457380924,0.013870373586579115,0.602243082417874,3.710584636050928e-06,random
0.2680551445453747,0.09481671951327172,0.25401574809655564,0.11830480767859423,0.0407175291411899,0.22332475419733555,0.0007652968276781167,0.6020015087787173,3.752811752434475e-06,random
0.10020377602154068,0.029021815893085123,0.3026369535337305,0.051637529683756324,0.15843279287034515,0.22327380247284048,0.13479332952470185,0.6020015087787173,3.752811752434475e-06,random
0.2601911013986929,0.1836206585158073,0.05948313783071649,0.03827423547069817,0.1329903149133795,0.2888033424954348,0.03663720937527084,0.6019531940508859,3.761310484102659e-06,random
0.09004015242881341,0.09413870769389203,0.13047354140120201,0.009488491095623526,0.3458800645571124,0.2660555783039642,0.06392346451939253,0.6019048793230545,3.7698270652643684e-06,random
0.08650660403275147,0.15482291418718855,0.034629907098871704,0.04072966685824669,0.10534817624978746,0.23999085179418814,0.33797187977896587,0.6019048793230545,3.7698270652643684e-06,random
0.2744252122909623,0.07783091771157172,0.09641634946633729,0.11711466516765084,0.09420060593329659,0.17182268779404128,0.16818956163613993,0.6016633056838977,3.812678920220818e-06,random
0.01921038138574875,0.029678111280890946,0.028831533060163957,0.026621116240170786,0.3524118750966186,0.4925455638604744,0.050701419075932605,0.6016633056838977,3.812678920220818e-06,random
0.05873966874836949,0.17486565514536062,0.1472766476226047,0.048541978875974466,0.18897815789728403,0.32067628562502637,0.060921606085380456,0.601566676228235,3.829945817933698e-06,random
0.05978367367026028,0.02854794430817711,0.1060730939140557,0.13796039124080567,0.14688352872278934,0.1553640932132847,0.3653872749306271,0.601566676228235,3.829945817933698e-06,random
0.15868808299975098,0.09200688328836788,0.14104710186006303,0.1388854364489034,0.17542483470330839,0.1906388560874231,0.10330880461218317,0.6015183615004036,3.838606439160822e-06,random
0.0874479925320442,0.014642656075520514,0.10198916418661162,0.05247446197563793,0.3437256019144657,0.341956450618043,0.05776367269767702,0.6014700467725723,3.847285221816987e-06,random
0.24035469420596023,0.11299058813286862,0.22735778703073922,0.10058306041528255,0.009797262051432793,0.22211756058862192,0.08679904757509452,0.6014700467725723,3.847285221816987e-06,random
0.13550154738814335,0.2013579844086539,0.011943940090337769,0.13155397291667906,0.157871907897786,0.2952934251294285,0.06647722216897145,0.6011318436777529,3.9085481649550345e-06,random
0.3394633020799935,0.0445794607830563,0.06846940835094967,0.10912894721744335,0.11519349726266798,0.3162586071835916,0.006906777122297862,0.6011318436777529,3.9085481649550345e-06,random
0.2466717520868689,0.053018183258387024,0.021244404912947473,0.0754622870173959,0.17172244276152626,0.4219567024951328,0.00992422746774168,0.6011318436777529,3.9085481649550345e-06,random
0.29689491025230513,0.16831234457944574,0.06321672144767021,0.09304798615920343,0.106613640927577,0.26009561123797953,0.011818785395819058,0.6011318436777529,3.9085481649550345e-06,random
0.37289512777569594,0.03787021427148232,0.19207594106431025,7.54532739602189e-05,0.07458403435418874,0.21801184925007933,0.10448738001028339,0.6010835289499213,3.917373502820435e-06,random
0.090298554844485,0.15961690742361848,0.029916796479807484,0.24559290765440933,0.07097747142017946,0.2444305108441924,0.15916685133330774,0.6009868994942587,3.935079648941803e-06,random
0.09946292917535346,0.06366017668401529,0.20652047339675383,0.043615334965478,0.27566281914716173,0.2537832166939627,0.057295049937274876,0.6009385847664274,3.943960528287902e-06,random
0.14352922550707717,0.04860913606455775,0.02702147742362107,0.11935302618168847,0.22737726574805753,0.35164016603702364,0.0824697030379743,0.6007936405829333,3.970714819308222e-06,random
0.24455020187754112,0.040140394588046684,0.05201990335640117,0.11927696647504077,0.1299342454522907,0.30192696057918433,0.11215132767149522,0.6006970111272706,3.988644415247791e-06,random
0.3298534868637732,0.07112927432226679,0.18093624814024276,0.02964895138261412,0.10312441514338769,0.2590800881961571,0.026227535951558315,0.6006970111272706,3.988644415247791e-06,random
0.14613357486758505,0.08341006641023734,0.0944003732356771,0.06463062139036173,0.07892680135172196,0.14753093865842862,0.38496762408598817,0.6006486963994392,3.997637341454367e-06,random
0.19221792031579688,0.05149751054110959,0.16327859485759408,0.000628774239518366,0.1746645317207635,0.1823902708547139,0.23532239747050357,0.6006486963994392,3.997637341454367e-06,random
0.25012557450556505,0.07034969329277177,0.1819264525680315,0.02698036021102912,0.09556304351849888,0.23159831680521617,0.1434565590988876,0.6006003816716078,4.006649067812739e-06,random
0.12524401864243884,0.13048659472682117,0.05428220758413351,0.20012843336716915,0.06399616346896765,0.2196283512798876,0.206234230930582,0.6006003816716078,4.006649067812739e-06,random
0.25625703770996566,0.04947724434163539,0.07125045453089666,0.04789410740813376,0.20535037121692487,0.3444247403365936,0.025346044455850106,0.6005520669437765,4.015679630396551e-06,random
0.30456527562713054,0.08511829679380031,0.06350991575461977,0.07205047026434608,0.13662394404197087,0.18852337391122906,0.1496087236069034,0.6005037522159451,4.024729065342128e-06,random
0.10861725525053158,0.08108225559584295,0.03251735242820573,0.25491685618042803,0.14321312670308783,0.3259222776889545,0.05373087615294926,0.6005037522159451,4.024729065342128e-06,random
0.16514138779485626,0.211167722383547,0.08598070536377642,0.07222429452202321,0.05463022516013835,0.31065045855685597,0.1002052062188029,0.6005037522159451,4.024729065342128e-06,random
0.3647341140427222,0.047714147594318496,0.17241835157629629,0.037581272625195686,0.04801000332025128,0.2200927876977882,0.10944932314342781,0.6004071227602824,4.042884697177293e-06,random
0.26268376861204906,0.13810686788900703,0.2142797282565533,0.014488608976491598,0.0667273335943175,0.29722934012281715,0.006484352548764384,0.6003104933046197,4.06111625366505e-06,random
0.12403692710276748,0.08593525011131901,0.1467044990977233,0.001065734525759406,0.1806558492063182,0.1661559698557339,0.2954457701003788,0.600213863848957,4.079424026160426e-06,random
0.1748217642045908,0.08611193806835896,0.13884693265942533,0.06400109288312592,0.2680145057401098,0.25278877235809166,0.015414994086297385,0.6001655491211255,4.088606584736037e-06,random
0.20794356379263468,0.09037238228040495,0.07215600240431033,0.04193897453793448,0.24546459451878866,0.22897005757616992,0.11315442488975705,0.6000689196654628,4.107029229747495e-06,random
0.32175504289993145,0.09491247076692134,0.09173010894981225,0.022562355441544033,0.0004711158392233259,0.21158502492778153,0.25698388117478604,0.6000206049376315,4.11626938965578e-06,random
0.4027144399455863,0.027743935698719614,0.08205952580297639,0.001979006664251041,0.06827492367826286,0.2945539463230953,0.12267422188710862,0.6000206049376315,4.11626938965578e-06,random
0.13777676569228767,0.11100732788361194,0.21494751480196295,0.022267456427716704,0.15194901383631806,0.30989487762325035,0.05215704373485239,0.599923975481969,4.134807568436271e-06,random
0.11866777092040037,0.09468902330847992,0.22688137767036412,0.04756148348479474,0.19351976822915892,0.22969302189809393,0.0889875544887079,0.5997307165706435,4.17211639716652e-06,random
0.09256988491253884,0.25563880265112476,0.06942967975363655,0.12082715018618201,0.04307771164217415,0.40977733736640143,0.008679433487942248,0.5997307165706435,4.17211639716652e-06,random
0.32605264033457004,0.13461233682647206,0.017724206022581155,0.014003632174879543,0.11716650665644411,0.2991611535076671,0.09127952447738602,0.5997307165706435,4.17211639716652e-06,random
0.10957166833901481,0.12480891022947871,0.1400402560033024,0.02321709435382057,0.14201555070769276,0.2825747855027793,0.17777173486391123,0.5996824018428121,4.18149225228062e-06,random
0.1990027826166185,0.014456928150332535,0.19540069046588013,0.2692369987012611,0.1309661751063949,0.14575299221135446,0.04518343274815834,0.599537457659318,4.209737168888957e-06,random
0.3829797978692077,0.03837647929361657,0.08480639791013488,0.06433394411224314,0.0861500633632649,0.34237253093461195,0.0009807865169209789,0.599537457659318,4.209737168888957e-06,random
0.24047446984309487,0.016227056408297472,0.03603916587500183,0.3201110902741932,0.028225072515011766,0.24693325978708686,0.11198988529731405,0.5994891429314867,4.219191382878936e-06,random
0.23228180715743552,0.023131277878407124,0.017691103232529787,0.16002619997857212,0.008395241943582096,0.22549225990309668,0.3329821099063766,0.5994891429314867,4.219191382878936e-06,random
0.2841834071334361,0.08129846987078618,0.1576707159703243,0.07011838944817385,0.14115045641065202,0.21684018744251254,0.04873837372411487,0.5994408282036553,4.22866528027362e-06,random
0.22599355143409627,0.062496591201583386,0.26098457257930047,0.02388009516262832,0.1968344343498901,0.2130260470511486,0.016784708221352883,0.599392513475824,4.238158898676767e-06,random
0.09649175300579124,0.050024702458851725,0.125255128720394,0.10106193429587203,0.14471457554075676,0.1684718899836154,0.3139800159947189,0.599392513475824,4.238158898676767e-06,random
0.2046446309732979,0.09473076618104563,0.20647694038750178,0.1338301153411788,0.06799338805946416,0.20409095212196196,0.08823320693554983,0.599392513475824,4.238158898676767e-06,random
0.31915437695619014,0.07661634333843789,0.06241765391315195,0.018692628271008455,0.16257368331504507,0.3094265593950141,0.051118754811152384,0.5993441987479926,4.247672275757358e-06,random
0.2034857099354205,0.004012439961036043,0.12307126248735487,0.045464914369125684,0.18538259322013245,0.15515034766896044,0.2834327323579701,0.5992958840201612,4.257205449249389e-06,random
0.10340260316694092,0.03788149533297046,0.20022814624876994,0.2640933743829704,0.18314015329012118,0.17985725725207338,0.03139697032615363,0.5992958840201612,4.257205449249389e-06,random
0.20549705460419054,0.013093364171045226,0.20966467393290367,0.09076191059861029,0.14995208368985058,0.18676195968272105,0.14426895332067854,0.5991992545644985,4.276331336729646e-06,random
0.2258796640528017,0.09364617540455689,0.0951873225271264,0.11717618013604972,0.03227313104766163,0.19772579369192209,0.23811173313988163,0.5991992545644985,4.276331336729646e-06,random
0.3870059345046324,0.05352237883644525,0.0907668803312546,0.062226208585414215,0.06252506206502871,0.1974944904540193,0.14645904522320546,0.5991026251088358,4.295536864295029e-06,random
0.11817550760889242,0.17800534238769974,0.0881998024763291,0.05855169852607726,0.1858046121493581,0.31498551139607334,0.05627752545557014,0.599005995653173,4.31482233617079e-06,random
0.2839939384288883,0.00039231075054368974,0.10966488857884167,0.35023052283970674,0.07233536930828507,0.15265710935402974,0.03072586073970497,0.599005995653173,4.31482233617079e-06,random
0.05951817419070704,0.17902617939643342,0.03758615924005308,0.009523607505753852,0.2818155550156007,0.31419963760549174,0.11833068704596016,0.5987644220140164,4.363387778189141e-06,random
0.1323141138237653,0.03055415466917074,0.17601229602789012,0.00911029586539537,0.262922067674043,0.17769746000228823,0.2113896119374471,0.5986194778305222,4.392769788137145e-06,random
0.273611708477621,0.06153055877537709,0.06288521133252949,0.049486443913940754,0.1819736946358936,0.3031255912575326,0.0673867916071054,0.5986194778305222,4.392769788137145e-06,random
0.15449002753997004,0.022384186325468788,0.40236346171785325,0.10205577510068686,0.04618165067441504,0.2555910069348672,0.016933891706738792,0.5986194778305222,4.392769788137145e-06,random
0.2784824465401636,0.08089284809868427,0.2635008367425253,0.09994539670464185,0.04996028516313965,0.19903825788059154,0.02817992887025379,0.5985228483748595,4.412459581843024e-06,random
0.06894283592068944,0.04529382558011791,0.20792819476007557,0.07748082418437732,0.3339935413839043,0.2394138922766641,0.026946885894171397,0.5984262189191968,4.432231167395577e-06,random
0.11273546217639645,0.07158617176164793,0.15051025154316242,0.3656589442745582,0.03989788133422782,0.20760483874820404,0.05200645016180294,0.5984262189191968,4.432231167395577e-06,random
0.2580198295837096,0.042427696668714154,0.05500703886351883,0.1655470763301239,0.07567367761336447,0.16193719335162007,0.2413874875889491,0.5982329600078713,4.472020961715868e-06,random
0.038237610413085536,0.07658045143581108,0.23591284242428098,0.004520221952794773,0.03774824250860733,0.34975114363056764,0.2572494876348528,0.5982329600078713,4.472020961715868e-06,random
0.2488111428056696,0.156946819703945,0.11386245916490456,0.01691930112613197,0.12470813797147068,0.27276080254512436,0.06599133668275378,0.5980880158243772,4.502080336771532e-06,random
0.21968762839060496,0.1296153942297993,0.008464123792123739,0.08021301877874161,0.11276643187524052,0.29662030153113883,0.15263310140235098,0.5979913863687145,4.522223857838574e-06,random
0.1906403191884157,0.1300820006759646,0.04843377811379076,0.007803062585518642,0.2635397159559699,0.3162694408383911,0.043231682641949175,0.5979430716408832,4.532326918269679e-06,random
0.08000693778747892,0.048236243609625695,0.05658276947384766,0.395700981516237,0.07231679024147607,0.19541808657267482,0.15173819079866,0.5978947569130518,4.5424508981637904e-06,random
0.10081693338818282,0.1606749129271978,0.01678456497858165,0.18823533633816172,0.04087029550084255,0.2293393137128874,0.2632786431541459,0.5978464421852205,4.552595837254485e-06,random
0.1408193794612863,0.13944905443396463,0.04132315337238296,0.0516414580057226,0.297312524555231,0.24176014740806478,0.08769428276334777,0.597798127457389,4.562761775343661e-06,random
0.14342672110173504,0.15950334220254456,0.03303185752564223,0.034583226086580814,0.22491484505997994,0.2276938932066109,0.17684611481690646,0.597653183273895,4.593385982645751e-06,random
0.2884658489790809,0.17453611315594197,0.06154652710788788,0.005068902057680225,0.009255638699359523,0.27231418185384837,0.18881278814620114,0.5976048685460637,4.60363631611542e-06,random
0.28258418243760475,0.02106943371229257,0.023224049641591193,0.0026162164091200605,0.08015936288292445,0.3545359000320268,0.2358108548844403,0.5975565538182324,4.613907848619891e-06,random
0.39630196887716024,0.03989279683448971,0.15881107761533014,0.0005751323024654866,0.15862253729620404,0.24060847068644217,0.005188016387908146,0.597508239090401,4.624200620372663e-06,random
0.22910273438858397,0.13751923893632767,0.22986776974581918,0.03049131201798459,0.06345659589853778,0.2677135706604396,0.04184877835230702,0.5973149801790755,4.66558490655179e-06,random
0.22080963691041622,0.17623981457650606,0.04674766369076966,0.11588791849739846,0.09392718034224735,0.24820474312082952,0.09818304286183287,0.5971217212677501,4.707312255755609e-06,random
0.4521340407439564,0.024730943418024037,0.19505304812636745,0.04741608665243147,0.09092738125474494,0.17952448555180503,0.010214014252670354,0.5970734065399187,4.717798001762763e-06,random
0.13878080630712822,0.010941642804360484,0.35677252610762783,0.054267905562832355,0.11362425283664217,0.19949743398945075,0.1261154323919583,0.596976777084256,4.7388344703351194e-06,random
0.012305227138496086,0.08411850677509358,0.277193696408157,0.06739032250035101,0.00804034204815661,0.5046566837199457,0.04629522140979995,0.5969284623564246,4.749385274926263e-06,random
0.2938773390141802,0.12492242310323888,0.1708526785908454,0.10061013940619218,0.06489278409648844,0.22465014973533637,0.020194486053718676,0.5968801476285932,4.759957847854877e-06,random
0.07278010883234302,0.15448148883975543,0.04728283354360451,0.11929219832381921,0.17859927414687793,0.24513729151657052,0.1824268047970295,0.5967835181729305,4.781168463549468e-06,random
0.2096430727060853,0.08302011165987086,0.11364882791908051,0.09953622239004592,0.09769576331018139,0.12230733256085574,0.27414866945388017,0.5967352034450993,4.791806588904038e-06,random
0.1531800155967757,0.06691841497852982,0.016832946485064018,0.22385916918162843,0.06360261906725234,0.2496714059919326,0.22593542869881708,0.5967352034450993,4.791806588904038e-06,random
0.27768238860456884,0.12208512332673278,0.10712496263328666,0.051918133934841,0.016017544733823913,0.22956723206040208,0.19560461470634466,0.5966385739894364,4.813148681629169e-06,random
0.1871298153407275,0.18409408718320747,0.07596811365632027,0.12837868944991487,0.0388253835328,0.25304293606943107,0.1325609747675988,0.5965902592616052,4.823852732012458e-06,random
0.2409746485431082,0.13280155621382791,0.08087318780718997,0.023419007036046838,0.18787643369140458,0.2183150650979144,0.11574010161050813,0.5965419445337738,4.8345788405365265e-06,random
0.14981139307585284,0.16189005222640648,0.14601813594353244,0.016259849919766232,0.08433826609799806,0.2963819376448954,0.14530036509154848,0.5965419445337738,4.8345788405365265e-06,random
0.13950210976814278,0.06334710501411386,0.1527094896943339,0.030310017578353027,0.2635025752422856,0.17149190225320796,0.17913680044956296,0.5964453150781112,4.856097398813651e-06,random
0.24051492745148573,0.1466047199401888,0.08331285428555561,0.00023235333973453863,0.11658971660496442,0.2714137076601886,0.14133172071788244,0.5963003708946171,4.888541716699315e-06,random
0.041360483360880676,0.1085776091371555,0.010294116949310803,0.050369350133883765,0.17325387666221864,0.24162525930705822,0.37451930444949244,0.5962520561667857,4.899401051925973e-06,random
0.25678224488584483,0.10125840124438841,0.1818849595335781,0.007485394179788054,0.16713296250872137,0.20436123530056133,0.08109480234711768,0.5962037414389544,4.910282738579743e-06,random
0.36123748420597407,0.07959552640354123,0.07748341580252067,0.12732245305297046,0.08912149569041133,0.1865424025940419,0.07869722225054039,0.5961071119832917,4.9321133349790575e-06,random
0.1333531069249663,0.11834072132638258,0.018664834467411243,0.387979195473527,0.04864717145755572,0.24311573490667224,0.04989923544348475,0.5960104825276289,4.954033844237994e-06,random
0.09504749097471477,0.06892088498147383,0.19977421860436165,0.2307791498531327,0.09970090777905868,0.22864007237898282,0.07713727542827567,0.5959621677997975,4.965027922236827e-06,random
0.2585765838947719,0.09736562536842627,0.04444441263196715,0.02592486285283946,0.18378206019787158,0.26084066511781456,0.12906578993630913,0.5957689088884721,5.0092307169345055e-06,random
0.21069559250035177,0.053761127191787245,0.15589648540254764,0.1542943970946148,0.11304456976868023,0.17318051060405312,0.13912731743796516,0.5957205941606407,5.0203382499190606e-06,random
0.29436478355684487,0.11425384450315017,0.10694641641895854,0.07263193881297955,0.12592562303420213,0.2227249321208521,0.06315246155301292,0.5957205941606407,5.0203382499190606e-06,random
0.09964221437324111,0.11760509007930199,0.13438821764286002,0.010351499219748811,0.10347652754678802,0.2565023421475565,0.2780341089905036,0.5956722794328094,5.031468602336226e-06,random
0.24539323199072288,0.051596213650948644,0.19930488464402815,0.09189746414733084,0.05914777574537149,0.1600079703933289,0.1926524594282691,0.595623964704978,5.042621817168114e-06,random
0.16306300398583584,0.05895927233167841,0.07480586101920474,0.03797745426417688,0.2997586784005081,0.36041145388619567,0.005024276112400219,0.595623964704978,5.042621817168114e-06,random
0.09273215864706491,0.0689489527271013,0.2906919620737064,0.1607942067710375,0.02046577522040415,0.27570076970622304,0.09066617485446267,0.5955273352493153,5.064997006369839e-06,random
0.20941093257056728,0.019508715905573095,0.24473915322218587,0.10796364645907515,0.08483122023858723,0.16436485191483774,0.1691814796891738,0.5954307057936525,5.087464162845356e-06,random
0.08727111272509391,0.20717429485662978,0.13604336131898834,0.03794448574604156,0.09262048294610005,0.38364980002040144,0.05529646238674486,0.5954307057936525,5.087464162845356e-06,random
0.2839170576563639,0.03425934962627003,0.12402827429790843,0.05164021848674505,0.08083894242406703,0.1437656913888784,0.28155046611976714,0.5953823910658212,5.0987323370449816e-06,random
0.45219237440282045,0.16094262189788264,0.009331627381417944,0.05876043459454849,0.0068738530956902015,0.23697287692270338,0.07492621170493705,0.5953823910658212,5.0987323370449816e-06,random
0.11936083851758825,0.1739741822961389,0.09144826979375227,0.025486432953891004,0.09063261099648319,0.25346461842789886,0.24563304701424757,0.594947558515339,5.201191623067519e-06,random
0.22696023816753985,0.050021322865826515,0.1185805848415318,0.27152503556269386,0.013242339002100489,0.1464712526696763,0.17319922689063125,0.5948026143318449,5.235766424459486e-06,random
0.45834637248945664,0.06383556843967188,0.1465549496652024,0.02364523239693194,0.010773228074988771,0.1933451160298054,0.10349953290394294,0.5947059848761822,5.258934461855093e-06,random
0.20469442249861394,0.049973832299409215,0.039372626754003506,0.05542069137894607,0.16220983496825297,0.24815493695302604,0.24017365514774838,0.5946576701483509,5.2705540646659045e-06,random
0.25521941883627275,0.09197018262751702,0.18015642296586803,0.01838681642393904,0.2337253318825749,0.1835655165506384,0.0369763107131899,0.5945127259648567,5.305555744275055e-06,random
0.03365708415394566,0.1608681482022746,0.07666512201141977,0.13053324319450033,0.2145204106060231,0.28532763818699464,0.09842835364484193,0.5943194670535313,5.352559687146475e-06,random
0.3457139988129528,0.11310286451741725,0.09074852430076906,0.0030118057346522785,0.17615909136693822,0.23633311952804498,0.03493059573922552,0.5940778934143746,5.411857117289749e-06,random
0.2338200693214121,0.06004915517978302,0.038956019671057676,0.11494563038443148,0.20646796274476306,0.34232339021475744,0.003437772483795471,0.5940295786865432,5.423789389301921e-06,random
0.2866493143046891,0.033742401263567846,0.0509471693628852,0.02051209145477537,0.14898187881365207,0.3356053735926374,0.12356177120779313,0.5939329492308805,5.447727083103277e-06,random
0.19029540460437547,0.20485168953577262,0.051346661963132444,0.07156196124262248,0.10749325705590193,0.29052245001522337,0.08392857558297172,0.5939329492308805,5.447727083103277e-06,random
0.08673532577477462,0.15121859725840375,0.15899101890399156,0.0227671544993231,0.13234083384692083,0.2775461037033258,0.1704009660132604,0.5938363197752178,5.47176261438458e-06,random
0.27302043366381445,0.03861712114016491,0.04086676300558705,0.002777499758395356,0.24077204018329754,0.36132175034091973,0.042624391907820976,0.5938363197752178,5.47176261438458e-06,random
0.0410629720985544,0.062257698944034504,0.038136549558764714,0.03659932065130073,0.3553766318653805,0.396040552266893,0.07052627461507212,0.5937880050473864,5.483817183536049e-06,random
0.17701407275099906,0.18209367563579162,0.03702267489260097,0.02751742353525999,0.038273031890808086,0.2443051001223391,0.2937740211722012,0.5936913755917237,5.50800015844974e-06,random
0.057051214157656245,0.14784319307284527,0.12647917036929926,0.018577459550723836,0.13867458584241876,0.27051323126430515,0.24086114574275147,0.5936430608638923,5.520128656280301e-06,random
0.27564356275215346,0.13667854648152675,0.1556762537422334,0.02032405439828633,0.09692247869259438,0.27540376623419205,0.039351337699013667,0.5936430608638923,5.520128656280301e-06,random
0.15393501693029282,0.1568178647389842,0.018207676683418748,0.013177463399941768,0.17295968353177482,0.1828788726496193,0.3020234220659684,0.5935464314082297,5.5444599034425586e-06,random
0.10957798538159798,0.19790136346978787,0.12396440509997227,0.009249387521406152,0.09421912006723678,0.3285954069253359,0.13649233153466295,0.5933048577690729,5.605723317911281e-06,random
0.29711725008617385,0.10654635145055096,0.13240458208659991,0.10148567113092287,0.08926340008251223,0.19536861508663494,0.07781413007660526,0.5932082283134101,5.630403779696694e-06,random
0.2513735048968343,0.2228826803724121,0.10582521406093928,0.004355503672308527,0.0014681815291914169,0.3646123455778051,0.04948256989050927,0.5931599135855788,5.642781718112021e-06,random
0.21204448618653643,0.042737500274230476,0.20957031729727946,0.2699081036163342,0.08427243300719593,0.17999484455174536,0.001472315066678178,0.5931115988577474,5.655184857429523e-06,random
0.16142242026927,0.038173242078849826,0.32776254435507074,0.024817759697844936,0.03421046666233835,0.2207931113516016,0.19282045558502464,0.5931115988577474,5.655184857429523e-06,random
0.3160635113116413,0.08079666559159893,0.1571720034570324,0.007824652361323244,0.17899531179826705,0.18985711617568185,0.06929073930445516,0.593063284129916,5.667613244663183e-06,random
0.2913999286025074,0.13147814333006497,0.16359543897719328,0.12727038443405483,0.07110273794362697,0.21403506398727237,0.0011183027252801617,0.5928217104907594,5.730135550614833e-06,random
0.1544115960088795,0.005820317916390899,0.20580879411940114,0.046446036780254885,0.20148671704371493,0.14037402638014682,0.2456525117512119,0.5926767663072652,5.767954935384298e-06,random
0.17522053116803363,0.1347143452558313,0.0983207457284232,0.020711146837727585,0.18279462060346238,0.20662705629932285,0.18161155410719892,0.5926284515794339,5.7806126825994116e-06,random
0.0822666701707654,0.02277705497281728,0.22936109228224552,0.10723574068300998,0.26911486232978016,0.20170656063175024,0.08753801892963145,0.5925801368516025,5.793296152245644e-06,random
0.20985225699848492,0.03723400468299403,0.07176172532968697,0.10315654938479342,0.1731948833801364,0.2568697349169065,0.14793084530699777,0.5925801368516025,5.793296152245644e-06,random
0.17141730271580968,0.013144863568038413,0.11523481570437596,0.28222753528301175,0.11315282382680039,0.14952494047929937,0.15529771842266443,0.5925318221237712,5.806005392214508e-06,random
0.26657204304544735,0.09675354768579338,0.12989744166355213,0.051626856001933015,0.04996116335096449,0.18968047918534395,0.21550846906696566,0.5924351926681084,5.831501375088938e-06,random
0.24799981555982845,0.10809401594858334,0.11654380657849708,0.07735686034720335,0.11336045945215842,0.14546975790378294,0.1911752842099463,0.5922902484846143,5.8699398287433285e-06,random
0.14565157313444338,0.12793020137544897,0.0450072263601088,0.019416582958446473,0.1202437683978785,0.14298466753741818,0.39876598023625576,0.5922902484846143,5.8699398287433285e-06,random
0.07081737683538163,0.017049718659708186,0.14095875079030282,0.08949808374775907,0.33568703311669723,0.2541845638249843,0.09180447302516682,0.5921936190289516,5.895695680852596e-06,random
0.1920897915388689,0.20225258435049415,0.07167812470239057,0.09444656948042567,0.03129968841674433,0.2787805688642827,0.1294526726467937,0.5921936190289516,5.895695680852596e-06,random
0.11655194557340601,0.26111320863253684,0.06833596939176488,0.04806562190254002,0.11205591208216718,0.3857492491094404,0.008128093308144685,0.5920003601176262,5.947521650954201e-06,random
0.16343784567485584,0.04367800699163985,0.0360412701412742,0.19140633784459293,0.066098695725764,0.18238555285017385,0.31695229077169923,0.5919037306619634,5.9735925488300715e-06,random
0.2644417413147025,0.1561500257045438,0.06360122863716323,0.007640485148510022,0.28236530178474,0.2191600189874057,0.006641198422934623,0.591855415934132,5.9866676472180016e-06,random
0.20100599161223615,0.10638338234461919,0.02360984404689224,0.0347533520736728,0.22969510218279146,0.31976021837930124,0.08479210936048683,0.5918071012063008,5.999769244027081e-06,random
0.06398590166951565,0.04683194469433808,0.01611842013586915,0.22968447291625907,0.18754994553017273,0.33578472553826366,0.12004458951558164,0.5918071012063008,5.999769244027081e-06,random
0.19833424500059899,0.05692768043332016,0.15675648114076238,0.06910018047701273,0.27339843805543396,0.19311813703470837,0.05236483785816347,0.5917104717506381,6.026052129766176e-06,random
0.2431362627873148,0.26277978198905183,0.01482658039100274,0.002985259395232689,0.1054368504403678,0.32968216184788535,0.04115310314914486,0.5916138422949753,6.052441600586748e-06,random
0.03146498418067683,0.12685578056625876,0.09663763314234429,0.1924510193807588,0.04062067493448855,0.29020641307538325,0.22176349472008963,0.5916138422949753,6.052441600586748e-06,random
0.1597690854938119,0.027288653907571046,0.21373789625959366,0.11717278321062836,0.24886466037625182,0.19605748322626912,0.037109437525874096,0.5915172128393126,6.078938052350702e-06,random
0.2377304151276497,0.05119207941268096,0.08355617030679281,0.09792713382095479,0.03957373239367834,0.10806657478311887,0.3819538941551246,0.5914688981114813,6.09222652015592e-06,random
0.17581476501883342,0.09786568973292101,0.15448501924333546,0.1870458404523225,0.1526207040480577,0.18338144300968082,0.048786538494849166,0.5914205833836499,6.105541882246494e-06,random
0.23904361444849387,0.13800176427723246,0.15456856477313302,0.05732895663549713,0.21419916512834117,0.18343091249927487,0.013427022238027332,0.5914205833836499,6.105541882246494e-06,random
0.20046375662312385,0.059433235108714094,0.1752677245310648,0.2212108505056852,0.07137991748158265,0.16475623911079343,0.10748827663903589,0.5913722686558185,6.118884188478818e-06,random
0.26348139015988103,0.06759755794610392,0.13317015041352886,0.02615928590048634,0.07782257072420128,0.13165091844441382,0.30011812641138474,0.5912273244723244,6.159073271842474e-06,random
0.2138443333402863,0.16590256372304485,0.19781720224626015,0.006380745004205262,0.09884582561261765,0.314595578350461,0.002613751723124774,0.5910823802888304,6.199506655333626e-06,random
0.2592128467641345,0.15171282128389293,0.02767909699284454,0.08134160110787035,0.10624141541292445,0.1986528103189974,0.1751594081193358,0.5910823802888304,6.199506655333626e-06,random
0.30734180026359587,0.14071096344713202,0.06083377915969942,0.06299032131721183,0.17776991778333848,0.23161817635243412,0.0187350416765883,0.591034065560999,6.213038973559226e-06,random
0.25800443607617196,0.06419183941918044,0.12369474987020615,0.14030385570942544,0.04639351035444356,0.13661441873946026,0.23079718983111217,0.5909374361053362,6.240185698639111e-06,random
0.27383338725984374,0.10759761572260453,0.10800479133701721,0.05081828195943275,0.1546246993763275,0.17917590995051216,0.12594531439426201,0.5908408066496735,6.267442213055996e-06,random
0.09816522061890103,0.00816551509482384,0.28587356243307627,0.09971159181798239,0.2836390870933355,0.2200671841599447,0.00437783878193615,0.5908408066496735,6.267442213055996e-06,random
0.31134370429965796,0.04570239650345762,0.1347894537995038,0.05689543542251303,0.18732068884024397,0.16611896609831314,0.09782935503631048,0.5907924919218422,6.281111768270168e-06,random
0.31192518772807126,0.12306385090329501,0.008892507078585115,0.12321119550738294,0.093147899488242,0.19383345440764801,0.14592590488677568,0.5907441771940108,6.294808923393489e-06,random
0.2874349903832684,0.06544388219530119,0.042493720473790894,0.09031926017882413,0.16330807502584044,0.2715165672458312,0.0794835044971436,0.5907441771940108,6.294808923393489e-06,random
0.2888641870465101,0.03931475310674683,0.0557233989711889,0.03191981053465291,0.08999321852110362,0.13411637612695068,0.3600682556928469,0.5906958624661794,6.308533729461159e-06,random
0.03284814797052152,0.12861723648469553,0.0052276200535347934,0.07991828405864257,0.3017784766834182,0.4225075281702528,0.029102706578934684,0.5905509182826855,6.349874564959161e-06,random
0.2841246244714688,0.05949962937797718,0.17457823531747388,0.025072826230957346,0.13938030831370216,0.16392550973754805,0.15341886655087247,0.5905509182826855,6.349874564959161e-06,random
0.06292538960303388,0.08612635940431174,0.20252056131504573,0.21424796640127414,0.02212306220695034,0.2655317556943845,0.14652490537499965,0.5905026035548541,6.363710486860191e-06,random
0.386497780655874,0.04707285890026644,0.1468937117693596,0.038485238702022515,0.194189557745816,0.18666514889356148,0.0001957033330999432,0.5905026035548541,6.363710486860191e-06,random
0.31934077643551495,0.0597836307651613,0.3506380063850622,0.027477070032930265,0.014004997856481426,0.17399681609752718,0.05475870242732253,0.5905026035548541,6.363710486860191e-06,random
0.11983354279421665,0.128401459913496,0.19281113722089216,0.0012599029967386977,0.2849831693414635,0.25090341769026553,0.02180737004292736,0.5904542888270227,6.377574316160806e-06,random
0.32573919851056127,0.1263263925565217,0.16403329596293434,0.0887307142954451,0.054314431665241934,0.18949999847004512,0.051355968539250556,0.5904059740991913,6.391466104408944e-06,random
0.18671638286013645,0.13094560438219974,0.07535208223308545,0.11941527984322822,0.05196185472398491,0.1514473263276705,0.2841614696296948,0.590212715187866,6.447313880840704e-06,random
0.2627979816040541,0.08691614914285306,0.0744577796298427,0.03368705892678098,0.13936898477143453,0.17842369221222118,0.22434835371281361,0.590212715187866,6.447313880840704e-06,random
0.014298339710928748,0.04010619591591166,0.38045945191611413,0.024257479889175374,0.018810390011870046,0.5166688130438477,0.00539932951215239,0.5901644004600347,6.461346240053631e-06,random
0.25987665017976025,0.13500608388749666,0.05434363667438768,0.22319679524235156,0.042665707607189324,0.21793010057943776,0.06698102582937676,0.5901160857322033,6.475406869309007e-06,random
0.22038491256499781,0.14278304543181183,0.13799910772982948,0.0008310229754520588,0.23930578604047867,0.19254023594396472,0.06615588931346535,0.5900677710043719,6.4894958207583824e-06,random
0.06859356389126799,0.07412650011489622,0.050940234517411496,0.30719585560394075,0.04706043647690399,0.16179843994206083,0.29028496945351856,0.5900194562765405,6.5036131466401925e-06,random
0.2986214151828161,0.10814292271222445,0.19091366471826546,0.026349267854884884,0.06248275506828685,0.15504815658154864,0.1584418178819736,0.5898745120930465,6.5461358945684886e-06,random
0.22050609455657144,0.26925239130161227,0.0871355014959222,0.004447642142991429,0.04170070769116064,0.3406102540997522,0.03634740871198981,0.5898745120930465,6.5461358945684886e-06,random
0.3335794137625576,0.1369825886294366,0.1889628703470017,0.052675569814904386,0.027147960461552354,0.21335378907955704,0.0472978079049902,0.5898261973652151,6.560367242304028e-06,random
0.2570492707219147,0.07384554831168168,0.036400468041878,0.06104001047475535,0.12865097124340263,0.1887157598831606,0.254297971323207,0.5897778826373837,6.574627226970048e-06,random
0.24327752275269562,0.07173616973970802,0.1984953451447255,0.08571446508190962,0.18886900459624928,0.15569577958090375,0.05621171310380825,0.589536308998227,6.646358553988471e-06,random
0.1124263574020302,0.20555220400076998,0.061319031363017036,0.0952843153689394,0.06700864302600516,0.27203979229531483,0.18636965654392335,0.5893913648147329,6.689744383642816e-06,random
0.1429597654899938,0.17585126220986572,0.13987892954756656,0.013816783995543936,0.14739409045934712,0.278467932410483,0.1016312358871998,0.5893430500869016,6.7042644855065995e-06,random
0.26396019136469706,0.09802903467177944,0.051467561298665504,0.12360640375277065,0.18375346291689854,0.1933742098750367,0.08580913612015204,0.5893430500869016,6.7042644855065995e-06,random
0.35788498435662736,0.08988190893694689,0.14924017124682304,0.07556272007685301,0.07350962952924914,0.21552687163152803,0.038393714221972686,0.5891497911755761,6.7626371149257986e-06,random
0.17191865734859926,0.13130927472686968,0.015343255136445313,0.09359778502350014,0.2300764552204614,0.21361548630527497,0.14413908623884936,0.5890531617199134,6.791999516013179e-06,random
0.0638578339874768,0.13412332691382906,0.1862666273713851,0.007729467535124011,0.33788639427709816,0.2694608469959586,0.0006755029191282515,0.5889082175364193,6.836264441138239e-06,random
0.2984799611508792,0.05918925613273201,0.18397960154344264,0.020591291055123185,0.10667168424726554,0.17084126758987309,0.16024693828068437,0.5889082175364193,6.836264441138239e-06,random
0.273824190221339,0.1888859172219199,0.017495189971285637,0.015786715995991702,0.24763640071389814,0.2384396274032507,0.017931958472314716,0.5888599028085879,6.851078652766805e-06,random
0.08354543215604325,0.08787453769703447,0.2470918863062091,0.07032519750353639,0.09637165370709988,0.28880260762895776,0.1259886850011191,0.5888599028085879,6.851078652766805e-06,random
0.39029757797359105,0.11935872064727701,0.09199723313385046,0.1258977064362848,0.0624219719610539,0.19279495272915081,0.017231837118792004,0.5888115880807566,6.865922573362861e-06,random
0.20438580841433965,0.14130751296216948,0.012280153437154013,0.126240204433944,0.19372493776964994,0.20930098752805523,0.11276039545468776,0.5888115880807566,6.865922573362861e-06,random
0.34765456161736535,0.05742671931511984,0.26871542863430314,0.011327334196841815,0.11150882618315604,0.14206918948221658,0.06129794057099716,0.5887149586250939,6.895699759705567e-06,random
0.21112146558350517,0.12458792367048407,0.04429888922588295,0.25373865728181144,0.1341658286830268,0.21393209139746228,0.018155144157827163,0.5885700144415997,6.940589722899317e-06,random
0.20613961194981043,0.13686699418356227,0.03368125258663065,0.23956614097958437,0.14929198007324734,0.20174539419114387,0.03270862603602106,0.5885216997137684,6.9556130457933655e-06,random
0.32631227199619606,0.02731100782202343,0.04466443318779748,0.2581069492182796,0.05762431926567035,0.2849708732879687,0.0010101452220643407,0.588473384985937,6.970666461331413e-06,random
0.011230971477088122,0.02632022982518671,0.1305979786203657,0.04141124938654873,0.36939153272616504,0.30485760560333325,0.11619043236131227,0.5884250702581058,6.985750024687628e-06,random
0.2686008464234942,0.029336530789004365,0.016354578018771163,0.016576122002172358,0.20387801757375634,0.36755788092481323,0.09769602426798828,0.5883767555302744,7.0008637911272055e-06,random
0.14951992746932882,0.16106410269427643,0.11019714508750032,0.048362677055760694,0.19626305531816257,0.18870490646688062,0.14588818590809063,0.5883767555302744,7.0008637911272055e-06,random
0.2230901917483727,0.07617025268734576,0.017016658771548746,0.04800395988087108,0.06326709309621543,0.10990558635349135,0.4625462574621547,0.588328440802443,7.016007816006862e-06,random
0.22516670184886747,0.18814082637823537,0.06195486398743549,0.06633781849842015,0.19927878555175757,0.2342112076581275,0.024909796077156467,0.588328440802443,7.016007816006862e-06,random
0.3202025712778706,0.03244293327793807,0.2602769102254637,0.15791671985751923,0.05354354618446037,0.15549815772129755,0.020119161455450556,0.588328440802443,7.016007816006862e-06,random
0.38475351193639623,0.07357287782432331,0.06030801726688822,0.09236632613966994,0.11710211565210855,0.17276187140563362,0.09913527977498009,0.5882801260746117,7.031182154774514e-06,random
0.2097550502645089,0.026103948399852226,0.14488356962831306,0.1622771983815574,0.08891374808325754,0.11098624860412357,0.2570802366383873,0.5881834966189489,7.061621996224114e-06,random
0.28790181776218254,0.10456012735308565,0.06801888744517472,0.024378897752483038,0.24411023158632233,0.17313665271375392,0.0978933853869978,0.5881834966189489,7.061621996224114e-06,random
0.08249998918103878,0.08479453082132891,0.03071865141542308,0.0857996387226177,0.009045835579841965,0.11654305218094045,0.590598302098809,0.5881351818911176,7.076887610260507e-06,random
0.2707431965302199,0.10856641964948223,0.03212893930132692,0.03459241001420765,0.18991749502659785,0.24848887045771956,0.1155626690204458,0.5881351818911176,7.076887610260507e-06,random
0.22975060685377027,0.1965275577646064,0.1257910623744951,0.059691781785484115,0.12431914400972977,0.2509488120161536,0.01297103519576064,0.5879902377076235,7.122867895675102e-06,random
0.0987938610394235,0.0340710727338651,0.042366083804902414,0.25454435215238796,0.09358688063304037,0.17144953765412319,0.3051882119822574,0.5878452935241294,7.1691245230091715e-06,random
0.2497603458246743,0.07060764510409401,0.1662818925931524,0.1412936922624588,0.17616430545963913,0.18114313803627674,0.014748980719704548,0.5878452935241294,7.1691245230091715e-06,random
0.24715231952016212,0.13681865366602095,0.04437354836744095,0.009481696183627153,0.2924695551769525,0.2602840098175059,0.009420217268290374,0.5877969787962981,7.184605070513133e-06,random
0.10397485193510222,0.125125191444372,0.17911761431872875,0.023989928714780694,0.1625409262287065,0.22702921855169986,0.17822226880660993,0.5877003493406353,7.215659011747526e-06,random
0.0644577160941062,0.034253223543883125,0.2812479866556661,0.07419993522129184,0.29746853122056305,0.19470327506657442,0.0536693321979151,0.5876520346128039,7.231232518682852e-06,random
0.05192149312107045,0.10073151861063331,0.07828837827664806,0.24533308191005557,0.10467396985980149,0.18055456396427175,0.23849699425751927,0.5875554051571412,7.262472888901566e-06,random
0.19301604179804355,0.0871209614768778,0.2744927926759386,0.030369790115322558,0.12982646621776658,0.1696471414541077,0.11552680626194316,0.5875554051571412,7.262472888901566e-06,random
0.3185615532604594,0.1934381207000459,0.040298488844676496,0.014011316233505938,0.0825132283931531,0.25356003631943597,0.09761725624872325,0.5875070904293099,7.278139865950184e-06,random
0.3091174271536144,0.1683466366030266,0.12455800516602861,0.07233748853354449,0.09618732456654974,0.20741077057218493,0.022042347405051288,0.5875070904293099,7.278139865950184e-06,random
0.29584405445257705,0.18127457325019172,0.13678591468476106,0.00321285735434523,0.09543586684822628,0.2597011109548019,0.027745622455096788,0.5874587757014785,7.29383811362471e-06,random
0.21919554260130994,0.11884753941382749,0.22783447393232617,0.019147520494039377,0.11166005800926068,0.1261149440326557,0.1771999215165807,0.5873621462458158,7.325328649413267e-06,random
0.2377906662745917,0.219479995303206,0.053954453689934775,0.0005104408518685216,0.1585943605561611,0.25135661704456097,0.078313466279677,0.5873621462458158,7.325328649413267e-06,random
0.08415052314132565,0.01873956271862659,0.1900216229356417,0.1563164451121205,0.29750874999922816,0.21215119514371975,0.04111190094933759,0.5873621462458158,7.325328649413267e-06,random
0.21427262826916477,0.19881878288656146,0.04614046491892565,0.02513568211595467,0.1648132839859826,0.26079149651245653,0.09002766131095423,0.5873138315179844,7.341121052043518e-06,random
0.18642121576132345,0.13593747676566906,0.19995008821327573,0.026541579059373877,0.13257434015623257,0.2274468535493594,0.09112844649476597,0.5873138315179844,7.341121052043518e-06,random
0.09784553460929896,0.15135962759697164,0.03691551550700961,0.0009994500334993958,0.2513837155937607,0.2166258767897615,0.24487027986969812,0.5873138315179844,7.341121052043518e-06,random
0.22184850686909285,0.05455573676706173,0.12298385520522653,0.23708901114472541,0.15311113678139474,0.11667222543275556,0.09373952779974311,0.587265516790153,7.356944954332198e-06,random
0.29676230463635306,0.15704076745851256,0.07553076978157235,0.0009680875250603644,0.20010349798701751,0.19295288714162226,0.07664168546986197,0.5872172020623219,7.372800413773207e-06,random
0.27235525249251413,0.0746955136798884,0.12089034243254505,0.11043524217313112,0.1876028926286738,0.17675899330676859,0.057261763286479014,0.5871688873344904,7.388687487955055e-06,random
0.36487635050391387,0.07002692769901585,0.14645812138714542,0.005117806582502969,0.13749974782894472,0.23181258508710226,0.0442084609113749,0.5871688873344904,7.388687487955055e-06,random
0.2804943217818989,0.1368948807362499,0.16670461410507945,0.0786108425384649,0.08293634418285772,0.14485967643204528,0.10949932022340395,0.587120572606659,7.404606234560637e-06,random
0.36145826403340897,0.14123153632791183,0.0696127311610909,0.015564770389473655,0.16192389052747877,0.1989603041587985,0.05124850340183734,0.5870239431509964,7.43653897624981e-06,random
0.17065237531661026,0.0664850560001642,0.10962029370915059,0.22276982724443023,0.18739592933532465,0.16047886998727917,0.0825976484070409,0.5870239431509964,7.43653897624981e-06,random
0.17473506129743152,0.018411593759564585,0.1345549462180406,0.2626557704276921,0.1422915769940824,0.14612890436023981,0.12122214694294883,0.5868306842396709,7.500787077312319e-06,random
0.19027277669424192,0.07042933875865266,0.18275260106685515,0.016014830951889405,0.19352021202538908,0.13334170838456705,0.2136685321184046,0.5867823695118396,7.51692915399362e-06,random
0.1753006021828325,0.15133356023281125,0.02841469350602653,0.029219025100263772,0.3051104839160106,0.2639182380347769,0.046703397027278555,0.5867823695118396,7.51692915399362e-06,random
0.1086346098816621,0.09952103986630331,0.08587839029909691,0.1413672108725585,0.08792157895671546,0.12548201903081044,0.35119515109285326,0.5865891106005142,7.581819419750842e-06,random
0.3336346380183682,0.09355509337120575,0.0533520390141224,0.0431963292628042,0.13583357004572147,0.1571272124037559,0.1833011178840223,0.5865891106005142,7.581819419750842e-06,random
0.10849836810792005,0.1899736988368338,0.044034623405469514,0.055700058026717576,0.14948756599137494,0.26245307081619607,0.18985261481548804,0.5865407958726828,7.5981227693765934e-06,random
0.2627718432626298,0.1934481009306555,0.12362168841561268,0.017490510963327852,0.06875232807319788,0.3184271566250402,0.015488371729536042,0.5864924811448514,7.614458549985382e-06,random
0.10376592903868045,0.21672058907055042,0.03266272299137424,0.15647190455638293,0.06169608220121525,0.317691602319423,0.11099116982237352,0.5864924811448514,7.614458549985382e-06,random
0.15417546563292467,0.09959402422486126,0.16813370405582767,0.04758903866215348,0.10362029911703985,0.1448387126675903,0.2820487556396027,0.5864924811448514,7.614458549985382e-06,random
0.498549630202023,0.009009401293863992,0.11127415764465985,0.057404123320467064,0.10480012457772,0.1956370043387831,0.023325558622483287,0.5864441664170201,7.630826820600275e-06,random
0.261119450130621,0.09229416391566307,0.2483260254550305,0.09329149448519936,0.13040410321779441,0.17290732982736784,0.001657432968323821,0.5864441664170201,7.630826820600275e-06,random
0.35706137408114114,0.06806723012851602,0.123261681530556,0.030986807344185536,0.05965153313912786,0.1834167451793685,0.17755462859710502,0.5863475369613573,7.663661068425276e-06,random
0.26245858951073575,0.058999594039715546,0.025368227915620628,0.0024655375082592483,0.20736413077222776,0.38489835286266416,0.05844556739077682,0.5863475369613573,7.663661068425276e-06,random
0.18223661895593124,0.1306540353624322,0.1497249896347589,0.13850669820103598,0.11107024571732939,0.2086677538811032,0.07913965824740911,0.586299222233526,7.680127164165985e-06,random
0.2650403440548319,0.11027833382645216,0.08258135054780409,0.05505737417140625,0.08603099729314508,0.15204275477100884,0.24896884533535182,0.586299222233526,7.680127164165985e-06,random
0.36675128797945017,0.029718025748376835,0.14733923529310877,0.11486194376957076,0.151113654122631,0.16419605781647723,0.02601979527038525,0.586154278050032,7.729722051925895e-06,random
0.045129786940393275,0.05091465128324816,0.11568086594043699,0.06698980155690501,0.3909244926397729,0.2888308845691291,0.04152951707011473,0.586154278050032,7.729722051925895e-06,random
0.27283193378016635,0.26647075354000144,0.08464611682125868,0.03088834858744777,0.03283510436438757,0.3096779439760442,0.0026497989306940393,0.5860576485943693,7.762949740516512e-06,random
0.2752236316422166,0.13277619253226774,0.10101572544528745,0.049126938182918675,0.06215758877200659,0.19155672673612378,0.18814319668917903,0.5860576485943693,7.762949740516512e-06,random
0.32833739525944017,0.08913394290477594,0.1267691749410161,0.018373019470906384,0.10001192807468587,0.2040721424270717,0.13330239692210388,0.5860093338665379,7.779613093240697e-06,random
0.3099719912412383,0.051791465479898637,0.044011631353069285,0.07277157645440453,0.1536766855120447,0.307381506197932,0.06039514376141249,0.5860093338665379,7.779613093240697e-06,random
0.1328311482144398,0.1557863594651452,0.05317534223670209,0.22629679452480925,0.06062801048655316,0.1745092571920732,0.19677308788027736,0.5860093338665379,7.779613093240697e-06,random
0.2860803896484555,0.1256386420244209,0.2216986500050483,0.03312929543384291,0.15120773203247917,0.15291733994768864,0.0293279509080646,0.5858643896830438,7.829801905388027e-06,random
0.23248125278368284,0.17356538868002055,0.10437004809268652,0.0006673827927345838,0.08608155035866476,0.2948084825225543,0.1080258947696562,0.5856711307717183,7.897186330844216e-06,random
0.17859654304091963,0.06050052718229749,0.26986159662442644,0.01480879673375377,0.2329065110703876,0.21895112097401825,0.02437490437419679,0.5855745013160556,7.931079351080735e-06,random
0.10174594332113494,0.044648283834321754,0.033403035273828534,0.39287875418877555,0.0722461607959981,0.20740256645846838,0.14767525612747273,0.5854295571325615,7.9821712590746e-06,random
0.13679712346101602,0.03969119291013898,0.13972313736437972,0.27178669774585484,0.1662532027514876,0.178193950958084,0.06755469480903879,0.5853812424047301,7.999269440015415e-06,random
0.23121055379416003,0.029106530629082843,0.21191939145318214,0.16350895551027175,0.18151255637631017,0.17059549049446776,0.012146521742525198,0.5853329276768988,8.016401495484788e-06,random
0.363766042629669,0.03571761821347109,0.29304545486971684,0.020404783405713584,0.05945117363979626,0.14850776151015557,0.0791071657314778,0.5852846129490674,8.03356748686695e-06,random
0.12940347299216765,0.0820687071429737,0.2871343249808188,0.07439182464936167,0.1871745594487993,0.20894561301297038,0.03088149777290852,0.5852362982212361,8.05076747564638e-06,random
0.2815217044119116,0.133014959185392,0.12164876559242181,0.05233326530348977,0.08199287830047451,0.20185181957353382,0.12763660763277643,0.5852362982212361,8.05076747564638e-06,random
0.1271442590055822,0.09219412862066513,0.16015775626038276,0.02421826494692185,0.11831153841237936,0.1414379902277787,0.3365360625262899,0.5851879834934047,8.06800152340765e-06,random
0.15270139250480666,0.08273901624700976,0.017706851555650917,0.27261668652272203,0.09325425144516941,0.17073516586690116,0.2102466358577401,0.5851879834934047,8.06800152340765e-06,random
0.1133555553818896,0.10740332365729628,0.18900537385900326,0.21168007428471286,0.11971807646489595,0.22720686198787052,0.031630734364331704,0.5851396687655734,8.085269691835944e-06,random
0.16588098689152136,0.1299088228903753,0.010587705377424882,0.34493089484339723,0.04319294249512146,0.22999092868977383,0.07550771881238587,0.5851396687655734,8.085269691835944e-06,random
0.2630231094460228,0.13099116858998167,0.05423606608118774,0.00881792496418426,0.22932326826911814,0.18030796792181952,0.13330049472768585,0.585091354037742,8.102572042716999e-06,random
0.30584716937573003,0.03208969451173684,0.23082591530817792,0.009659361007842284,0.20027468549292693,0.18338959378769204,0.03791358051589395,0.584946409854248,8.154684809445311e-06,random
0.2325341062386718,0.011280938942026926,0.19771820714115618,0.00027273111535182815,0.3309202653255674,0.15478070622959458,0.07249304500763128,0.584946409854248,8.154684809445311e-06,random
0.51166216726223,0.16044534482194778,0.026779386664866667,0.0402039436922701,0.07312765800658312,0.18122601744156897,0.006555482110533326,0.5848497803985853,8.189598703472086e-06,random
0.10578706896451122,0.023734089872025004,0.026242879639946315,0.2614610488973766,0.16393438251896286,0.3732473215884981,0.045593208518680074,0.5847531509429225,8.224650818750067e-06,random
0.35492709258536875,0.0257736268053751,0.16875794722616813,0.08063276075445282,0.17573393334944662,0.146459792552976,0.04771484672621258,0.5847531509429225,8.224650818750067e-06,random
0.03461157453410408,0.06585695675934165,0.3334338886313001,0.006186048513588422,0.12893562887827917,0.35097322905311185,0.08000267363027463,0.5846082067594285,8.277489251491827e-06,random
0.3246486202705818,0.11566911163520482,0.19103997783232007,0.005472958693557811,0.07223997180737729,0.1790742141036778,0.11185514565728027,0.5846082067594285,8.277489251491827e-06,random
0.09286809543094507,0.031855177673962065,0.06779047025669173,0.3060380703072131,0.19184259762892017,0.24644281731303658,0.06316277138923139,0.5845598920315971,8.29517171612207e-06,random
0.2193430721459415,0.16561523310834367,0.19312459347991134,0.026579198977525316,0.09900788932056624,0.27686841038551974,0.01946160258219212,0.5845115773037657,8.312889112531942e-06,random
0.1752970358358022,0.24415501093311837,0.03570744698169308,0.08485117393775554,0.04679957842930583,0.294506283875416,0.11868347000690897,0.5845115773037657,8.312889112531942e-06,random
0.001951729025570407,0.13249951779936542,0.10889707993218829,0.15615695872684635,0.3167883083299419,0.27201037283742596,0.011696033348661674,0.5844632625759343,8.330641503827941e-06,random
0.16545691435877996,0.1373951097276105,0.1085808726197138,0.06339926070701084,0.2594624700251758,0.2321782427827402,0.033527129778969024,0.5843183183924403,8.38410927963797e-06,random
0.14962806592752453,0.22096099145375242,0.053418041966394325,0.08500650677973984,0.04535757241754814,0.2574910999665944,0.18813772148844626,0.5843183183924403,8.38410927963797e-06,random
0.26423976786047987,0.1531288993120608,0.06849868560280649,0.013982939191262202,0.24289346735982872,0.22013458264800828,0.03712165802555359,0.5842700036646089,8.402002283598224e-06,random
0.35623798326567097,0.08932466186343906,0.043832058843871896,0.24196914642074202,0.05372927243741007,0.17929148172586956,0.035615395442996425,0.5841733742089462,8.437894291125996e-06,random
0.4279810251613472,0.0557784594537749,0.05647356255751361,0.0663507462507264,0.07605828097487602,0.27800390907733336,0.039354016524428555,0.5841733742089462,8.437894291125996e-06,random
0.19622667706845692,0.11622099062401997,0.22451629744241655,0.06172722936264897,0.2059018925285669,0.14130364989212607,0.054103263081764566,0.5841733742089462,8.437894291125996e-06,random
0.16997742920439604,0.05585235933404601,0.03564920943846915,0.005475901795033938,0.30846538333343076,0.3878212332288139,0.036758483665810235,0.5840284300254521,8.491998258855626e-06,random
0.11404756674797646,0.1547079122997702,0.07024324109668376,0.3150719523619482,0.11102384190004955,0.22561199206734903,0.009293493526222787,0.5839801152976207,8.510104092520366e-06,random
0.2327062031304721,0.17477640651078769,0.12223449647244526,0.009472059112678777,0.14631433324329166,0.23641922513974833,0.07807727639057613,0.5839318005697895,8.528245622047937e-06,random
0.18760250061855918,0.10659531238024009,0.12495847481482245,0.22099549233360669,0.09841867710329817,0.18268860762764647,0.078740935121827,0.5838834858419581,8.546422911786312e-06,random
0.4180622416660286,0.029789715608488875,0.19775816333373814,0.11594263265451876,0.0024586187668716817,0.15146180140569715,0.08452682656465697,0.5837868563862955,8.582885029808015e-06,random
0.3545038863766305,0.08248435118047157,0.09931140942244597,0.21332509657473528,0.07913242781827505,0.16982738415307239,0.0014154444743691606,0.5836902269306328,8.619490963457108e-06,random
0.3929888414882559,0.11087296327395246,0.057008642561912196,0.06319567893699862,0.16440458321389512,0.1785371430145031,0.03299214751048254,0.58359359747497,8.656241231283028e-06,random
0.2168942680012155,0.06892115484910982,0.05162890394404655,0.022197729676197632,0.22790120159175192,0.3258640440824087,0.08659269785526985,0.5835452827471386,8.674670653018702e-06,random
0.2795942802371406,0.14594458703886118,0.1944212531539517,0.01468851360696572,0.13142248120513617,0.22018037979892607,0.013748504959018418,0.5835452827471386,8.674670653018702e-06,random
0.1345382928479025,0.07885991115839797,0.032867419536262404,0.34773354865891587,0.16060556444139643,0.23972761986372268,0.0056676434934020735,0.5834969680193073,8.69313635351702e-06,random
0.08063950206930745,0.039614759608179596,0.003999676196947819,0.2550380645305805,0.16726663986602208,0.3717715937761448,0.0816697639528176,0.5834486532914759,8.71163839807056e-06,random
0.05072149654572979,0.16072255495596474,0.1424303701049927,0.036449913742422686,0.270049269126707,0.27125599357023267,0.06837040195395033,0.5834003385636446,8.7301768520776e-06,random
0.23046987527930743,0.06901118940209214,0.15551622394876694,0.1860247967409592,0.16191005637102374,0.12633867500343887,0.07072918325441169,0.5833037091079818,8.767363250574944e-06,random
0.34342326663688677,0.028330378198998193,0.09485087699408891,0.011814233250235078,0.2051628417931212,0.2772455726147198,0.03917283051195002,0.5832070796523191,8.804696074315828e-06,random
0.1552921354457165,0.0016346085332666288,0.309861906080836,0.13934638495988064,0.19674650406311858,0.1853812861267472,0.01173717479043417,0.5831587649244877,8.82341756027601e-06,random
0.37441273612724774,0.13269327353919969,0.025722244036516705,0.025163318761790388,0.19649218946031535,0.23561524657745953,0.009900991497470653,0.5831104501966564,8.842175850308442e-06,random
0.2583486870827114,0.07191144696338532,0.09552818887713728,0.1474835192779982,0.23334891513216222,0.17579427579345044,0.017584966873155083,0.583062135468825,8.860971010555707e-06,random
0.10487813497548792,0.11859003137216842,0.11827560921595599,0.2504420833733622,0.21676848137664495,0.18610209554758247,0.004943564138798171,0.583062135468825,8.860971010555707e-06,random
0.18733809710559504,0.10117624972702755,0.23193843207155054,0.1237913441845676,0.1486632087374334,0.1780548388538557,0.029037829319970013,0.5829655060131623,8.898672206800158e-06,random
0.39341985617573183,0.024005549878219606,0.23324266055371656,0.00029113023486316246,0.13578420311691336,0.15119510408770695,0.0620614959528485,0.5829171912853309,8.917578375618137e-06,random
0.3106543695689033,0.16301416512139,0.14789575138290423,0.0006228188586526098,0.060101637001184885,0.22515355773312848,0.09255770033383649,0.5828688765574996,8.936521680292522e-06,random
0.25289579781387106,0.07998700064872534,0.036158357501204025,0.08398909991194116,0.22362943629073884,0.2602907445033586,0.06304956333016103,0.5827239323740054,8.993575076782066e-06,random
0.15519930984069014,0.05576938557051472,0.09405560886112024,0.09588312474292707,0.12224510215884858,0.11271187036842456,0.36413559845747473,0.5826273029183427,9.031797579045696e-06,random
0.3301521378660186,0.10431476685539219,0.20424120786255462,0.0521557626243925,0.02627239845982234,0.17301598977629296,0.10984773655552667,0.5824340440070174,9.108693573535018e-06,random
0.1569154071892549,0.043924920305614866,0.2393271378592213,0.16052379415310541,0.19790778327737743,0.14747918050463674,0.05392177671078922,0.5824340440070174,9.108693573535018e-06,random
0.2533829962284009,0.08434013433777175,0.019655720474514277,0.08677958196385185,0.08624493208587952,0.15668300811991798,0.3129136267896635,0.582385729279186,9.128011921935495e-06,random
0.20985621565077492,0.14834341645167703,0.18139426425493496,0.04427114336452467,0.20768336789661218,0.16871100661193944,0.03974058576953678,0.5823374145513547,9.1473681456094e-06,random
0.12792812901575998,0.2055579039188773,0.006380282771760176,0.007594472603029665,0.22517752535494703,0.2938389603779198,0.13352272595770612,0.5823374145513547,9.1473681456094e-06,random
0.30245348769526753,0.18581636923755585,0.0794541732683707,0.18054903511011725,0.018623347946258847,0.20263486379961412,0.030468722942815826,0.5822890998235233,9.166762312428952e-06,random
0.4793080899668522,0.01620565401832001,0.18627297128287734,0.0383665087349519,0.11777632801790582,0.12084236938096068,0.04122807859813195,0.5822890998235233,9.166762312428952e-06,random
0.1006836016521348,0.03244536432674792,0.27992986981263845,0.1311390980357709,0.1703816358120963,0.1767245265628299,0.10869590379778166,0.5822890998235233,9.166762312428952e-06,random
0.19816394092434136,0.033301976792913815,0.178534499333698,0.12050300689342971,0.2344898494911138,0.14264140336070127,0.09236532320380202,0.5822407850956919,9.186194490375416e-06,random
0.1478263435395295,0.05006161569264546,0.039127193359689325,0.28122777922491393,0.10799420958492525,0.2539421234673415,0.11982073513095504,0.5822407850956919,9.186194490375416e-06,random
0.16219803716560183,0.06973175475959112,0.13189509660240556,0.355304573942254,0.0788949152973636,0.1422654783077207,0.05971014392506313,0.5821924703678606,9.205664747539965e-06,random
0.3305689711655683,0.10111382564895556,0.005960470128816779,0.06772539623943666,0.08081849260552292,0.3144235284286454,0.09938931578305452,0.5820958409121978,9.244719772436021e-06,random
0.2828763733006342,0.04817069991494472,0.27714371403521443,0.15956059826378846,0.03393880326185965,0.10266478485111917,0.0956450263724395,0.5820958409121978,9.244719772436021e-06,random
0.34035460628326175,0.03925166934866928,0.18596511834764629,0.05991605627774254,0.072986335187103,0.10862418906638395,0.1929020254891933,0.5820475261843665,9.26430467689866e-06,random
0.3758201000962416,0.08154133092619445,0.1828204745347589,0.054104364115340385,0.07645060231508702,0.15629503150014037,0.07296809651223736,0.5819992114565351,9.28392793404218e-06,random
0.5011411607373781,0.0209082740770023,0.04281369338465479,0.00025996598430050885,0.07168605880797162,0.11277443512525945,0.2504164118834332,0.5819508967287038,9.303589612507454e-06,random
0.42898644174625017,0.11369359909595507,0.1958704373839987,0.07107992986577555,0.02562602016440022,0.13112906566156474,0.033614506082055504,0.5819508967287038,9.303589612507454e-06,random
0.11995594537336661,0.16028571417233936,0.10719265533115128,0.08459554620728398,0.2306221675420391,0.20990914366225896,0.08743882771156065,0.5818542672730411,9.343028508520668e-06,random
0.03653726019373156,0.1701481115266399,0.07863455218271442,0.08160420060060644,0.16282766289355116,0.2764283074650389,0.1938199051377176,0.5818059525452096,9.362805863903841e-06,random
0.20181504980894407,0.15067927900979744,0.046020285483273464,0.0676596386827119,0.054681024794482766,0.18173696815838383,0.29740775406240644,0.5817093230895469,9.402476734843136e-06,random
0.15071292807290465,0.22897707660824582,0.12843002406308493,8.274022050237192e-05,0.1407429693650303,0.2892599855884371,0.06179427608179467,0.5817093230895469,9.402476734843136e-06,random
0.19417200942640966,0.007363802476089054,0.09263576033065704,0.12021834390647718,0.1997260265828449,0.1659522195781237,0.21993183769939859,0.5816610083617156,9.422370388900695e-06,random
0.33185382517014367,0.10944895918381974,0.05249072003028623,0.2611906509857088,0.036358987683357526,0.20114611629403878,0.007510740652645231,0.5815160641782215,9.482285058773408e-06,random
0.3282066255482036,0.07596810202022006,0.08433478734121626,0.00857706694928204,0.04724486716645643,0.15893846519868746,0.2967300857759342,0.5814677494503901,9.502334750101334e-06,random
0.3836205878778668,0.08929829779966034,0.12345139884850623,0.014024575618510142,0.14332846009271746,0.15769853271967316,0.08857814704306592,0.5814677494503901,9.502334750101334e-06,random
0.12847195303577563,0.004352845600350117,0.3477431733625589,0.1837909135417116,0.12055305536444627,0.19201591566710072,0.023072143428056777,0.5814677494503901,9.502334750101334e-06,random
0.3780460758973754,0.06088900785469655,0.182283983120089,0.028657784616782242,0.028887111146652156,0.1675319175447199,0.15370411981968474,0.5813711199947275,9.542551753835098e-06,random
0.4536678827227066,0.10488072288365752,0.08563130936165868,0.011199164837744927,0.12389703602844822,0.21014377013411795,0.01058011403166608,0.5812744905390648,9.582926052749214e-06,random
0.31776939869863674,0.1670501511945083,0.02107288799724658,0.015883014071905392,0.26964893131047546,0.2045979674335331,0.003977649293694379,0.5812744905390648,9.582926052749214e-06,random
0.12608146539758355,0.004177943247206117,0.24593212859735325,0.08313867666485508,0.06726528448797625,0.10825739200863085,0.36514710959639485,0.5812744905390648,9.582926052749214e-06,random
0.2941211650940207,0.020790828319771887,0.30193690165553044,0.008357609335370145,0.11550534448948836,0.1516588676126073,0.10762928349321121,0.581177861083402,9.623458208911837e-06,random
0.24471451817987544,0.13114231750140315,0.10036148449854838,0.01626010645913424,0.12187403194884389,0.08322388221762324,0.3024236591945717,0.5811295463555707,9.643783659601037e-06,random
0.3811234941890642,0.03190603347479055,0.27200344088849115,0.0558882837741604,0.030304408163319366,0.10324984905092434,0.12552449045924982,0.5810812316277393,9.664148786196152e-06,random
0.2493708106062214,0.08218924943044571,0.24454763773900787,0.07299832594633777,0.10319070012372633,0.11828873360618443,0.12941454254807638,0.5810812316277393,9.664148786196152e-06,random
0.2077041701816876,0.11021404880233672,0.04283269135442297,0.052266816728822045,0.15121199262593554,0.14845936055075007,0.287310919756045,0.5809846021720766,9.704998350285983e-06,random
0.1952919894903728,0.0659834251918883,0.145425747894563,0.34165960283846464,0.10490765668253225,0.1187863734487925,0.02794520445338665,0.5809846021720766,9.704998350285983e-06,random
0.004336068982809205,0.057068699608619856,0.28658800915621324,0.03704870741975995,0.17926274953500856,0.29926642832553013,0.136429336972059,0.5809846021720766,9.704998350285983e-06,random
0.3200321535271483,0.1417781067095894,0.04383348115790766,0.14556485723532914,0.07460214458657241,0.15074585286378897,0.12344340391966428,0.5809362874442452,9.725482929655624e-06,random
0.08786596388837302,0.07991460783417664,0.13399799475507418,0.07405903288276733,0.25260248830246584,0.1679594387612257,0.20360047357591732,0.5808879727164138,9.746007468681138e-06,random
0.1855382441797179,0.22674636506733875,0.1192693830132935,0.0031919813099812733,0.20390616638958522,0.2547380322900836,0.006609827749999734,0.5807913432607511,9.787176710701581e-06,random
0.14438620670101518,0.19255898417798795,0.12975910140906222,0.010734685820162605,0.09688401188169335,0.25088864978385317,0.17478836022622554,0.5807913432607511,9.787176710701581e-06,random
0.5202331390350091,0.06764959567061336,0.03364082301866748,0.10377333150674946,0.0038660460069110743,0.2379011340550613,0.03293593070698818,0.5805014548937631,9.911650899136726e-06,random
0.21807835137264844,0.00616384966495733,0.1222718221140123,0.02006322627646927,0.36719248312707,0.21824579560500376,0.047984471839838845,0.5805014548937631,9.911650899136726e-06,random
0.3513223100846519,0.16395711714931083,0.13523199434193287,0.030813002410530293,0.12414862570615448,0.12031054731294918,0.07421640299447055,0.5804531401659317,9.932538293781332e-06,random
0.09149142443279544,0.16525345296473845,0.029848204823166132,0.1305612023440352,0.22145159852426458,0.19990883460081263,0.16148528231018744,0.5804048254381003,9.953466365455832e-06,random
0.2361376924945695,0.1688790901041534,0.2083652905338893,0.0032065810656604302,0.19697790732482479,0.17954340714375447,0.006890031333148065,0.5804048254381003,9.953466365455832e-06,random
0.21222644329565024,0.005104680068466291,0.237591832951868,0.03512566189444577,0.22680009659544642,0.12361993888381638,0.1595313463103069,0.5804048254381003,9.953466365455832e-06,random
0.17920894128477838,0.026177776233226195,0.06948572763699215,0.09029557509870755,0.2967023446673156,0.3042841420211224,0.03384549305785769,0.5802598812546063,1.0016495366942709e-05,random
0.2344533611280565,0.06834893702313723,0.2244878626877678,0.04912319905709248,0.023978797977475146,0.10449364541228585,0.2951141967141851,0.580211566526775,1.0037586871599397e-05,random
0.13379849549215875,0.11932197934243186,0.20237698455862285,0.04085388473033023,0.27761016361145086,0.19136308861942686,0.03467540364557881,0.5801149370711123,1.0079893073986045e-05,random
0.05325823160326123,0.07949314434348781,0.292569594810038,0.10549034673813984,0.12878845179765785,0.2998134371230405,0.04058679358437493,0.5799699928876181,1.0143661456257615e-05,random
0.23559247207968614,0.03379132571595679,0.11773754543168716,0.274261316387648,0.14879447135783438,0.14165220924166727,0.04817065978552028,0.5799699928876181,1.0143661456257615e-05,random
0.22466778145196084,0.11740253302629564,0.24967520290612294,0.13019842590858394,0.1365777236500589,0.12682596041398003,0.014652372642997515,0.5799216781597868,1.0165000297752232e-05,random
0.03091506317921983,0.07369271315874477,0.32321030464856465,0.016505998238930904,0.06775335485203228,0.3220271809380825,0.165895384984425,0.5799216781597868,1.0165000297752232e-05,random
0.14837149152928755,0.06533693997908638,0.35882898414283465,0.013603415100338155,0.021528791278268327,0.2910776334443498,0.10125274452583512,0.5798733634319554,1.0186380618742774e-05,random
0.2150508309910397,0.10186274498896955,0.2169131047135216,0.11139596930006529,0.06271835105503541,0.10232049587355926,0.1897385030778094,0.5797284192484613,1.0250771195802107e-05,random
0.1261251163573264,0.16890317874715527,0.16983627755891104,0.0038876163586872474,0.18214971197649873,0.20975016389501377,0.13934793510640756,0.5797284192484613,1.0250771195802107e-05,random
0.29752741440456776,0.09043961322634825,0.11334791650462994,0.2427654342856002,0.06336447156807423,0.18339736429106235,0.009157785719717138,0.57968010452063,1.0272318172476133e-05,random
0.17701025835895484,0.09012602531126339,0.027812781115339,0.10654821654090303,0.2471172167497098,0.2844884145000215,0.06689708742380834,0.57968010452063,1.0272318172476133e-05,random
0.23163227278411833,0.06901780450895416,0.27831809440732935,0.12503145632241425,0.13550785978461632,0.14189702682519914,0.018595485367368464,0.57968010452063,1.0272318172476133e-05,random
0.11735327191624978,0.16512061265730235,0.11087555986186957,0.007305145483231167,0.2526233286756014,0.2073824190963003,0.13933966230944533,0.5796317897927986,1.0293906998084837e-05,random
0.24928831942378274,0.08566651926005789,0.10535202677458015,0.06185253236102379,0.14354497763367016,0.1030835614663025,0.25121206308058275,0.5796317897927986,1.0293906998084837e-05,random
0.3710330584476196,0.17232855383627282,0.10667031791150909,0.0019601835297290396,0.07562266878315616,0.12245264983431114,0.14993256765740218,0.5795351603371359,1.033721049319063e-05,random
0.20277783180119174,0.07708600106108207,0.07227808027323644,0.048955066035154295,0.27858351941111853,0.2260424168129964,0.0942770846052205,0.5795351603371359,1.033721049319063e-05,random
0.3527410548161304,0.031849004158806274,0.02254284493250602,0.08587610215640763,0.09536210465300612,0.3151244536635189,0.09650443561962455,0.5794385308814731,1.0380682276473224e-05,random
0.397722105108624,0.03971349830028989,0.06997833839492423,0.0662633052473003,0.09713640326632823,0.1440811383795995,0.1851052113029338,0.5794385308814731,1.0380682276473224e-05,random
0.3897783714447833,0.12797945191114257,0.012343481540481928,0.00794725351345373,0.11534158380086551,0.19005567161452833,0.15655418617474479,0.5793902161536418,1.0402481462747927e-05,random
0.33587167034243176,0.05203090706204409,0.2962695770899418,0.1439912801277246,0.017421055089004066,0.13989384968195068,0.014521660606903146,0.5793419014258104,1.0424322945185338e-05,random
0.12013413525241862,0.09768651265306097,0.04699181393496095,0.4286118870187063,0.08699165013462787,0.1802545580377066,0.03932944296851872,0.5793419014258104,1.0424322945185338e-05,random
0.19235621401369635,0.10119499066399197,0.31471933986193473,0.003424948203456069,0.13911649464737516,0.22503674303105187,0.02415126957849399,0.5792935866979791,1.0446206798739372e-05,random
0.33455366779799917,0.019675104257008254,0.20211247153426462,0.13204355657525238,0.06713837624207314,0.07732013784226485,0.1671566857511375,0.5792935866979791,1.0446206798739372e-05,random
0.16096465648081346,0.10644987728595441,0.04269538077857047,0.20422799814175477,0.22852896213990626,0.23650321407880176,0.020629911094198945,0.5792452719701477,1.0468133098483615e-05,random
0.2758259275935483,0.17223198503714812,0.0031916615438430276,0.050451641669657585,0.1640317073544563,0.18985565355050307,0.1444114232508435,0.5791969572423165,1.0490101919611153e-05,random
0.30784254583145204,0.04767550599104428,0.07834758201406888,0.1131919873492501,0.03679760524570717,0.11261624178418152,0.30352853178429606,0.5791003277866537,1.0534167427386453e-05,random
0.06344467546002744,0.22471502130208437,0.01004776118958425,0.011601124331989811,0.16910695137124684,0.3343260994514818,0.18675836689358552,0.579003698330991,1.0578403926005575e-05,random
0.4181539358314788,0.17035201626582228,0.009603231678224732,0.020350049047500225,0.10447838156124839,0.1861457673060076,0.09091661830971795,0.5789070688753283,1.0622812021331675e-05,random
0.3769240488227895,0.046202530538762075,0.1530485808095405,0.10470678881995857,0.10587614917737999,0.12314731905596762,0.09009458277560155,0.5789070688753283,1.0622812021331675e-05,random
0.35677199334452303,0.016040069121896348,0.2954643931359667,0.03580942604356255,0.02821450496900344,0.06015560916435574,0.2075440042206924,0.5789070688753283,1.0622812021331675e-05,random
0.1879807922470734,0.04863464489205589,0.05849047340876469,0.09486730424866138,0.27180879962538185,0.2512164379852039,0.08700154759285886,0.5788587541474969,1.0645080607619328e-05,random
0.561931151927073,0.06381954322168061,0.041703805778321515,0.010283624606961923,0.09065862192683365,0.16604555584884537,0.06555769669028393,0.5787621246918342,1.0689747238219049e-05,random
0.10763429957518353,0.02433780901287981,0.24778162269514298,0.0946466929730204,0.21670194510594107,0.13785235337592597,0.17104527726190624,0.5786171805083401,1.075707197513976e-05,random
0.17743517587733582,0.05761351109500478,0.1796006066331901,0.09263951957900804,0.07988850430377176,0.08344864674151974,0.3293740357701696,0.5786171805083401,1.075707197513976e-05,random
0.13864154767204037,0.18897897506019073,0.11475645710037763,0.038694266419597084,0.20525897438149127,0.20534180139421218,0.10832797797209062,0.5785688657805087,1.0779600471491526e-05,random
0.041557516937886264,0.10453378106783506,0.22050286102924463,0.028627931620270317,0.30472013317515784,0.2385851903929342,0.06147258577667171,0.5785688657805087,1.0779600471491526e-05,random
0.23276950641970334,0.13187141014789397,0.054439551223182496,0.0009914814854731467,0.22446079428345675,0.15841745227945972,0.1970498041608304,0.5785688657805087,1.0779600471491526e-05,random
0.1346788263929433,0.04812316146318777,0.11299916843541441,0.025788311498720386,0.2450513750056609,0.151326575053036,0.28203258215103727,0.5785688657805087,1.0779600471491526e-05,random
0.39549853338136826,0.11889289535798175,0.16201650217201236,0.05757216289629319,0.035756000327575255,0.17474334887293544,0.0555205569918339,0.578472236324846,1.0824788301382028e-05,random
0.3219407953139344,0.022226176325493258,0.2123959651352274,0.10027003510224367,0.15611352186908822,0.15053055646191205,0.0365229497921011,0.578472236324846,1.0824788301382028e-05,random
0.14956235311339475,0.13188569363250188,0.17535203253766765,0.0058040785553683215,0.13532860145890624,0.15773811085059455,0.24432912985156677,0.578472236324846,1.0824788301382028e-05,random
0.4224953548602103,0.07686595059277218,0.07877201015913231,0.0026826159214341223,0.15664724607222624,0.12857260851874205,0.13396421387548282,0.5784239215970146,1.0847447789054193e-05,random
0.02385666279130528,0.11270815055065261,0.20425268387141093,0.07505204252251764,0.09286270840500413,0.3260563423970804,0.1652114094620291,0.5784239215970146,1.0847447789054193e-05,random
0.18584609944907748,0.1446605133269507,0.1411402259516331,0.17940950258081717,0.12269805956807922,0.17918847130025747,0.04705712782318492,0.5783272921413519,1.0892898296104287e-05,random
0.22066610288908645,0.1550007755527903,0.23139358388780643,0.057241609322180975,0.12438646789023389,0.20259058381426218,0.008720876643639896,0.5782306626856892,1.0938524695194115e-05,random
0.10333252690938075,0.08500458808120205,0.11769115363378134,0.32231647239327144,0.03376363326207691,0.1602973955864699,0.1775942301338176,0.5782306626856892,1.0938524695194115e-05,random
0.04086911289408226,0.14633372875811196,0.17087761751410738,0.15930667672787097,0.053048657777291716,0.35291969501513454,0.07664451131340129,0.5781823479578578,1.0961404048376802e-05,random
0.31807365762577505,0.10406575328268533,0.3417205395095787,0.042527854231699046,0.06539683617830949,0.12325664981430377,0.004958709357648489,0.5781340332300265,1.0984327607763314e-05,random
0.3213200678890586,0.13986288885859924,0.10681690683033207,0.003739130568128448,0.12914073111778482,0.1265920958980483,0.17252817883804858,0.5781340332300265,1.0984327607763314e-05,random
0.2051734960995544,0.13551746908965287,0.12234254545995023,0.03203235583661765,0.09903201802131242,0.17341752529512983,0.23248459019778256,0.5779890890465323,1.1053364303643139e-05,random
0.20640307672075298,0.08282094794789381,0.3327018578353526,0.002890186715320455,0.12844340967498588,0.20916013533403152,0.0375803857716626,0.5779890890465323,1.1053364303643139e-05,random
0.09466085179900686,0.28736358500489423,0.05083231899619392,0.033499485357649246,0.0730487517203169,0.43728239299219096,0.023312614129747857,0.5779890890465323,1.1053364303643139e-05,random
0.2130978158716059,0.14731301675240407,0.2290517688021067,0.013838545906312014,0.07126584848392936,0.25674631494081035,0.06868668924283149,0.5779890890465323,1.1053364303643139e-05,random
0.16364163336908696,0.055197250555483246,0.26605777157502225,0.13063990563632316,0.16784257154040547,0.15915120063376317,0.05746966668991571,0.5779407743187011,1.1076465468961139e-05,random
0.3375325667233231,0.09306482759661723,0.010543555700843645,0.06473576832796685,0.06170602794644768,0.13234744715492827,0.3000698065498733,0.5777475154073757,1.1169316890742856e-05,random
0.36183426561016535,0.05980441923668084,0.2702735658206275,0.007240409382635917,0.09564341121278816,0.18485947041047568,0.020344458326626524,0.5776992006795443,1.119264183028746e-05,random
0.09840695242525534,0.11768180227257363,0.16851202212415017,0.023896743281325458,0.15010660104631704,0.15719712616540457,0.28419875268497397,0.5776508859517129,1.121601176149681e-05,random
0.27652105020067147,0.09703708192004092,0.10713268634435966,0.046826745494807066,0.18338117883677246,0.1512905717437254,0.13781068545962302,0.5776025712238815,1.1239426763602444e-05,random
0.013617028567064794,0.1165336980125315,0.26578378306642836,0.03255759454841192,0.022620161963912408,0.4972124808171691,0.051675253024481824,0.5776025712238815,1.1239426763602444e-05,random
0.4312410655731854,0.07236086408824287,0.17171350731483384,0.09422779702356993,0.04610715026211932,0.13103325524662782,0.0533163604914207,0.5775542564960503,1.1262886915960852e-05,random
0.08174368490541621,0.020634546711214372,0.01725597533034825,0.037626032723644474,0.3207569282053337,0.4230918463618373,0.09889098576220576,0.5773126828568935,1.1380867717820959e-05,random
0.2253711768981155,0.023387280971747706,0.3247944873101063,0.007320106104493821,0.21370368742235318,0.1469951966341347,0.058428064659048706,0.5773126828568935,1.1380867717820959e-05,random
0.40487249036839934,0.06882626560469145,0.057394470639653646,0.032964531495435705,0.11036819698423593,0.16792520354035198,0.15764884136723203,0.5772643681290621,1.140460044522412e-05,random
0.5289885804138343,0.10868335973390407,0.08157277227739983,0.003814737265315234,0.01757624241766527,0.15105004308258005,0.10831426480930102,0.5772160534012308,1.1428378881899094e-05,random
0.2370416451284692,0.028507389710853395,0.007967815715592566,0.1472862224095263,0.09557162719974324,0.32665876201725125,0.156966537818564,0.5772160534012308,1.1428378881899094e-05,random
0.3105918987313161,0.09204345037085798,0.027488278033202806,0.040284987298597134,0.13033798285885415,0.13621778566343062,0.2630356170437411,0.577119423945568,1.147607320465265e-05,random
0.2205259410171963,0.0229559486605747,0.06300671572202038,0.0034608253883838223,0.29057142294248406,0.3043928801170062,0.09508626615233452,0.5770227944899053,1.1523951330525816e-05,random
0.08606751792874737,0.2178071852040054,0.14509853842040993,0.012179235900505847,0.03124500686105895,0.4046827973367815,0.10291971834849095,0.5770227944899053,1.1523951330525816e-05,random
0.23143497959220183,0.1427327033018508,0.06290497742067669,0.0278576902036143,0.15822979598296796,0.1479188795692155,0.228920973929473,0.5769744797620739,1.1547959521577752e-05,random
0.2934420245358518,0.06700761449609371,0.027737919377162145,0.00796335143079593,0.12366044927585086,0.1271939995053618,0.35299464137888387,0.57682953557858,1.1620261579591736e-05,random
0.09842992534741074,0.0987243899964689,0.23828701993611417,0.017967735319586387,0.17114435792375077,0.19202468030754982,0.18342189116911933,0.57682953557858,1.1620261579591736e-05,random
0.4253674639719125,0.05557690927045112,0.0642999633663787,0.08053346123503842,0.15012865721273597,0.1688870116610895,0.05520653328239386,0.5767812208507486,1.1644455031405443e-05,random
0.3770463847529581,0.11989073690769836,0.25689843356444786,0.0008680107455012131,0.06220235207265632,0.14479481140958977,0.03829927054714832,0.5767812208507486,1.1644455031405443e-05,random
0.34236710860916664,0.06003849680947911,0.03915040694308997,0.04789186930383512,0.17598167440521828,0.30472745984471766,0.02984298408449335,0.5767812208507486,1.1644455031405443e-05,random
0.2819431447453261,0.2361832460845579,0.0999797118020528,0.032865334193969795,0.04604550092127008,0.23996329522706092,0.06301976702576251,0.5767812208507486,1.1644455031405443e-05,random
0.23764315831424354,0.07162563869361388,0.22631426296823062,0.015163986546998312,0.19304365164008705,0.12298452470484598,0.1332247771319805,0.5767329061229172,1.166869500187193e-05,random
0.12784111086632843,0.2094612203897905,0.0551216656864408,0.012588173801011153,0.2010511004594017,0.2720200199213837,0.1219167088756438,0.5767329061229172,1.166869500187193e-05,random
0.4955819101943565,0.06393363075708504,0.2273260538669389,0.0030299432964067284,0.00592597738256111,0.17745214180978813,0.02675034269286338,0.5766845913950858,1.1692981572633066e-05,random
0.22749971048349735,0.029377528754705094,0.04355196969962852,0.40885679109785095,0.043497189623869385,0.21098381908276392,0.03623299125768475,0.5765879619394231,1.1741694842247814e-05,random
0.27895356015446054,0.13993229722286443,0.08503936991392178,0.044653647667028,0.10123767564335089,0.12775990016574226,0.22242354923263213,0.5765879619394231,1.1741694842247814e-05,random
0.3526372443038627,0.07792700512341075,0.17705614520946594,0.0034193658205407033,0.1071062196004683,0.15437644270515014,0.1274775772371015,0.5764913324837604,1.1790595495957869e-05,random
0.26626383596657444,0.06145765896398237,0.07948970816000413,0.1647197324281832,0.14222045310799036,0.14050429396944536,0.14534431740382023,0.576298073572435,1.1888961588832242e-05,random
0.20635009612141725,0.16949688935303978,0.063289528602269,0.045343513571736375,0.020859817537925148,0.1772489410837745,0.3174112137298377,0.5762014441167722,1.1938428349766476e-05,random
0.4240022882740637,0.021997871312499334,0.20267635200706235,0.11297221121582379,0.05111527774811912,0.11246597425476947,0.07477002518766232,0.5762014441167722,1.1938428349766476e-05,random
0.1441637199641046,0.04093996426897989,0.2506444032651843,0.07953091610634354,0.23299116265335598,0.16756829426912886,0.0841615394729027,0.5762014441167722,1.1938428349766476e-05,random
0.3206063485242532,0.13643953857677557,0.14831050527333164,0.07807698332642475,0.07429740538336226,0.08373227391244402,0.15853694500340856,0.5761531293889408,1.1963232949019085e-05,random
0.3273890425547426,0.10011614087734638,0.2910737834487732,0.013657326526930328,0.1271621316038448,0.11894465320716735,0.02165692178119535,0.5761531293889408,1.1963232949019085e-05,random
0.2882366535626874,0.09859032874337609,0.1262259830378731,0.007817782197453878,0.09950170727200791,0.0805186069141876,0.299108938272414,0.5761048146611095,1.1988085138347421e-05,random
0.28822860840483866,0.14247596837433843,0.05677301927579637,1.1510985309629918e-05,0.3018710511428962,0.19211303316952213,0.018526808647298616,0.5761048146611095,1.1988085138347421e-05,random
0.1885206205758415,0.08968288390780058,0.19883969097196283,0.11937836668522918,0.03898887232469589,0.1405867508198895,0.2240028147145805,0.5760564999332781,1.2012985001078602e-05,random
0.027878613534259262,0.20563600175360766,0.00614793304062543,0.002908253877235262,0.3585592882276039,0.37033449621124465,0.028535413355423752,0.5760081852054468,1.2037932620671156e-05,random
0.24963512408122487,0.15853314097343302,0.15012640639643005,0.07801972745835399,0.07348438222136942,0.15614022341544298,0.13406099545374559,0.5760081852054468,1.2037932620671156e-05,random
0.06434984880824313,0.08568252189416628,0.033282992750217996,0.058107783548675455,0.2572327151122322,0.22304347977932718,0.27830065810713783,0.5759598704776154,1.206292808071434e-05,random
0.17858352195820207,0.13521391373290811,0.15930465503925373,0.010586388482461052,0.12333808945025836,0.17846050302040836,0.2145129283165084,0.575911555749784,1.2087971464929088e-05,random
0.13687945626710157,0.08471022440284333,0.019840380121159937,0.3382137559227982,0.10490589821888302,0.13189798762056879,0.18355229744664514,0.5758632410219527,1.2113062857167268e-05,random
0.29410290449080145,0.08934678327517062,0.0848459287120094,0.1814094225562434,0.10061319824461364,0.1447061513736196,0.10497561134754194,0.5758632410219527,1.2113062857167268e-05,random
0.13399634730779603,0.11712758915243451,0.012876316069371962,0.1522754996756193,0.2558508438775868,0.27602786259045703,0.051845541326734225,0.5758632410219527,1.2113062857167268e-05,random
0.368628489628262,0.05924617258986785,0.16215258141301633,0.00594756032473078,0.09398513526795975,0.11368167379103869,0.19635838698512448,0.5758632410219527,1.2113062857167268e-05,random
0.38256403843200726,0.10044494789047675,0.22574737120312693,0.0036406014277039836,0.08922361543018674,0.14963962688003257,0.048739798736465785,0.5757182968384587,1.2188625922521073e-05,random
0.3635504280395378,0.017870591785318145,0.18281187120578504,0.03144021046939058,0.23159542343722023,0.11251865312918607,0.06021282193356224,0.5756216673827959,1.2239242882763822e-05,random
0.19484471811262735,0.11848245897253332,0.10185834570951248,0.3167598131215787,0.06064680997883061,0.1549953305624438,0.05241252354247373,0.5755733526549646,1.226462409142412e-05,random
0.3048259224508749,0.04555090291494679,0.3506290302094683,0.010490682868306307,0.09262285403720881,0.1586182636648036,0.03726234385439117,0.5755250379271332,1.2290053898769463e-05,random
0.32442649779908556,0.07656877557386374,0.16653545673966536,0.08388445250759463,0.08890445404532885,0.07534676849172754,0.1843335948427344,0.5754284084714705,1.2341059649290284e-05,random
0.28241042095373825,0.1173934285582593,0.08287504429009793,0.1488383963156384,0.023682140754434942,0.07606631843475578,0.26873425069307555,0.5753800937436392,1.23666357626861e-05,random
0.26788537422249237,0.196333372833793,0.007815995576276937,0.04412965163986452,0.2595941732257628,0.19608993787602086,0.028151494625789582,0.5753800937436392,1.23666357626861e-05,random
0.3968026670078564,0.13597649747142607,0.06662879092293938,0.13030660079881087,0.03878378495555652,0.1614916972677852,0.07000996157562572,0.5753800937436392,1.23666357626861e-05,random
0.3334501737583418,0.10795388924554902,0.1106570264160571,0.09714365903263097,0.15682292897656894,0.1654126930097849,0.02855962956106733,0.5752834642879764,1.2417934892300241e-05,random
0.16465647130843653,0.14577233046506505,0.24200361530398481,0.06298422226717064,0.1085618737224582,0.2660848298634071,0.009936657069477873,0.5752834642879764,1.2417934892300241e-05,random
0.12237382622940311,0.01797849978192456,0.02674641316756527,0.08367592847984846,0.21438533291484577,0.28523566919830884,0.24960433022810394,0.575235149560145,1.2443658079540139e-05,random
0.32977317764418335,0.016926049666824906,0.21934585529870002,0.014644730480092424,0.2511912677386832,0.12401038700225231,0.04410853216926377,0.575090205376651,1.2521123159936077e-05,random
0.3029144026527421,0.1375675487441129,0.19398695288261694,0.06973691824291293,0.09012280321128716,0.10532460504630106,0.10034676922002696,0.575090205376651,1.2521123159936077e-05,random
0.1448030991145583,0.10681998714285065,0.07175794677361162,0.2565710026410729,0.22197014777559887,0.17462193918016142,0.023455877372146335,0.575090205376651,1.2521123159936077e-05,random
0.12506022560579624,0.09648303824623358,0.08225985913014155,0.12731489422066739,0.25121259903366805,0.1687608196913175,0.14890856407217568,0.5749452611931569,1.2599033325348475e-05,random
0.18100432863859742,0.21498717690705882,0.11262761079959135,0.0952713987217003,0.16894041572634347,0.20785892646659349,0.01931014274011514,0.5749452611931569,1.2599033325348475e-05,random
0.07006462995794123,0.09033463857087586,0.22728359882272475,0.12905891334275815,0.1905000654421718,0.214470318612204,0.07828783525132432,0.5748969464653255,1.2625102691081115e-05,random
0.3968240972632744,0.04860718864124239,0.025846922974763924,0.004709695129165983,0.09668635643478006,0.3122646143778109,0.11506112517896236,0.5748969464653255,1.2625102691081115e-05,random
0.13461320978586447,0.14828830663234602,0.15031886506052394,0.19513796455769075,0.18058649238369484,0.17129954722937915,0.019755614350500793,0.5748486317374941,1.2651221856423721e-05,random
0.0885590614112933,0.04410666652598383,0.19859932403091574,0.11995942703055133,0.08787589119815122,0.1435819045058943,0.31731772529721025,0.574703687554,1.2729879018694655e-05,random
0.3914240629392873,0.13035606827099194,0.06362681795196404,0.002006489718747661,0.10754020639790365,0.16116197323057452,0.14388438149053087,0.574703687554,1.2729879018694655e-05,random
0.1780790915215377,0.017382906606113937,0.15320090512505594,0.16251879270088293,0.2771338659177688,0.1577784878604132,0.05390595026822753,0.574703687554,1.2729879018694655e-05,random
0.45786207543083635,0.009808294285653338,0.1232125948861738,0.03553376206451894,0.11380048181020369,0.15156318535181476,0.10821960617079922,0.5746553728261687,1.2756198251739574e-05,random
0.2072352996133754,0.045329407995629324,0.07571919694892765,0.3099251397958629,0.11148426745934681,0.12499385778309607,0.12531283040376176,0.5746553728261687,1.2756198251739574e-05,random
0.29877615427485055,0.12864096245863452,0.08822014672725609,0.012276223026104968,0.06405359594971592,0.10130912851370201,0.306723789049736,0.5746553728261687,1.2756198251739574e-05,random
0.16498836149877352,0.06292429773585534,0.023315461539893896,0.12103327118987732,0.17939314240085255,0.22520324885002305,0.22314221678472426,0.5746070580983373,1.2782567719705603e-05,random
0.25409846954897636,0.11209768553610706,0.21749552897170388,0.07548888696068169,0.08666942432146917,0.07405974641355632,0.18009025824750557,0.574558743370506,1.2808987510063398e-05,random
0.3943850909077757,0.06550456040547088,0.13720124468547656,0.004367208416228466,0.12827385338375152,0.09611773928409813,0.17415030291719857,0.5744621139148435,1.286197840852046e-05,random
0.36772675320043996,0.08965935034196153,0.23116379885228244,0.0020260038031023496,0.05630896034205777,0.14924448681446562,0.10387064664569041,0.5744137991870119,1.2888549692244987e-05,random
0.24840885951503622,0.07502270745401055,0.08834028380621921,0.05258454845346409,0.13633838741014323,0.1231112485460518,0.2761939648150751,0.5743171697313492,1.2941844368777117e-05,random
0.2733929218716149,0.060945775417909444,0.12525373218198987,0.026682248640983418,0.1516364350418493,0.10749694826010023,0.2545919385855529,0.574268855003518,1.2968567938033422e-05,random
0.24865515633000135,0.14426899519585631,0.20577796835366485,0.030830593104349078,0.11488138937465064,0.14506162723001503,0.11052427041146283,0.5742205402756866,1.29953424458121e-05,random
0.0753229192716317,0.10073442996005444,0.18864271298832108,0.08985392693836547,0.3251495531841218,0.2081089690492756,0.012187488608230006,0.5742205402756866,1.29953424458121e-05,random
0.20082381989978437,0.15544114847975815,0.15097898071049345,0.14397924711061685,0.18619198439952253,0.132422499479709,0.030162319920115793,0.5741722255478553,1.3022167980681455e-05,random
0.4127810786732864,0.11587185051399854,0.045759879469772086,0.09696625801809203,0.08144586539590262,0.14702811129120041,0.10014695663774811,0.5741722255478553,1.3022167980681455e-05,random
0.14841029742917558,0.023772700241553073,0.0933469446916139,0.10040319919054047,0.32661419849851414,0.22346016534131935,0.08399249460728361,0.5741722255478553,1.3022167980681455e-05,random
0.2676048743474452,0.06563443220952538,0.1643018827008421,0.00010048356861370006,0.11934361579425554,0.08180159970179464,0.3012131116775233,0.5740755960921925,1.3075972486658844e-05,random
0.3175767839771537,0.0388625836933607,0.10163659720486323,0.0034311518321023756,0.15185085945427046,0.15889050000937122,0.22775152382887834,0.5740755960921925,1.3075972486658844e-05,random
0.5025791095555073,0.0702081081215661,0.09322946321107276,0.14096002620514161,0.01753167070672717,0.111912783262788,0.06357883893719689,0.5740272813643612,1.3102951635595288e-05,random
0.2963253358686755,0.08731472133312565,0.2908102883164794,0.0297163222379708,0.15949744174476355,0.09897669965297472,0.037359190846010276,0.5738823371808671,1.318419773608107e-05,random
0.3667801550560171,0.08406724357099832,0.11968178614448462,0.017124782153001915,0.20980191303598952,0.1633971490216868,0.03914697101782166,0.5738340224530357,1.3211382952135776e-05,random
0.3256533919423981,0.09700401177226667,0.08032738893850126,0.10585654088410383,0.05463816977512244,0.10318754357534196,0.23333295311226587,0.5737857077252043,1.3238619908818811e-05,random
0.19553158553753808,0.052428753814954654,0.10228051730681773,0.05354651424126603,0.3377501603488271,0.21502384593840285,0.0434386228121936,0.573737392997373,1.3265908695948436e-05,random
0.586020245177595,0.03464947197873573,0.047381037098237704,0.09638470221964908,0.01625061368100693,0.20948691193506283,0.009827017909712698,0.573737392997373,1.3265908695948436e-05,random
0.11900514438785022,0.14966452933775196,0.05978250732803822,0.014970592060334907,0.26039490328598164,0.1907960503985031,0.20538627320154001,0.5736890782695416,1.3293249403483053e-05,random
0.30130593240645065,0.08769977426094891,0.15145160733179197,0.009701337840890863,0.1439797425755129,0.09582533045778585,0.210036275126619,0.5736890782695416,1.3293249403483053e-05,random
0.35607038058533846,0.04557376262696838,0.2318446885040954,0.14535135862124862,0.09992399509721989,0.0826242008788414,0.03861161368628779,0.5735924488138789,1.3348086940299632e-05,random
0.19278176021824173,0.15326236038610597,0.06226914679934336,0.13748357034097333,0.13135881034207775,0.20756549660023624,0.11527885531302168,0.5735924488138789,1.3348086940299632e-05,random
0.32042837798904755,0.109476228670546,0.12575890602675627,0.08738446645291638,0.10794061699812488,0.098173196995024,0.150838206867585,0.5734958193582161,1.3403133241737863e-05,random
0.09896522771742353,0.03702254391372292,0.22957000920918144,0.07153986842734668,0.18619556538471857,0.14061450515318338,0.2360922801944234,0.5734958193582161,1.3403133241737863e-05,random
0.32354286531919746,0.02516872323776302,0.11587956231232788,0.13661299181672276,0.12067565733531647,0.06910567828071697,0.20901452169795534,0.5734958193582161,1.3403133241737863e-05,random
0.21016694361265734,0.033943439763971635,0.1279609279768615,0.14811017209080268,0.13956347121237955,0.09619012963618571,0.24406491570714153,0.5734958193582161,1.3403133241737863e-05,random
0.332379170621589,0.1505135219912233,0.11326830898932778,0.10412032540678458,0.06534260039873575,0.07740572823373883,0.15697034435860097,0.5734475046303849,1.3430734905576158e-05,random
0.35412047082620085,0.18155874085314697,0.032593500890319684,0.16588046977362406,0.06334234493892692,0.16902239762632598,0.03348207509145552,0.5733508751747222,1.3486095713496557e-05,random
0.26438968894363946,0.04305041804752287,0.33683022006330376,0.009506065197248361,0.13071577985847482,0.1933991042432938,0.022108723646516948,0.5733508751747222,1.3486095713496557e-05,random
0.31117112937650054,0.03414212275002756,0.06381568885911035,0.1307732146599725,0.17988743679115843,0.26405845446056403,0.01615195310266668,0.5733508751747222,1.3486095713496557e-05,random
0.11765124712348755,0.04062259172626222,0.26886477132731584,0.06298520768006377,0.12408096885956096,0.1351403169518895,0.25065489633142024,0.5732059309912281,1.356953199223914e-05,random
0.10961582844964965,0.0574100656250942,0.15362360061243902,0.2472501327839372,0.09224780985103039,0.10687813398900946,0.23297442868884005,0.5732059309912281,1.356953199223914e-05,random
0.0784268339323359,0.12075650458553074,0.11484525520962136,0.0269155153930428,0.14347637810022243,0.14735207894988941,0.36822743382935724,0.5731576162633967,1.359744980164176e-05,random
0.3875216326557008,0.06954178309849697,0.015400241768798414,0.04213609388156828,0.05655034622004448,0.29847435062533717,0.13037555175005394,0.5731576162633967,1.359744980164176e-05,random
0.19710850230275634,0.03426793390153792,0.0548468235483276,0.3140792324465594,0.07080629716142942,0.13324131610679318,0.19564989453259624,0.5731093015355654,1.3625420621921363e-05,random
0.2337292975200513,0.14823419605934526,0.2458613526397873,0.1482209390636236,0.041804997886757865,0.17341781726679573,0.008731399563639063,0.5731093015355654,1.3625420621921363e-05,random
0.5839334223798011,0.06648827312633987,0.07025685037155363,0.0006194074147965624,0.1376158452158335,0.13426332459875767,0.0068228768929175145,0.573060986807734,1.3653444544870668e-05,random
0.20479625643821275,0.20633506022977294,0.08308950447378885,0.007519184222029625,0.2415309056198324,0.20093215645907714,0.0557969325572862,0.573060986807734,1.3653444544870668e-05,random
0.37213509241573084,0.05286849818780818,0.21975607534085798,0.1015203005870111,0.07552905567510088,0.06505784404622857,0.11313313374726258,0.5730126720799026,1.3681521662425268e-05,random
0.37014163217200274,0.08993787325869121,0.3137614940739157,0.00543634428915426,0.03564306859991018,0.14734667394282014,0.037732913663505785,0.5729643573520712,1.3709652066663198e-05,random
0.31848823497804263,0.056745512225118276,0.18246420393346355,0.17615269419929802,0.09501454672012646,0.11382423775973464,0.05731057018421637,0.5729643573520712,1.3709652066663198e-05,random
0.22336560359727842,0.19560894813244273,0.0861633147647789,0.201497277567115,0.06167792433079938,0.15847522752250512,0.07321170408508028,0.5729643573520712,1.3709652066663198e-05,random
0.17674372956956846,0.2011253348045656,0.1681827524109592,0.012318238275344142,0.11590402140218595,0.24814428020841484,0.07758164332896189,0.5729643573520712,1.3709652066663198e-05,random
0.4611558320271554,0.10150947576096538,0.11250761506124016,0.02600542674708185,0.07528394284426503,0.1837868519759018,0.03975085558339048,0.5728677278964085,1.3766073104215718e-05,random
0.08999717074558045,0.20346869543454243,0.11240558169060631,0.09505478103954856,0.1889507910275801,0.2576392637539364,0.052483716308205565,0.5728677278964085,1.3766073104215718e-05,random
0.3640331172017297,0.10687851818497361,0.20344547272831381,0.06987883932577649,0.14505523232574738,0.09266187039198356,0.018046949841475465,0.5728677278964085,1.3766073104215718e-05,random
0.22686962067633912,0.1262954898024202,0.29464787122159924,0.020013658317566324,0.0425711661307297,0.24112406227735056,0.04847813157399492,0.5728194131685772,1.3794363922401456e-05,random
0.28516346353236915,0.07100497639128596,0.10535691017679996,0.042436943113769394,0.1991846125567981,0.1467799879501852,0.15007310627879236,0.5728194131685772,1.3794363922401456e-05,random
0.1956550317694019,0.03291790678670388,0.06500490256368059,0.024890724836376096,0.0622828499043669,0.05234982786906787,0.5668987562704029,0.5727710984407458,1.382270839701335e-05,random
0.5040435948550495,0.04694898719921144,0.060516019262721675,0.02411191032261047,0.11452140091680967,0.2058967906046415,0.043961296838955846,0.5727710984407458,1.382270839701335e-05,random
0.273864883143094,0.07261520519624826,0.15710615509340697,0.07077913020161909,0.027732626615372277,0.050793716375676964,0.3471082833745824,0.5727710984407458,1.382270839701335e-05,random
0.45353058375825667,0.1420407670752247,0.06348541952290424,0.06756290521907675,0.07999935216260941,0.17447841424373045,0.018902558018197714,0.5727227837129145,1.3851106620845672e-05,random
0.13960249486640705,0.07349159550132246,0.21247047505486838,0.07682838167584854,0.1886028030888369,0.11414967065549012,0.19485457915722654,0.5726261542572517,1.3908064688068373e-05,random
0.19476853941779187,0.20293912110747722,0.14094085292661085,0.1673015530953323,0.05989786797725119,0.20688997962312428,0.027262085852412368,0.572529524801589,1.3965238869304044e-05,random
0.3241176694082338,0.07126089549186813,0.10199895441689202,0.09716276323174328,0.2264780870926203,0.16262920180198243,0.01635242855666002,0.5724328953459263,1.4022629912097845e-05,random
0.10929157534600699,0.046869347282934376,0.03796101872093467,0.017513471886246273,0.30325983828161,0.24301412505446612,0.2420906234278014,0.5724328953459263,1.4022629912097845e-05,random
0.21875402314552522,0.04692965342264737,0.20165124344962268,0.14840515279223854,0.16068360197746687,0.09754283531803727,0.126033489894462,0.5723845806180949,1.4051406990820235e-05,random
0.19770709805762174,0.051068050030166234,0.15134927829876785,0.0008427188526299564,0.3000991507549345,0.17865745092949306,0.12027625307638667,0.5723845806180949,1.4051406990820235e-05,random
0.11479132352412767,0.06578428703516326,0.13248008639393014,0.00270007424222341,0.3446575482963263,0.14888964214095377,0.19069703836727533,0.5723845806180949,1.4051406990820235e-05,random
0.1624243744940085,0.11979499155937308,0.0538941789226858,0.018979193448429018,0.16017438005607132,0.1349720779581145,0.3497608035613178,0.5723362658902635,1.4080238566311861e-05,random
0.20316269355623323,0.09824954270759403,0.12296268842363536,0.09636375544900963,0.2182172620044515,0.14506830766198253,0.1159757501970937,0.5722879511624323,1.4109124732668462e-05,random
0.4144692544220865,0.09454980143950532,0.06883605002033764,0.0889440568847473,0.14128477170463838,0.14482353290314542,0.04709253262553951,0.5722879511624323,1.4109124732668462e-05,random
0.26530674903623436,0.177137149920325,0.09408346386863935,0.008407235795294612,0.10015924444285809,0.1650165749407385,0.1898895819959102,0.5722396364346009,1.4138065584131436e-05,random
0.3557968351554262,0.08433285466974255,0.08135943886882213,0.1963357819429035,0.04991856044069468,0.0918690582163416,0.14038747070606947,0.5721913217067696,1.4167061215087991e-05,random
0.1610122862850546,0.0710488685310223,0.12941409011287433,0.05136129534512882,0.06358052040412669,0.048796756560758506,0.4747861827610346,0.5721913217067696,1.4167061215087991e-05,random
0.15049644721474134,0.13469511333342168,0.0507022869993373,0.12543304992548332,0.1176528543482948,0.11528876037669901,0.3057314878020226,0.5721430069789382,1.4196111720071231e-05,random
0.33405570553018604,0.06753590304921643,0.028754473206054332,0.019477430156319163,0.12775550711504505,0.20072412360318395,0.22169685733999495,0.5720946922511068,1.422521719376052e-05,random
0.16409479816732322,0.11212228605890073,0.00980495647134584,0.12167446623126915,0.2398298754821173,0.253143383432481,0.09933023415656277,0.5720463775232754,1.425437773098151e-05,random
0.06201796321490473,0.02436861214661111,0.2027584437687514,0.03898157364921736,0.4245554191588955,0.1995333093248565,0.047784678736763446,0.5720463775232754,1.425437773098151e-05,random
0.34622747978715923,0.189688473814128,0.09033305284157601,0.014020694234265333,0.13281243169907933,0.21641600058578386,0.010501867038008362,0.5719497480676127,1.4312864376054568e-05,random
0.11591683511931744,0.16136279234723896,0.06286299764412412,0.05102993821886811,0.24993556716069432,0.20626785916768064,0.15262401034207648,0.5719014333397814,1.4342190674291793e-05,random
0.4280844888412595,0.04169006227320091,0.06295671040585624,0.006717651272829477,0.11396248011166381,0.28104151551248335,0.0655470915827066,0.5718048038841187,1.4401009699233592e-05,random
0.18747024818655078,0.15493120534797292,0.01385834011391054,0.07645665695653407,0.23342035493099697,0.20857261532080934,0.1252905791432254,0.5718048038841187,1.4401009699233592e-05,random
0.15739288980428098,0.04863490205697476,0.20380805538710783,0.012365850230223125,0.23046896278439796,0.13584685287351378,0.2114824868635016,0.5717564891562873,1.4430502617206863e-05,random
0.25868914021712397,0.19902448412313714,0.15345259516905435,0.001968927939915351,0.1471064443961331,0.19052293370929077,0.049235474445345456,0.5717081744284559,1.4460051266606934e-05,random
0.15553389373104498,0.11235830340723423,0.2661250292604801,0.03179623124277549,0.09151215401241411,0.24074023905432837,0.10193414929172273,0.5716598597006245,1.4489655743437787e-05,random
0.3397708492210332,0.14353492783059946,0.09273902434737999,0.1991507023891226,0.05182414278377748,0.06750667666163376,0.1054736767664534,0.5716598597006245,1.4489655743437787e-05,random
0.24188041472518643,0.24429095155320033,0.01847557733580379,0.010978278421189105,0.09255503638087502,0.20828085869260796,0.18353888289113737,0.5716598597006245,1.4489655743437787e-05,random
0.2381243076926587,0.07257855997728545,0.1985200273611705,0.17637097517340652,0.13387972225667313,0.08541432085476716,0.09511208668403866,0.5716115449727932,1.4519316143851066e-05,random
0.260692187045749,0.06807856607854881,0.20050871134994205,0.015385560155245524,0.2630476977835554,0.11396406750280066,0.07832321008415849,0.5716115449727932,1.4519316143851066e-05,random
0.18046665003242407,0.05948098613254101,0.010498908052451609,0.28211243033256156,0.09891003254880007,0.16878972496372002,0.19974126793750152,0.5716115449727932,1.4519316143851066e-05,random
0.43244392169442003,0.12829224215871088,0.04290395427215413,0.10180539165549032,0.007751375986704911,0.16499602794612306,0.12180708628639647,0.5715149155171305,1.4578805100775705e-05,random
0.43062685499367503,0.0843448974634488,0.11161197454913419,0.15991495538902184,0.08947463277195045,0.12110619550251658,0.002920489330253,0.5714666007892991,1.460863385033378e-05,random
0.04863631905422143,0.13422334837077576,0.2494077257949705,0.03755459313284916,0.17593249038392572,0.32455438006626347,0.029691143196993744,0.5713699713336364,1.466846037537383e-05,random
0.37322122245716605,0.028371404466178564,0.2306650127898523,0.16538118220736137,0.017715487429339972,0.06760856222194603,0.11703712842815572,0.571321656605805,1.4698458344797004e-05,random
0.3615623085275073,0.06895970768983958,0.07757203628618062,0.0007178506701504654,0.06524340735766614,0.10465602864683154,0.32128866082182417,0.571321656605805,1.4698458344797004e-05,random
0.38512684862608393,0.08506995129446611,0.1364287206901195,0.058784199095096315,0.11790357267605989,0.11419496758957522,0.10249174002859908,0.5712733418779739,1.4728512915031913e-05,random
0.29819375778800294,0.14211829669475678,0.14687164207643533,0.19882896346997583,0.12763743804058528,0.08501783159163703,0.0013320703386069416,0.5712733418779739,1.4728512915031913e-05,random
0.26258571408278575,0.31013201793711737,0.011468911127529196,0.01704475716111004,0.09842339844794533,0.2936454863690133,0.006699714874499328,0.5712250271501423,1.4758624183423232e-05,random
0.2775214434919195,0.12024899266042094,0.11609917037845983,0.054480798285415466,0.21855992276657024,0.16780571429850275,0.04528395811871121,0.5712250271501423,1.4758624183423232e-05,random
0.2282836487598456,0.07763402381269029,0.076101423236975,0.09247071847908216,0.2885688166012271,0.16348079168182794,0.07346057742835202,0.5711767124223109,1.47887922474652e-05,random
0.3717173128801297,0.12684538597715259,0.10529121452592748,0.06745264925566616,0.134789052397734,0.1700706807239756,0.023833704239414343,0.5711283976944795,1.4819017204802632e-05,random
0.2423181334558893,0.1987411381947255,0.1634457176666356,0.02437117372809187,0.13007674323001361,0.21080538964968457,0.030241704074959772,0.5711283976944795,1.4819017204802632e-05,random
0.10629291219291397,0.061694887394052066,0.12125087330466058,0.02154836932454234,0.1709638847683786,0.07552177116147185,0.4427273018539807,0.5710800829666484,1.484929915322992e-05,random
0.2570396802215783,0.007065980853378487,0.10774811366929463,0.2408358310959873,0.10801906698789372,0.0685319639391935,0.21075936323267402,0.571031768238817,1.4879638190693237e-05,random
0.2126092104296348,0.11598180780852112,0.27881717045725973,0.07034663263799436,0.10689260281598971,0.1341438039701927,0.08120877188040779,0.571031768238817,1.4879638190693237e-05,random
0.3863978393059634,0.02168644801613362,0.09055771262811137,0.2147018764040586,0.050333689338704156,0.11350603116939689,0.1228164031376321,0.5709834535109857,1.4910034415288373e-05,random
0.35101829015784664,0.1789372915558996,0.10189923135288197,0.0016791750866923458,0.11908341916970266,0.10282407460459156,0.14455851807238526,0.5709834535109857,1.4910034415288373e-05,random
0.2726539609030847,0.1813968349080245,0.2048684297441567,0.00031569946301170196,0.09270817799927791,0.20418396641901268,0.04387293056343183,0.5709351387831543,1.4940487925263074e-05,random
0.22471246576618376,0.10577983438404737,0.13946218101434305,0.05229316109512011,0.2700488642426119,0.15513266660893607,0.052570826888757825,0.5708868240553229,1.4970998819015214e-05,random
0.12910186474340363,0.08834851299952355,0.1006219896970961,0.004299291389206275,0.24046437639594853,0.13951707718654044,0.29764688758828134,0.5708868240553229,1.4970998819015214e-05,random
0.07772217249152079,0.14692740879573535,0.04640888792068367,0.30712268020924993,0.1330756480540972,0.20286021684814032,0.08588298568057266,0.5707901945996602,1.5032193152203581e-05,random
0.1344211451120952,0.2149888931443134,0.062155546563386045,0.018253719508436347,0.3099477012092523,0.25019654780155615,0.010036446660960693,0.5707418798718288,1.506287678919431e-05,random
0.2128054199667045,0.10638478052496413,0.19668677511085444,0.061897539341840155,0.24467790655468602,0.12172420850780541,0.055823369993145286,0.5706935651439975,1.5093618205071945e-05,random
0.48500044524384645,0.03506161255906521,0.22102893794677822,0.05959528405399407,0.0817567732445602,0.0575779071803938,0.0599790397713621,0.5706452504161661,1.512441749899427e-05,random
0.15841968231015635,0.06353300820545474,0.03451720565151406,0.15741844873896418,0.2608819087059247,0.29835949733603,0.02687024905195599,0.5706452504161661,1.512441749899427e-05,random
0.36956294457625316,0.08915660747598281,0.099309056555858,0.09783084868022479,0.14961258739811642,0.1559554967111082,0.03857245860245657,0.5705969356883347,1.5155274770270758e-05,random
0.08036846990145809,0.0839846072224028,0.0897398012991818,0.0043659805323033535,0.27988042067300856,0.1583892541561057,0.30327146621553974,0.5705969356883347,1.5155274770270758e-05,random
0.3197743641484348,0.20121662334614457,0.10589974299966695,0.03888246746387865,0.07451774252198229,0.20379276530852075,0.055916294211371946,0.5705486209605034,1.5186190118363826e-05,random
0.14046586189307342,0.26371088137462634,0.013057440316760694,0.028924411184649522,0.15023571009262424,0.3167998638227603,0.08680583131550555,0.5705486209605034,1.5186190118363826e-05,random
0.2996624298555797,0.06817567493449696,0.131071552335075,0.184965527007624,0.15706466735854113,0.09704056892175135,0.06201957958693194,0.5705486209605034,1.5186190118363826e-05,random
0.07886534966345342,0.21110096692515223,0.04831903987934715,0.0010527026978665096,0.16384533076726676,0.29505774435795146,0.20175886570896245,0.570500306232672,1.5217163642888418e-05,random
0.4621044838065322,0.05550269401335816,0.022172194997625252,0.010990851263152048,0.08189912989898972,0.1448354388462804,0.22249520717406215,0.570500306232672,1.5217163642888418e-05,random
0.1748648618622679,0.14749512773503703,0.07097277642760777,0.05265791979622499,0.34511698509340694,0.19029940006865134,0.018592929016803986,0.5704519915048407,1.5248195443612754e-05,random
0.1611809361759082,0.17811745298077633,0.051659973416125334,0.1074227654755631,0.14412968592828337,0.1821144193510868,0.17537476667225688,0.5704519915048407,1.5248195443612754e-05,random
0.16093828404816754,0.1869631672867432,0.1379253475369087,0.0601292326258309,0.1702245355332482,0.1673103505516484,0.11650908241745299,0.5704519915048407,1.5248195443612754e-05,random
0.08332379639766695,0.04784787431444028,0.38453095698446216,0.05577137435490931,0.08544898339569405,0.23162645706894852,0.11145055748387872,0.5704036767770093,1.5279285620458332e-05,random
0.1045141711562309,0.09876849587277549,0.08970089707884003,0.036441269621768926,0.15499844764286583,0.10067387991195109,0.41490283871556766,0.570355362049178,1.5310434273499676e-05,random
0.31717663779895644,0.1318430697382619,0.16489159809098114,0.16375641294668364,0.09373853847773757,0.0680909277387226,0.06050281520865671,0.5702587325935152,1.5372907409237164e-05,random
0.3040671396931969,0.20023759038852795,0.15478882842321726,0.016432081541776975,0.14604763318968952,0.13726668591330318,0.04116004085028817,0.5702587325935152,1.5372907409237164e-05,random
0.17520820486391686,0.04394079439693998,0.010229859470311912,0.01874501427551061,0.24324973587417908,0.31287361284096016,0.19575277827818133,0.5702587325935152,1.5372907409237164e-05,random
0.09515058062090258,0.10817693560297095,0.25104230253890825,0.020015205747178248,0.24852705946380158,0.169277511602574,0.10781040442366432,0.5702104178656838,1.540423209285165e-05,random
0.2923927781780185,0.09706308940551177,0.05836061882066009,0.10745477395696547,0.08836371405092378,0.11162042883777216,0.24474459675014815,0.5700654736821898,1.5498559815427782e-05,random
0.3052695486423667,0.08238432264331416,0.05212593959578455,0.07017590419880404,0.2374930025801871,0.23757775375444887,0.014973528585094565,0.5700654736821898,1.5498559815427782e-05,random
0.14505653907484614,0.1420806239532833,0.26326703544633184,0.023771042158480523,0.12610385055020312,0.28494281396550025,0.014778094851354775,0.5700654736821898,1.5498559815427782e-05,random
0.15718411576725372,0.19534849970933674,0.1678890732832245,0.0571558933523203,0.0758964108357725,0.2658289104714476,0.08069709658064472,0.5700171589543584,1.5530120616862725e-05,random
0.158613984973611,0.1253093684913066,0.05003780748963854,0.012204329409739804,0.37231618121074495,0.25561920193628096,0.02589912648867824,0.569968844226527,1.5561740700638928e-05,random
0.28412814043635637,0.11474328789275852,0.13678567030210925,0.2160955816424065,0.14180115703280077,0.09127688290984291,0.015169279783725837,0.5699205294986958,1.5593420168221174e-05,random
0.3845226884526603,0.17175247625962448,0.09992557901148716,0.03561467142302136,0.08901845332894374,0.05778991750314002,0.16137621402112307,0.5699205294986958,1.5593420168221174e-05,random
0.17297791007593832,0.015861074186705727,0.2003261776537731,0.15318240350689818,0.10240572814473067,0.06499762575312491,0.29024908067882915,0.5698722147708644,1.5625159121229814e-05,random
0.2625597924333712,0.16009283475194908,0.0758509957963007,0.050208483630518226,0.08739446673783306,0.17838989111310072,0.18550353553692714,0.5697755853152017,1.5688815890785285e-05,random
0.16630395424833772,0.053251964305257526,0.31005590220542245,0.0010870611085089632,0.12984581642117413,0.15303057429314146,0.18642472741815758,0.5696789558595389,1.575271182538434e-05,random
0.2080580010625405,0.1573742853167688,0.19085173562911725,0.011424318398075447,0.13403837482547415,0.1407366602442008,0.15751662452382303,0.5696306411317076,1.578474973528366e-05,random
0.44214619551604556,0.2076958681210584,0.08755916767108483,0.013153944635160276,0.025132227612379255,0.20615357484600427,0.018159021598267287,0.5695823264038762,1.5816847743607022e-05,random
0.5070770679579609,0.07421444076951679,0.0679423504973157,0.015771356547221227,0.07436868459434738,0.12279507516277306,0.13783102447086504,0.5695823264038762,1.5816847743607022e-05,random
0.08658368584308261,0.14091289990963318,0.29357329346958955,0.026496504650800806,0.061701281192950624,0.38948285642526076,0.001249478508682519,0.5694373822203822,1.5913503387051472e-05,random
0.10424887030889678,0.07052951736889473,0.13494786056509916,0.03332065460698208,0.33371220851812455,0.15719945044206865,0.16604143818993405,0.5694373822203822,1.5913503387051472e-05,random
0.1001688000241885,0.11716212059431563,0.21728497400482313,0.08878821927570976,0.22515221633963864,0.17392299420422871,0.07752067555709564,0.5693890674925507,1.594584281778757e-05,random
0.3118476370030334,0.03769888509946628,0.2475218494316706,0.09656306297817242,0.18453713550562267,0.11812017701054814,0.003711252971486424,0.5693407527647194,1.597824286209291e-05,random
0.1524083580459142,0.08658045108621708,0.23116728072411002,0.11769271740534723,0.09853730213631134,0.12875983318986514,0.1848540574122351,0.5693407527647194,1.597824286209291e-05,random
0.3545235286390573,0.07206141965073383,0.2175243056174731,0.1222781750862546,0.11115908734023028,0.09997778015752865,0.02247570350872251,0.5692441233090567,1.6043225205578695e-05,random
0.36404243508813183,0.08388725666252808,0.1432275819792881,0.028498992858615724,0.20421451471363983,0.13082960498520926,0.04529961371258713,0.5691958085812253,1.607580771223837e-05,random
0.21721819231424472,0.12110011864478565,0.13130531722016411,0.02206477251584584,0.1887421647521375,0.0914344923152635,0.22813494223755856,0.5691958085812253,1.607580771223837e-05,random
0.37052889041252307,0.12306200753766797,0.10457476876195869,0.0036643332401447883,0.13058671411115058,0.14915365117960683,0.11842963475694812,0.5691958085812253,1.607580771223837e-05,random
0.0659389161022573,0.042531259723654326,0.31524421445961476,0.005506411162356688,0.0774467130097767,0.23053528887025118,0.262797196672089,0.5691958085812253,1.607580771223837e-05,random
0.2837260913602357,0.06648878666538785,0.01316638815370217,0.2439789201201919,0.04938519509942917,0.17412732570613992,0.16912729289491338,0.569147493853394,1.610845124742596e-05,random
0.03583200945782321,0.12529841532526223,0.04576445923728192,0.0409439240474996,0.4096853984863408,0.32254799264485984,0.019927800800932368,0.569147493853394,1.610845124742596e-05,random
0.17717785813297063,0.0644246327326552,0.13302837841931617,0.07469390711597987,0.30671794615101666,0.16964728810908006,0.07430998933898136,0.5690991791255626,1.6141155915277864e-05,random
0.26078562756309254,0.2643368953404212,0.023329969644909212,0.00590121820783439,0.1502270858266691,0.223709331772599,0.07170987164447436,0.5690025496698999,1.6206749066314453e-05,random
0.23259847464234673,0.05632766415319818,0.20530942624851087,0.060190493267799045,0.2388358348114354,0.14345739834552695,0.06328070853118288,0.5690025496698999,1.6206749066314453e-05,random
0.5484293300866804,0.13296302771897778,0.023136537419657613,0.02545384626036925,0.03898726184153822,0.1594585286716494,0.07157146800112739,0.5688092907585744,1.6338673560029487e-05,random
0.329829175410075,0.18699067459872276,0.055290266134355726,0.09066912739498593,0.09980799216792301,0.11954579738389834,0.1178669669100391,0.5688092907585744,1.6338673560029487e-05,random
0.15025007719137515,0.25341317593771323,0.057748432011666,0.02656375366227565,0.2384228414919848,0.26472947449084266,0.008872245214142363,0.568760976030743,1.6371809085729776e-05,random
0.3639316899559423,0.03265800180669372,0.2691138946490242,0.0066742779576107435,0.1896312339919292,0.10249421276077993,0.03549668887801997,0.5686643465750804,1.6438266157195642e-05,random
0.13536729562862235,0.07023857306407162,0.138048487918735,0.03091600203487574,0.39361732752772216,0.17051291393862336,0.06129939988734982,0.5686160318472491,1.6471587914272226e-05,random
0.10217276824413081,0.23178690294757034,0.0177673927919512,0.10086388366160098,0.24023625077922636,0.28053301968606054,0.026639781889459913,0.5686160318472491,1.6471587914272226e-05,random
0.30731941476158725,0.010488905727100463,0.13933086099656714,0.15488280406494773,0.05606522185228593,0.031563047160577444,0.30034974543693416,0.5685194023915863,1.6538418400599635e-05,random
0.3717520409633384,0.08248926251154859,0.1456981661237369,0.006733264863468051,0.21150196202643953,0.12309327962573799,0.058732023885730573,0.5684227729359236,1.660549889102423e-05,random
0.41254755384164454,0.20978025493995842,0.10445606226476857,0.023825607206509048,0.0927423522204035,0.12674612301541,0.029902046511306,0.5684227729359236,1.660549889102423e-05,random
0.0942901153766166,0.1426534766347175,0.03231738212054498,0.05636096418429972,0.28683137034372536,0.2114529623702484,0.17609372896984746,0.5683744582080922,1.6639133153829323e-05,random
0.08212179727442422,0.19658895281032665,0.08344903137201853,0.00135347981156954,0.19626549058683637,0.21500055763095244,0.22522069051387228,0.5683261434802609,1.667283023725044e-05,random
0.0658261468087173,0.08890095540141997,0.026821112843391098,0.2491222217443008,0.2460727256073944,0.3062741588360689,0.01698267875870757,0.5683261434802609,1.667283023725044e-05,random
0.3090818653112312,0.15230125487607882,0.01823585028369568,0.03694070574801744,0.23822639421216615,0.15597631264367706,0.08923761692513352,0.5683261434802609,1.667283023725044e-05,random
0.15599269041185743,0.051593184745286194,0.11311394795763843,0.256167745652106,0.1448437762671812,0.052109385945673964,0.22617926902025695,0.5682778287524295,1.6706590248156296e-05,random
0.35079280097914384,0.07508186861825399,0.22491579013364238,0.05709654771128513,0.08850292085218071,0.07091822255076731,0.13269184915472668,0.5681328845689354,1.6808248916909907e-05,random
0.19544178287291758,0.007114605420644207,0.20663680259482883,0.12323324593136807,0.10958365533166861,0.07624336226558161,0.28174654558299117,0.5681328845689354,1.6808248916909907e-05,random
0.2772898530955928,0.11451737082878741,0.003935550915717198,0.33980970930511695,0.0946241245022806,0.1659917783612276,0.003831612991277393,0.5681328845689354,1.6808248916909907e-05,random
0.4003295137611186,0.02271262181802638,0.006891234632865716,0.100558901497394,0.12270186877035148,0.30687676573470946,0.03992909378553448,0.5680845698411041,1.6842261709697437e-05,random
0.4318859770040507,0.1281196897662416,0.2357486276561427,0.0014087112932716246,0.0563468850554865,0.08443176051580702,0.062058348709000025,0.5680845698411041,1.6842261709697437e-05,random
0.13078162037879537,0.16347844267259937,0.00666951001329902,0.14152217156650165,0.2855995219436014,0.19428861746595266,0.07766011595925053,0.5679879403854413,1.691047779593731e-05,random
0.4291208331250462,0.1161500217251971,0.2565690167546377,0.005442072224553712,0.05869946790814761,0.11507569062620973,0.018942897636208017,0.5678429962019472,1.7013279797136375e-05,random
0.24280100586356904,0.1819288506075107,0.1433781901224605,0.04069948534147003,0.03550534278393569,0.18125801337330008,0.17442911190775387,0.5677463667462846,1.708213430980074e-05,random
0.36665530019886183,0.09323176956638107,0.24364853355828178,0.011989068056198487,0.13826181531913115,0.0903033959782128,0.05591011732293286,0.5677463667462846,1.708213430980074e-05,random
0.28573650254509503,0.026672739768767245,0.003186259198134182,0.06559214570381146,0.19330060172290955,0.3449248027866217,0.08058694827466091,0.5676980520184534,1.711665784570232e-05,random
0.46932533748453875,0.035296312345301305,0.20035877808994554,0.006065032333021456,0.12995480666183362,0.031060302461782072,0.12793943062357727,0.5676980520184534,1.711665784570232e-05,random
0.23004735066922216,0.3021029088282029,0.05546652926077019,0.006820181259943421,0.08389541303403067,0.3109970592120326,0.010670557735798277,0.5676980520184534,1.711665784570232e-05,random
0.1140278171580806,0.07804333333311446,0.21431380126134317,0.06772504246596685,0.24178747656442506,0.12315466021011101,0.16094786900695876,0.5676014225627906,1.7185898021644147e-05,random
0.1111099675779475,0.14653263405796227,0.10326664966484617,0.1778281593881319,0.06274072687414255,0.1769834006067968,0.22153846183017276,0.5676014225627906,1.7185898021644147e-05,random
0.44822307992437116,0.0634203247349814,0.07664334476921193,0.027089968171378154,0.02554037024266604,0.07943972341957012,0.2796431887378211,0.5675531078349592,1.7220614880181555e-05,random
0.2959445006592147,0.1337754393153645,0.03958559332188453,0.08808826606561394,0.2054683896146031,0.13714797337010415,0.0999898376532151,0.5675047931071279,1.7255396398370627e-05,random
0.31017642452404787,0.1640892706962272,0.03709084940505328,0.1286515388286136,0.060295696173083266,0.14364204359765287,0.1560541767753218,0.5674081636514652,1.7325153852523577e-05,random
0.325969232910282,0.10154417303797844,0.033963060229104496,0.03268747237266795,0.21180226207067931,0.18170440450940567,0.1123293948698821,0.5673598489236338,1.736013000831344e-05,random
0.20015261021987138,0.04204046834646089,0.030280072157144535,0.4619149979652529,0.07255591831243269,0.16098285608293816,0.03207307691589934,0.5673598489236338,1.736013000831344e-05,random
0.46730399601801115,0.08641956772561586,0.1892917560385296,0.036000199626943376,0.0920500902382942,0.07068726082438322,0.058247129528222454,0.5673115341958024,1.739517126340713e-05,random
0.23936182874055065,0.13922805477889494,0.18446565155929284,0.19337769422796647,0.05281200449266743,0.15646275673202728,0.03429200946860051,0.5672632194679711,1.7430277728134867e-05,random
0.26670724058577366,0.1335663953391667,0.06759976119365413,0.029211981745769448,0.08198794605065514,0.09309336300122745,0.3278333120837534,0.5671665900123084,1.7500686728648555e-05,random
0.2319300758553653,0.09107117625635025,0.05488710235058798,0.17873493979537602,0.2027132819453238,0.1326103367808612,0.10805308701613535,0.567118275284477,1.7535989485931685e-05,random
0.31043021270062454,0.09587524522303403,0.029411150484245113,0.3674157387536153,0.0670532383221412,0.12707445743196416,0.002739957084375743,0.567118275284477,1.7535989485931685e-05,random
0.18719723225523116,0.018469873136366822,0.1624148761574919,0.1541737506831892,0.3024445803428213,0.1508251620746439,0.02447452535025567,0.567118275284477,1.7535989485931685e-05,random
0.3833866627453763,0.10900328360874616,0.10490102473376058,0.01738770635969977,0.17129724035877184,0.13926390626350266,0.07476017593014274,0.5670699605566456,1.7571357895843378e-05,random
0.17770393137757592,0.09690479259339119,0.1564788410793317,0.2300483550538286,0.07639665757085282,0.11290220716203074,0.14956521516298915,0.5670216458288142,1.760679206955208e-05,random
0.12842086383174833,0.03427268737674882,0.2168764113229252,0.1257504772458192,0.2830090545284472,0.13306333877893822,0.07860716691537317,0.5670216458288142,1.760679206955208e-05,random
0.10568900442854157,0.15343806531060766,0.03820360044869537,0.06771321428243648,0.356658945514728,0.26188165611832354,0.016415513896667313,0.5669733311009829,1.7642292118394325e-05,random
0.5331368022741367,0.023625497542370758,0.1866538006053127,0.01293361775940349,0.08876179867136692,0.0559855211309358,0.09890296201647358,0.5669250163731515,1.7677858153875496e-05,random
0.072436499549467,0.14715254465315755,0.08476392876899605,6.0202794980814994e-05,0.3931563060703198,0.22701956715222665,0.07541095101085211,0.5669250163731515,1.7677858153875496e-05,random
0.12779552879384934,0.14076838607889725,0.12684822862855213,0.02146481309038377,0.16901461683078986,0.13216120781454352,0.28194721876298406,0.5668767016453202,1.7713490287669484e-05,random
0.26536166928708693,0.11421339377742484,0.03680264027314559,0.05359332003450511,0.31406983953076456,0.1789688331364817,0.03699030396059138,0.5668283869174888,1.7749188631619523e-05,random
0.16307085986406888,0.16761507639784154,0.11890218112561549,0.02038395286562574,0.2983909105614028,0.20064046681706685,0.03099655236837853,0.5667800721896575,1.7784953297737693e-05,random
0.03659736621194189,0.06943877888405646,0.3858073199630749,0.04350790374510398,0.025192374612836268,0.33171021175451587,0.10774604482847056,0.5667800721896575,1.7784953297737693e-05,random
0.2738085433408852,0.1663121501796501,0.06732650111205313,0.0847714694258244,0.18756834867997768,0.15254115831671902,0.0676718289448904,0.5666834427339947,1.7856682045375418e-05,random
0.1243747647846526,0.084332421061886,0.24682934351823724,0.11114225414705065,0.19572171643723166,0.12366269228206397,0.11393680776887789,0.5666351280061633,1.789264635176744e-05,random
0.1791282762250657,0.21094698458819747,0.05331646661001736,0.008885029275801358,0.19566752469539617,0.1651095662631323,0.1869461523423897,0.5665384985505006,1.7964775393155004e-05,random
0.4726450443733799,0.06188658658765169,0.14398804617701094,0.03269912090615577,0.06013255227950579,0.03645117009453983,0.19219747958175604,0.5664901838226694,1.8000940354044585e-05,random
0.08055850487691175,0.1075358860152507,0.04450237562829393,0.37655858666612996,0.1442901391656834,0.1748424865903828,0.07171202105734739,0.5664901838226694,1.8000940354044585e-05,random
0.30082165853127874,0.10383608509604943,0.04844887302711894,0.03215470217048408,0.31384443096160247,0.19420865159646117,0.006685598617004971,0.566441869094838,1.803717242594508e-05,random
0.07853941705834243,0.1871613948150869,0.19563571642369038,0.11784533527829895,0.0607036254973056,0.35782846072746577,0.0022860501998100097,0.566441869094838,1.803717242594508e-05,random
0.3778924937743869,0.0686753394330253,0.17906571897803092,0.03931269810115756,0.1955054508479841,0.0949452706431688,0.04460302822224653,0.566441869094838,1.803717242594508e-05,random
0.5104930368301906,0.029522973474108184,0.05899929549569996,0.008399395813255052,0.09170976514788166,0.2227003168322897,0.07817521640657482,0.5663452396391753,1.8109838356446492e-05,random
0.16595525510389092,0.07242029518527389,0.3031675585793887,0.02725161433235002,0.15246939387321456,0.12302093802278286,0.155714944903099,0.5662969249113439,1.814627244230939e-05,random
0.08682302264504697,0.09160440671857328,0.01361066296163214,0.02154467000179755,0.34996562229952505,0.3026697754986423,0.13378183987478268,0.5662969249113439,1.814627244230939e-05,random
0.6437013638884187,0.08571454791239505,0.008894067512245672,0.012803315129216382,0.06594619595075572,0.11397506852691967,0.06896544108004862,0.5662969249113439,1.814627244230939e-05,random
0.03664422106191721,0.06200212119909563,0.053295052991655774,0.012159825643645018,0.3799170919259732,0.29168650607463176,0.16429518110308142,0.5662969249113439,1.814627244230939e-05,random
0.15975422295254435,0.08849494543886699,0.04612877151897537,0.32575971895931455,0.19032844014807165,0.12263973924958431,0.06689416173264283,0.5662486101835126,1.8182774093707913e-05,random
0.3464079616254047,0.06365097988770546,0.13113702995799123,0.03841745791423944,0.13216266354893275,0.0544414098205616,0.2337824972451647,0.5661519807278498,1.825598054952472e-05,random
0.16914077098498756,0.025027915905969884,0.22702373390739153,0.3571670527104442,0.06876390347972063,0.0977106823883953,0.05516594062309083,0.5661036660000184,1.8292685582580663e-05,random
0.3694491608857455,0.009944144653772908,0.2172888050241914,0.09051249937193807,0.116992497182712,0.05296883417562323,0.1428440587060168,0.5660553512721871,1.8329458638446818e-05,random
0.25306654748789864,0.22849430964719017,0.1584090179032166,0.0019005837395516271,0.1759394852544534,0.14196802383633972,0.04022203213134966,0.5660070365443557,1.8366299831873915e-05,random
0.5108778068698373,0.10434361718638127,0.035681026202193995,0.03883965068686393,0.1710685335785763,0.1357385524860892,0.003450812990057888,0.5660070365443557,1.8366299831873915e-05,random
0.20635523653594245,0.17723222191096447,0.004934396558694537,0.1665571019849744,0.2423666632193554,0.1762823755472658,0.02627200424280295,0.5659587218165244,1.8403209277784982e-05,random
0.3985290262386512,0.12180781684517905,0.12397928482236152,0.036299345570178845,0.028709103665298726,0.11309008839355132,0.1775853344647794,0.565910407088693,1.8440187091276668e-05,random
0.36427755573853654,0.1337543406652714,0.1085912756517872,0.012970341508398979,0.14153678884942691,0.09480167091744457,0.14406802666913446,0.5658620923608616,1.8477233387619136e-05,random
0.18954747992146342,0.015147230620493305,0.14148873879044976,0.17583188494497926,0.33054044990546894,0.14573637705462178,0.001707838762523666,0.5658137776330303,1.8514348282255557e-05,random
0.2138641538382767,0.01902810520399159,0.3008510601971548,0.01918130019598346,0.19700946877792058,0.12964295446070673,0.12042295732596627,0.5657654629051989,1.8551531890804122e-05,random
0.03717997202107978,0.13083611861619684,0.25609899794643487,0.05802896225672797,0.0888893005429572,0.380056973341778,0.04890967527482532,0.5657654629051989,1.8551531890804122e-05,random
0.2442591066778793,0.09318412528819389,0.1655787642109707,0.14106735427607447,0.11343610199292943,0.06393523329108572,0.17853931426286648,0.5657171481773675,1.8588784329056566e-05,random
0.2681118307173783,0.2117761772139035,0.14326840161024262,0.01341731720561179,0.08080158920153249,0.1748843705260654,0.10774031352526595,0.5657171481773675,1.8588784329056566e-05,random
0.07063464600968776,0.11702040200975788,0.15632093031992833,0.027160824799558957,0.1996322887395055,0.14402075562944466,0.28521015249211695,0.5657171481773675,1.8588784329056566e-05,random
0.43671684574177017,0.06926989855267966,0.12459472031196206,0.16007991682782788,0.07475753259443485,0.08029483922232451,0.05428624674900098,0.5656688334495362,1.862610571297905e-05,random
0.11179149857362794,0.07189842276848439,0.2986076352850785,0.02754518824178023,0.18366681312499897,0.1794101625555093,0.12708027945052083,0.5656205187217048,1.86634961587126e-05,random
0.25338075557054507,0.02625025236583873,0.26919865276520183,0.01111395798854975,0.00318262733534999,0.05508336188330077,0.3817903920912138,0.5656205187217048,1.86634961587126e-05,random
0.37232648898796433,0.016332522525090834,0.1015566854051277,0.04743952240170772,0.08844728645728474,0.10166994248948101,0.27222755173334356,0.5656205187217048,1.86634961587126e-05,random
0.14623218908989283,0.14064826789311022,0.21704949895242928,0.05774662593226713,0.18814444859435484,0.1576574194703401,0.09252155006760562,0.5654755745382107,1.8776083030811384e-05,random
0.1882703671795406,0.06221036439895296,0.31410301889390235,0.000975917892996986,0.30293805439588317,0.1280539277207409,0.00344834951798303,0.5654272598103794,1.8813750888697938e-05,random
0.4857906939029874,0.049487389217547466,0.05670051104699023,0.023002682432483323,0.18039804751737998,0.12194060504549037,0.08268007083712126,0.5654272598103794,1.8813750888697938e-05,random
0.3936570303242583,0.03695421874172061,0.03179768113581234,0.014005846856366227,0.16965854911306452,0.3105952158771532,0.04333145795162488,0.5653306303547168,1.888929565709262e-05,random
0.11546917709333454,0.06150121262294752,0.16420164299948253,0.031628748940500974,0.41034555577753673,0.182247740329301,0.03460592223689673,0.5653306303547168,1.888929565709262e-05,random
0.23422766607215276,0.0699047879005276,0.044146968388334325,0.22355446548847493,0.14891723588546732,0.16079790890009726,0.11845096736494565,0.5653306303547168,1.888929565709262e-05,random
0.36237694151499306,0.25307961898779957,0.10583709206872448,0.0019190374208859769,0.06138756658794521,0.1883240363464783,0.027075707073173298,0.5653306303547168,1.888929565709262e-05,random
0.30909431964034473,0.21298074067316808,0.16706924962947842,0.006736185911005024,0.10656386111132714,0.17700586932019444,0.02054977371448225,0.5652823156268854,1.8927172802163824e-05,random
0.148627674554256,0.16472919708493855,0.15480581318644854,0.006210005600761156,0.1965972792311413,0.13737366929808195,0.1916563610443726,0.5652823156268854,1.8927172802163824e-05,random
0.14000088092167126,0.0034704176116277553,0.11908520310466918,0.26313496786669477,0.2904563147259454,0.17585171957747278,0.008000496191918881,0.565234000899054,1.8965119944487108e-05,random
0.33084378200987935,0.11814041838041618,0.01903323355067064,0.006921261387346597,0.2511312592176471,0.2407520234494047,0.03317802200463536,0.5651373714433913,1.9041224691957538e-05,random
0.4442629920356725,0.04526179068946556,0.041890280672109245,0.10058755404054195,0.07519666801691814,0.2447582834144526,0.04804243113083981,0.5649441125320658,1.9194279345593863e-05,random
0.42184937120130783,0.02280720485035608,0.08232916197953398,0.09102713153166252,0.17343144213243988,0.11687691133267449,0.09167877697202519,0.5649441125320658,1.9194279345593863e-05,random
0.021240298630354502,0.2286387235585174,0.031281439245770086,0.07508722709086546,0.2132106632772291,0.36607753880518046,0.06446410939208311,0.5649441125320658,1.9194279345593863e-05,random
0.07688869877271912,0.00584862120681699,0.2054262240737866,0.0003486218016478758,0.1553161610021525,0.06705937376919346,0.48911229937368345,0.5649441125320658,1.9194279345593863e-05,random
0.2808614217085819,0.16602900428414288,0.20893456861289547,0.10842469275655968,0.11037188475837234,0.08230284131989121,0.04307558655955668,0.5648957978042345,1.9232719774843797e-05,random
0.19232697660680872,0.14037493760499498,0.2634480966291823,0.07672747806369466,0.07023997510544527,0.23927451618332324,0.017608019806550898,0.5648957978042345,1.9232719774843797e-05,random
0.4294687963453786,0.05760019191523021,0.14428365469857124,0.03940162464035794,0.07027060029607618,0.022823946748982478,0.23615118535540328,0.5648474830764031,1.9271231148095197e-05,random
0.08222714522108329,0.1362207816701753,0.08889763919237643,0.024132147986448554,0.4034499711095687,0.20529926641206236,0.05977304840828546,0.5647508536207405,1.934846720335935e-05,random
0.09702127762773666,0.161741290634957,0.2698894853125499,0.041739487111437226,0.03364750488763842,0.38626605033146844,0.009694904094212272,0.564702538892909,1.938719212419829e-05,random
0.33165147716224863,0.027362685702970468,0.04586545409421276,0.07030226442727548,0.12225635702582675,0.22776112002175222,0.17480064156571362,0.5646542241650776,1.942598846669077e-05,random
0.4035893817080234,0.18914025140516083,0.08253306461116178,0.042151431532949854,0.1236870328722694,0.10243086949002667,0.05646796838040807,0.564557594709415,1.9503795896260853e-05,random
0.3011972628079347,0.05880622808867617,0.11963832924917114,0.17549875501852516,0.09269732911666335,0.06908357924488082,0.18307851647414872,0.5645092799815837,1.9542807223600284e-05,random
0.043937679388102745,0.18598535629014118,0.11479808015871826,0.00796941078029657,0.259447731979518,0.2663332224534626,0.1215285189497606,0.5645092799815837,1.9542807223600284e-05,random
0.3065772855021779,0.19956140959220034,0.08101704408034523,0.015932835357960213,0.09134538490359866,0.1774113522717287,0.12815468829198906,0.5645092799815837,1.9542807223600284e-05,random
0.09970006608374715,0.0492254460470945,0.03457805125907667,0.08533151184119324,0.3161936308944367,0.28671487163190573,0.12825642224254602,0.564412650525921,1.9621045705393203e-05,random
0.17902431616713269,0.07518361200413114,0.2186913568348231,0.2585348279107887,0.15548041465930865,0.08788007155774867,0.025205400866067044,0.5643160210702582,1.969957276145097e-05,random
0.41948382009277146,0.028188717720922563,0.09684094655994256,0.10465633113390542,0.09746574544562628,0.0865014525039517,0.16686298654287984,0.5642677063424268,1.9738944807299647e-05,random
0.10032550506831923,0.0077009829224567086,0.27289619583386393,0.28373174181127264,0.04214046566237191,0.12148164404076134,0.17172346466095437,0.5642193916145956,1.9778389360041685e-05,random
0.1678205812580623,0.164632593471755,0.18366146578108633,0.03142113902480285,0.1738877872855765,0.13632305141789258,0.14225338176082425,0.5642193916145956,1.9778389360041685e-05,random
0.10124076134695068,0.04315333915471874,0.03398608983296322,0.1948339383109959,0.27806351191558526,0.31447272445604,0.03424963498274632,0.5641710768867642,1.9817906541164178e-05,random
0.11219287489033068,0.1306347905364377,0.1720089145128609,0.011443884029555294,0.30814311038922604,0.18375910404219037,0.081817321599399,0.5641710768867642,1.9817906541164178e-05,random
0.11364582471808925,0.08522792182478467,0.029039450071313314,0.04053126021357964,0.20623526431064942,0.12126810960050106,0.40405216926108256,0.5641227621589329,1.9857496472335797e-05,random
0.1435983214385395,0.13453889570379543,0.13952909627637813,0.0004284254050323594,0.19067457102408697,0.1251794274275793,0.26605126272458846,0.5641227621589329,1.9857496472335797e-05,random
0.2238994333755627,0.06343927019289237,0.29791671247476553,0.015523201936940005,0.06128483634987252,0.11284653734288594,0.22509000832708093,0.5640744474311015,1.9897159275407336e-05,random
0.36337113268401006,0.061782426065785954,0.08762840485717942,0.031456326311119484,0.1890720387329673,0.12906601566836545,0.1376236556805723,0.5639295032476074,2.0016586137266344e-05,random
0.26089801799938345,0.2344710117968185,0.10928813814297363,0.08984989766426135,0.08904757568216218,0.15295381580700562,0.06349154290739518,0.563881188519776,2.0056541650095923e-05,random
0.21824681984346103,0.14231130842971065,0.04536546543410163,0.045471019244847845,0.3447157825481033,0.1891253139071103,0.014764290592665305,0.563881188519776,2.0056541650095923e-05,random
0.4306758452047606,0.013268255475764395,0.13561646631961746,0.09331697660191698,0.17395884375988313,0.07894868123402798,0.07421493140402957,0.5638328737919447,2.00965706468189e-05,random
0.2773140855819118,0.11117299962704537,0.17892848495439173,0.004875645440870055,0.1633614341499483,0.06441347765000191,0.19993387259583076,0.5638328737919447,2.00965706468189e-05,random
0.3261501118471104,0.1613393015853809,0.04577482474701239,0.02844634046777599,0.09196973883264924,0.1320481079178531,0.21427157460221793,0.5638328737919447,2.00965706468189e-05,random
0.3479826260752501,0.10830018931158918,0.10716001998309992,0.053130561967382715,0.11956602386650093,0.08614768502769671,0.17771289376848046,0.5637845590641133,2.0136673250383206e-05,random
0.5741019297839097,0.12657455401235154,0.007805571325208763,0.011735174158673969,0.030386076372955893,0.16479280189280476,0.08460389245409525,0.5637362443362819,2.0176849583921146e-05,random
0.06219559872430242,0.09810619303191363,0.09938451601458119,0.2488177054480415,0.21432262292469603,0.15767104968396634,0.11950231417249879,0.5635913001527879,2.029782219845504e-05,random
0.14444447288171394,0.2118854905218034,0.10983395345046532,0.005480916615240199,0.30939534265441193,0.21225603880663832,0.006703785069726802,0.5635913001527879,2.029782219845504e-05,random
0.11206441090315623,0.05681401831998123,0.45600213782319554,0.002251470419274544,0.07171186636774589,0.25383596853004464,0.04732012763660187,0.5635913001527879,2.029782219845504e-05,random
0.5636493467808921,0.11660461529805927,0.1692424764133826,0.010095286856584635,0.027540039114111375,0.10413847139648252,0.008729764140487475,0.5635429854249565,2.033829468688825e-05,random
0.4222680284147114,0.02752656573572017,0.05154067692643197,0.0014210693299540919,0.1542099318749304,0.16275845720758264,0.18027527051066938,0.5633980412414624,2.0460158739711572e-05,random
0.3913146923649433,0.15395185699110076,0.055475163065398396,0.07678454574098076,0.06392367396173881,0.10202234640550915,0.15652772147032895,0.563349726513631,2.0500929367909362e-05,random
0.5539088113364744,0.06808679774848816,0.17130258407803536,0.017586322837773484,0.03513241853601403,0.06287546650015903,0.09110759896305544,0.563349726513631,2.0500929367909362e-05,random
0.4222791199896483,0.11982201287918819,0.30393927620393985,0.009623938322486708,0.02856694391835229,0.10351316941927484,0.01225553926710985,0.5633014117857997,2.054177484257398e-05,random
0.4281995586800815,0.034057339067285315,0.1573665924899037,0.08683177454956906,0.035635060720885764,0.046809525580258776,0.21110014891201576,0.5633014117857997,2.054177484257398e-05,random
0.11697318840912041,0.028694989546897892,0.091154469132406,0.006642883246474196,0.16401299851640666,0.06470855360351306,0.5278129175451818,0.5632530970579683,2.058269528868792e-05,random
0.24523724623513604,0.26441648858268907,0.07482602974115173,0.021007565647975995,0.13554366492996356,0.2322696648599096,0.026699340003174147,0.5632530970579683,2.058269528868792e-05,random
0.38885139704196847,0.1742941708248998,0.10685751950668156,0.17720641040278892,0.028436036778409775,0.053793160211649434,0.07056130523360206,0.5631564676023056,2.0664761596123664e-05,random
0.45182055412400934,0.16807302337707353,0.12257714509818612,0.04131001884352304,0.13471432885182213,0.07814393515012451,0.0033609945552613486,0.5631081528744742,2.0705907708342534e-05,random
0.25388979115910437,0.18868449862724931,0.2028520005599012,0.02116645703403093,0.15213335992536675,0.13415016194842724,0.04712373074592019,0.563059838146643,2.0747129293805063e-05,random
0.10787707062164602,0.052167346500225385,0.04645308467699354,0.0071383754037596375,0.2645975110770946,0.15335991903078583,0.36840669268949494,0.563059838146643,2.0747129293805063e-05,random
0.31817683361829896,0.00501933019603968,0.01489378007773188,0.09691363262778638,0.11015445146798304,0.23912776218781037,0.21571420982434963,0.5630115234188116,2.078842647842773e-05,random
0.2203240123745772,0.0067957952205095085,0.14417675777656017,0.1228392606994699,0.22492161669072905,0.06981182653921911,0.2111307306989352,0.5629148939631489,2.0871248149756515e-05,random
0.21925236862883032,0.20528852871384132,0.16610552174972942,0.07119052159100936,0.19893124793108882,0.1344711213676487,0.00476069001785204,0.5629148939631489,2.0871248149756515e-05,random
0.16105668237894266,0.20787979128752332,0.03731175636609845,0.01834536536616871,0.037460133302775506,0.1927852930811895,0.34516097821730185,0.5629148939631489,2.0871248149756515e-05,random
0.24958503217094832,0.24217300611140777,0.13428240523431295,0.004991680442447146,0.08726150252030816,0.20253117867810613,0.07917519484246961,0.5628182645074861,2.0954373733414682e-05,random
0.17977350860383642,0.19773240542897727,0.013265159061420754,0.15323500434820336,0.21826155689377563,0.18429604482885212,0.05343632083493443,0.5627216350518234,2.103780424350076e-05,random
0.2261884805351226,0.2791429993794674,0.01649689796523592,0.04815911929328512,0.12017757268551185,0.25979270138103727,0.05004222876033972,0.5627216350518234,2.103780424350076e-05,random
0.3270089461095427,0.2666212979304317,0.06531535434518244,0.01039569952647779,0.05716520007088933,0.25545975358835304,0.01803374842912311,0.5626250055961607,2.1121540697133442e-05,random
0.2340079518164425,0.06916971286151534,0.034274223553573506,0.029595889943956042,0.00330766886307289,0.0619781507967237,0.5676664021647161,0.5625766908683293,2.1163523971457467e-05,random
0.19312524830950314,0.09372440966585503,0.16407169208117897,0.02234867054364842,0.1698878702454328,0.07427137112048379,0.2825707380338978,0.5625766908683293,2.1163523971457467e-05,random
0.16412538370125362,0.12697538762659233,0.1364791307285131,0.1439046843837834,0.16999887754470283,0.08955654028397717,0.16895999573117737,0.5625283761404979,2.120558411446029e-05,random
0.3449641750611626,0.022261921594206587,0.39671615537674126,0.07088396678768877,0.05234065833640252,0.07859468244023587,0.034238440403562546,0.5624800614126666,2.124772125413448e-05,random
0.08721426458267872,0.17528231285314264,0.0830393612249099,0.1446194949264267,0.1555023395325189,0.18327459030674642,0.17106763657357674,0.5624800614126666,2.124772125413448e-05,random
0.09171570993774039,0.16797519658386043,0.0007457421122304478,0.0019985916756353112,0.30436398079457094,0.22113865359248405,0.21206212530347834,0.5624800614126666,2.124772125413448e-05,random
0.22454882589070824,0.25969152540656876,0.11233488739029152,0.04536201829020881,0.16863523285044998,0.15717589322221379,0.03225161694955898,0.5624317466848352,2.1289935518663383e-05,random
0.28602593930855685,0.2706882048269347,0.08793476967567179,0.006606391067062241,0.1002664248939554,0.21182923758009348,0.036649032647725704,0.5624317466848352,2.1289935518663383e-05,random
0.2920308453871244,0.08892287826134013,0.11485291988680155,0.06926174672538375,0.1467202706402163,0.06908548973119898,0.21912584936793494,0.5624317466848352,2.1289935518663383e-05,random
0.37222750370230806,0.09307095587096348,0.20398467418583507,0.02561088324993456,0.21430108963925104,0.08765567473368384,0.0031492186180241094,0.5623834319570039,2.1332227036420322e-05,random
0.28562453590681497,0.11089607196824508,0.07222955940587505,0.2274598346449166,0.09421930906877139,0.10860503715659488,0.10096565184878194,0.5623351172291725,2.1374595935969486e-05,random
0.12985571811461366,0.03802914179332808,0.13238121221546614,0.22789337149596012,0.06144164243723631,0.05530898715587489,0.35508992678752094,0.5622384877735098,2.145956639565665e-05,random
0.2502448677390463,0.16472914607983494,0.06985975246717453,0.057206150532046536,0.24753594915489313,0.1583838416391567,0.05204029238784802,0.5621418583178471,2.154484793006259e-05,random
0.1765176617707082,0.014744373781071702,0.2704877240290517,0.06409796621185167,0.1463564936350497,0.08270651407072546,0.2450892665015417,0.5620935435900157,2.1587605673729166e-05,random
0.06903114520892766,0.09426049361431861,0.38292666302041645,0.11394671534124118,0.01990609259102085,0.3140505512484835,0.005878338975591708,0.5620935435900157,2.1587605673729166e-05,random
0.23455955296187284,0.17661410617476406,0.2046322356666505,0.0006392402354532897,0.1783448792196803,0.09713381769778465,0.1080761680437944,0.5619969141343529,2.1673355762557405e-05,random
0.039679407758053294,0.0512672265936583,0.18621710181315637,0.2315513052446163,0.20303625704918402,0.15407455856149388,0.1341741429798379,0.5619485994065216,2.1716348367724496e-05,random
0.10877943481646535,0.13025996233947598,0.09191826409496873,0.007412913671892489,0.27385561061804004,0.1763388693755469,0.2114349450836105,0.5619485994065216,2.1716348367724496e-05,random
0.3298895663757276,0.0885805350662002,0.14239945317016564,0.0627303027715388,0.08405701293483168,0.04478293479293217,0.24756019488860392,0.5619485994065216,2.1716348367724496e-05,random
0.26624104672743304,0.05086102692529301,0.2343287246870403,0.17158202722090288,0.1217923750718412,0.07252341650150498,0.08267138286598466,0.5619002846786902,2.1759419520384733e-05,random
0.14296318934064803,0.07570530743849664,0.21321772465211494,0.16866847640479546,0.23012928574598498,0.11536543954524418,0.0539505768727157,0.5619002846786902,2.1759419520384733e-05,random
0.053930073055804384,0.134689717989269,0.10782005809631659,0.16243704408673018,0.3128204054830798,0.20053313475452883,0.027769566534271307,0.561851969950859,2.1802569351023486e-05,random
0.46018665278673504,0.049397720455779524,0.1493006139482748,0.14125372185241206,0.12058805538657262,0.04967455180879923,0.02959868376142693,0.561851969950859,2.1802569351023486e-05,random
0.3772095219740051,0.1419318058219855,0.13302156202296322,0.13586811041192937,0.0509151062983994,0.03049337616446217,0.13056051730625537,0.561851969950859,2.1802569351023486e-05,random
0.16383397029262248,0.1756251159234623,0.16728510471634403,0.023813043095048454,0.12205646494065252,0.18482373027078428,0.16256257076108596,0.5618036552230276,2.1845797990318655e-05,random
0.11491851252043671,0.09484132432508788,0.2926725575700517,0.05020875692136366,0.20558293188817692,0.17438823500202105,0.06738768177286222,0.5617553404951963,2.1889105569142587e-05,random
0.2704490301492755,0.11187621628728883,0.07339785685029926,0.13617269057639447,0.10801501177154252,0.0689747274063522,0.23111446695884733,0.5617070257673649,2.1932492218561465e-05,random
0.14826775204938292,0.11846968433573729,0.06027490220533228,0.08836009952781392,0.13196225817392504,0.08833656436183737,0.36432873934597104,0.5616587110395335,2.197595806983559e-05,random
0.17164077572439218,0.07158286910971748,0.16360693780457758,0.07570267191000317,0.3202111307286289,0.15083851253090003,0.04641710219178062,0.5616587110395335,2.197595806983559e-05,random
0.2769921593527355,0.07006224700882634,0.11725985655254959,0.17267848729525603,0.02889739502542937,0.06539633945044976,0.2687135153147534,0.5616103963117021,2.2019503254418942e-05,random
0.5624799948999191,0.08883804459412656,0.12618582781450982,0.06861984659797095,0.07611613869338445,0.06473605838624408,0.013024089013845122,0.5616103963117021,2.2019503254418942e-05,random
0.29780118771190767,0.0850784527481296,0.06119181190448596,0.07256199523425426,0.05229009374798234,0.0771938284626146,0.3538826301906256,0.5615137668560394,2.210683215030745e-05,random
0.4352396372509106,0.19991105412674556,0.12749119925294172,0.020286579203299727,0.05036662494233721,0.09137736177038192,0.07532754345338329,0.5614654521282082,2.215061612549588e-05,random
0.10083459868789692,0.24247121924040613,0.04417268117411022,0.02185042066740944,0.25721129991488434,0.2968898682309606,0.03656991208433246,0.5614654521282082,2.215061612549588e-05,random
0.2997976634525815,0.21110885320148517,0.06549159137832458,0.12169464254610685,0.14214554707030508,0.1295318071721234,0.03022989517907343,0.5614654521282082,2.215061612549588e-05,random
0.4728308331571384,0.18824159599036633,0.11063951971927234,0.0736811173712111,0.04649876208745576,0.09295475043522045,0.015153421239335491,0.5614171374003768,2.219447996176199e-05,random
0.1208004276189644,0.10204994384994744,0.1382976663783196,0.20181818629493875,0.183863677577118,0.10729246003018791,0.14587763825052374,0.5614171374003768,2.219447996176199e-05,random
0.36652012128081907,0.10061548799252513,0.17127603364998567,0.007188723101271998,0.15472525866153802,0.059714450572474424,0.13995992474138547,0.5613688226725454,2.2238423791536074e-05,random
0.3923113884243256,0.03392233879082303,0.09502729712474021,0.014489640575213113,0.2835842955271701,0.1781622318582707,0.0025028076994571555,0.5613688226725454,2.2238423791536074e-05,random
0.2806619344823927,0.13658112140361856,0.048159313673587126,0.00806347515275041,0.017968492717070357,0.10091624342828,0.4076494191423008,0.5613688226725454,2.2238423791536074e-05,random
0.34187364811732673,0.20286731407490005,0.1346188136493525,0.013212961231725717,0.046065826062968204,0.14221718930521268,0.11914424755851391,0.5613205079447141,2.2282447747444665e-05,random
0.11310828433371527,0.12559666506941197,0.07023820844320229,0.03983057706615222,0.1726180210214099,0.11319180163380627,0.36541644243230215,0.5613205079447141,2.2282447747444665e-05,random
0.5513517259974489,0.14641891508151572,0.016851224668025185,0.05025624228651189,0.061132838715133794,0.14002417042663243,0.03396488282473204,0.5612238784890514,2.2370736569152975e-05,random
0.2635835606858542,0.042528888233901906,0.08528239997343588,0.20143223874326585,0.21862755247526794,0.14017854601428426,0.04836681387399001,0.5611272490333886,2.2459347491826698e-05,random
0.27714339475798055,0.03358018139238727,0.35309906339579455,0.00745282783855711,0.14628113743208815,0.07752741351243952,0.10491598167075294,0.5610789343055572,2.2503774074680718e-05,random
0.07509076784882383,0.11216543011858422,0.03340971330986613,0.15380339204044935,0.3642144489393153,0.2501445185974247,0.011171729145536408,0.5610306195777259,2.254828158355663e-05,random
0.3304597780412986,0.277201589095336,0.038987399619014526,0.036790864699191475,0.12838922988786833,0.18046989869189345,0.007701239965397785,0.5610306195777259,2.254828158355663e-05,random
0.27504974201926247,0.054409889897584995,0.12149265413826586,0.08973686961055255,0.13741594427837756,0.050773352232327804,0.27112154782362863,0.5609823048498945,2.2592870152459774e-05,random
0.04960143402170371,0.12371298872188854,0.01584395324395183,0.19258554044480686,0.27702929349864425,0.25521060359152026,0.08601618647748478,0.5609339901220632,2.2637539915592893e-05,random
0.3312375544991286,0.015129898194150945,0.06716662639084445,0.1655415481150278,0.15324186254619937,0.09318720412236563,0.17449530613228303,0.5608856753942318,2.2682291007357386e-05,random
0.39278436574269476,0.0635054376819632,0.19492005092167858,0.021515307538268042,0.11729511063726908,0.02283694910494591,0.1871427783731805,0.5608856753942318,2.2682291007357386e-05,random
0.26207822430977423,0.19379854149260897,0.0747559073872257,0.24553589403875484,0.03394744056532721,0.10660942632805057,0.08327456587825835,0.5608856753942318,2.2682291007357386e-05,random
0.1694984987587482,0.07943259523822055,0.1921112275184918,0.23063099810788587,0.24159004412988302,0.08320188553714811,0.003534750709622537,0.5607890459385692,2.2772037715377274e-05,random
0.1425929758761563,0.13727729796676308,0.015908492195965844,0.13907746814126556,0.05276288076109098,0.12635648888757348,0.3860243961711848,0.5607890459385692,2.2772037715377274e-05,random
0.23477350469569527,0.1292495780643381,0.06271443123103553,0.0019928703605975925,0.1801580640881606,0.11796328015387382,0.273148271406299,0.5607407312107378,2.2817033601428475e-05,random
0.04717482983196486,0.13611190378541327,0.043620675581185056,0.04924914419795459,0.32825736721377524,0.19431003931261664,0.20127604007709027,0.5607407312107378,2.2817033601428475e-05,random
0.2358062970391178,0.06799812231457915,0.03573184830817944,0.023708829793860745,0.27419631913535647,0.2913625781241488,0.07119600528475771,0.5606924164829064,2.2862111355702676e-05,random
0.13632575702746233,0.08043321204721293,0.0007151853231732573,0.010022861553992136,0.28842078022489137,0.3542003647484063,0.12988183907486156,0.5606924164829064,2.2862111355702676e-05,random
0.2905894807357378,0.18617164692202826,0.21262846572193422,0.09571672489631065,0.05994607240565903,0.13108327679140502,0.02386433252692495,0.5606441017550751,2.290727111359586e-05,random
0.5740806627167926,0.06759484462745291,0.016223403909030713,0.0004761826387595357,0.1054758232094544,0.18490131888020914,0.05124776401830083,0.5605957870272437,2.2952513010703816e-05,random
0.46198598756741743,0.04209871827123669,0.04833061109731649,0.034348156809796866,0.1773598428250935,0.12132633412140738,0.1145503493077316,0.5605957870272437,2.2952513010703816e-05,random
0.606596959257853,0.11302151809774491,0.13745300516360368,0.009974503426764899,0.056354738332728194,0.05770361277679832,0.018895662944506994,0.5605957870272437,2.2952513010703816e-05,random
0.29048139297976866,0.08286017242844902,0.07552852251940868,0.030574821648224774,0.22749284442846296,0.11995586637637576,0.1731063796193102,0.5605474722994124,2.2997837182822127e-05,random
0.22859952902511996,0.0880903573197733,0.12200210769345822,0.09634003168740761,0.21687674930882467,0.1147159345960073,0.13337529036940904,0.560499157571581,2.3043243765946908e-05,random
0.28313499416282184,0.11716571366722325,0.32032825741224497,0.007291833447200277,0.12075084038417415,0.07838364982753711,0.07294471109879831,0.560499157571581,2.3043243765946908e-05,random
0.2334518416001958,0.06575427745669542,0.08559498883258196,0.4105026975351105,0.05636106063623685,0.04042104281830986,0.10791409112086964,0.5604508428437496,2.308873289627424e-05,random
0.3850683532835493,0.14827671995479594,0.051180252153434816,0.13913474687639196,0.07797536248867706,0.10755504285405074,0.0908095223891001,0.5604508428437496,2.308873289627424e-05,random
0.19150923675936474,0.2006831372992296,0.06516697151076833,0.22439853625478445,0.09181689367632546,0.162651035627271,0.06377418887225635,0.5604025281159183,2.3134304710201555e-05,random
0.33160475740964734,0.2065109153098528,0.09115092631032312,0.13837076422829725,0.12674903007949515,0.09699150274784264,0.008622103914541645,0.5601609544767614,2.3363408821820746e-05,random
0.10807026681307298,0.06965569534412007,0.1798498496706616,0.09569217261859665,0.34921769786048157,0.162176462825793,0.035337854867274233,0.5601609544767614,2.3363408821820746e-05,random
0.2933953070871782,0.048026689106862974,0.03960073982020069,0.31018136595358964,0.07095271658936605,0.1488196785417056,0.08902350290109669,0.5599193808376046,2.3594600598885212e-05,random
0.47840756493122777,0.0478670138083748,0.14718184381615754,0.10685307138230231,0.11903377479578457,0.04788797022878159,0.05276876103737126,0.5598227513819419,2.3687665721816627e-05,random
0.26253656087819105,0.07115841403716301,0.2892965905837108,0.07472292815004337,0.1938956409759379,0.10384204859909983,0.004547816775853901,0.5597261219262792,2.378106874554141e-05,random
0.5029675121746527,0.11493401190606621,0.145873054196311,0.041721420021186756,0.040590892355156345,0.07409823684003128,0.07981487250659595,0.5597261219262792,2.378106874554141e-05,random
0.4450835198772548,0.12945098968882054,0.18334593062633797,0.003565894623209224,0.048902786051581736,0.07836683158957825,0.1112840475432175,0.5596778071984478,2.3827897318415756e-05,random
0.08998381202054635,0.13945597651821803,0.08737653579949826,0.0042100695565421755,0.3467984878200204,0.1821195833258181,0.15005553495935667,0.5596778071984478,2.3827897318415756e-05,random
0.38393792514672864,0.011887029312183281,0.246102353499375,0.03260279418562003,0.24713638151818096,0.07346900840762048,0.004864507930291761,0.5596778071984478,2.3827897318415756e-05,random
0.0802064190760987,0.01954391985460151,0.32273916512024187,0.27914711835356015,0.10632408738979078,0.18880031056710497,0.003238979638602035,0.5595328630149538,2.3968892957431527e-05,random
0.3963673215251783,0.22537570959959752,0.12404437188118275,0.06955684143670125,0.05717483774063084,0.11315378627568119,0.014327131541028255,0.5595328630149538,2.3968892957431527e-05,random
0.2036594176336709,0.2259148769140753,0.16168247371751376,0.06710206352732478,0.08210567867883305,0.23883900155406582,0.02069648797451629,0.5595328630149538,2.3968892957431527e-05,random
0.22891759708010348,0.10097622587938694,0.021183693884051624,0.0027594407177199826,0.31331347966719697,0.19193202811011786,0.14091753466142304,0.5594362335592911,2.4063316384829986e-05,random
0.5192314332148552,0.10584531745938036,0.13948898061539378,0.051883870114502524,0.13484135881397522,0.010087957655104082,0.03862108212678894,0.5593879188314598,2.4110656420344185e-05,random
0.24060845271823558,0.03831683045383057,0.08427629335751553,0.13816696805125772,0.23519229467447642,0.12661855402679376,0.13682060671789043,0.559291289375797,2.4205593839396534e-05,random
0.46236040607828577,0.18910802077475805,0.024922449874731457,0.05591876084769743,0.05119476125662726,0.1599230527956036,0.05657254837229647,0.559291289375797,2.4205593839396534e-05,random
0.08280781865639701,0.13525064064187406,0.023995950800784815,0.05712180644876892,0.3481911230233157,0.2383938147742384,0.11423884565462117,0.5592429746479656,2.4253191505312645e-05,random
0.3243532233755195,0.03112577882607468,0.4148807410561539,0.0005601291595226219,0.11662077063109816,0.07732341431703037,0.035135942634600646,0.5592429746479656,2.4253191505312645e-05,random
0.09078049289342303,0.13518786560664772,0.16926405956453647,0.08870158937641799,0.19945043363477763,0.15904374885546146,0.15757181006873583,0.5592429746479656,2.4253191505312645e-05,random
0.45661772926517746,0.1335080985929138,0.11667561634394416,0.026157351326990753,0.018680967058794663,0.1036537711400057,0.1447064662721734,0.5591946599201343,2.4300875330752286e-05,random
0.1349235036067287,0.04996992247453632,0.06065737527162508,0.17788226763339965,0.2142107403422054,0.14677301242615742,0.21558317824534734,0.5591463451923029,2.4348645457422934e-05,random
0.2398879644076486,0.26117788132955283,0.1105683674077463,0.04403538091988747,0.17322965410140279,0.13731246408730197,0.03378828774646009,0.5590980304644716,2.439650202723899e-05,random
0.39168335402200677,0.18686173920832835,0.15860919724087097,0.04746446587983731,0.1326228050164344,0.05920636056865951,0.02355207806386273,0.5590980304644716,2.439650202723899e-05,random
0.32669196403058426,0.1265041528672887,0.10490497555359626,0.0008255033199942967,0.25413559188918716,0.13000563897434952,0.05693217336499985,0.5590980304644716,2.439650202723899e-05,random
0.3369662691927159,0.22894232280781657,0.08622872849421469,0.04568217909375623,0.010049191150011808,0.17586685373817093,0.11626445552331383,0.5590497157366402,2.44444451823239e-05,random
0.2996606665798123,0.0759293227106362,0.018478795970222808,0.03450218596535175,0.1297849804607663,0.08287716915080286,0.35876687916240785,0.5590497157366402,2.44444451823239e-05,random
0.41444096418787996,0.05480639143376366,0.0062251344624678325,0.03598152121986321,0.13660155553110787,0.14564037782894726,0.20630405533597015,0.5590014010088088,2.4492475065008188e-05,random
0.33002886353616884,0.05810223932951801,0.2073360339801929,0.04308787814244229,0.1805227712934069,0.07698418045096948,0.10393803326730161,0.5590014010088088,2.4492475065008188e-05,random
0.2889597285330144,0.17827544248645213,0.19427758060166717,0.14144781750575575,0.060070714985235724,0.11357240312193456,0.023396312765940314,0.5589530862809775,2.4540591817831705e-05,random
0.11466752913272589,0.053870134087315766,0.29505903260733546,0.07140806399923444,0.024856202304871386,0.1911107258208071,0.24902831204770998,0.5589530862809775,2.4540591817831705e-05,random
0.3468730390778575,0.18302895449350504,0.04519437528857992,0.10019033413779027,0.07697663401594587,0.08861788194851188,0.1591187810378096,0.5589047715531461,2.458879558354348e-05,random
0.13453104533236387,0.12365750252769746,0.0008332291027120776,0.023627271735948866,0.3394970528475485,0.2766543975811773,0.10119950087255199,0.5588564568253148,2.463708650510023e-05,random
0.1865573866474113,0.1360842486482516,0.14866692524842529,0.14074557814029454,0.22915310655474527,0.11386105000872,0.04493170475215179,0.5588081420974834,2.4685464725669414e-05,random
0.36473346069636164,0.033080538450443335,0.008819893702986118,0.10942997000531063,0.1280769475221208,0.28231152839942136,0.07354766122335629,0.558759827369652,2.4733930388627633e-05,random
0.3653560570659525,0.20050253702316195,0.07076585710753151,0.19794007701556907,0.011044836938611417,0.14448400208838627,0.009906632760787086,0.558759827369652,2.4733930388627633e-05,random
0.2791228696330861,0.07771739507563029,0.07380870115031833,0.1932467947221883,0.14983120105348785,0.1193641757947061,0.10690886257058319,0.558759827369652,2.4733930388627633e-05,random
0.29437430756058314,0.2309220695786348,0.030421250636661932,0.027798424975087256,0.22492297051886148,0.17088745293024712,0.020673523799924383,0.558759827369652,2.4733930388627633e-05,random
0.5087616176218345,0.12587613828859937,0.034883135631357476,0.02094742740731304,0.01316664577622771,0.16215776869626697,0.13420726657840104,0.5586631979139893,2.4831124616265505e-05,random
0.20839134824486666,0.26909392883569944,0.04785202629031048,0.016272076708980024,0.12594532085001459,0.23580853702032445,0.09663676204980412,0.5586631979139893,2.4831124616265505e-05,random
0.43100590579068443,0.18622634833662377,0.05013190733454928,0.04807755631195311,0.0436795806891589,0.16612801041472183,0.0747506911223088,0.5586631979139893,2.4831124616265505e-05,random
0.3910666114284335,0.10847602346608148,0.10038976254064304,0.16809933197296265,0.07660219537630161,0.07431640990153376,0.08104966531404381,0.5586148831861579,2.4879853468748497e-05,random
0.21218307566430156,0.18935736571389464,0.01402169442584792,0.06426003577233222,0.1548755977777829,0.1639833279670124,0.20131890267882838,0.5586148831861579,2.4879853468748497e-05,random
0.39545254954731196,0.22117460343965625,0.09670425423958619,0.002609123726360684,0.06565217771550597,0.08490848150005102,0.13349880983152795,0.5586148831861579,2.4879853468748497e-05,random
0.1213373049867398,0.09735653900079869,0.15556141284210576,0.2546286875818747,0.15379877621969257,0.12079919320306927,0.09651808616571941,0.5586148831861579,2.4879853468748497e-05,random
0.2778421384464547,0.07862921446718352,0.22032754513824093,0.03845687476892513,0.09264578721346324,0.05724858321135196,0.2348498567543804,0.5585665684583266,2.492867033922783e-05,random
0.4393083527803277,0.16429040954163918,0.026518086897977862,0.09013076775905896,0.08818151412946479,0.1313481282802927,0.06022274061123889,0.5585182537304952,2.4977575372131377e-05,random
0.259654114233608,0.13254484103311925,0.1408002611892848,0.21567176688835385,0.10025703258071536,0.06893547283133059,0.08213651124358803,0.5584699390026641,2.502656871209894e-05,random
0.10700004992597269,0.15794511687479199,0.1316421118235704,0.10425052208083567,0.13998535219219443,0.15804568299772934,0.20113116410490553,0.5584699390026641,2.502656871209894e-05,random
0.3203353132347947,0.16753265817852864,0.05959853304674367,0.007798062823656541,0.06957566194629776,0.07180262586165288,0.303357144908326,0.5584216242748327,2.5075650503981965e-05,random
0.14593821276886404,0.01833319466081554,0.06830592389125092,0.06632676056980122,0.31852803502112886,0.23422955233529621,0.14833832075284317,0.5584216242748327,2.5075650503981965e-05,random
0.3470922080335591,0.08108372674387158,0.03326181254400393,0.00790008154946125,0.24086821865860816,0.2136823377794213,0.07611161469107477,0.5583733095470012,2.5124820892843103e-05,random
0.045896262433221625,0.17269279681435257,0.1414464619299465,0.02920881875066113,0.3505793918225192,0.25397725974851804,0.006199008500780909,0.5583733095470012,2.5124820892843103e-05,random
0.29086130140421185,0.06590753266033605,0.012862272916647145,0.0733650286136994,0.20280485684398702,0.2625724531282711,0.09162655443284741,0.5583249948191698,2.5174080023956838e-05,random
0.15239965559825333,0.02027496667603835,0.5827384437082473,0.00212379640812467,0.009479151364089052,0.1903967395526609,0.04258724669258626,0.5582766800913386,2.522342804281055e-05,random
0.48205496265653475,0.07164616394233214,0.12405091471039668,0.11170782586510697,0.08078502067892283,0.04824950765155567,0.08150560449515075,0.5582766800913386,2.522342804281055e-05,random
0.40075151338222087,0.043645145854338624,0.08417227775103944,0.0022075527156635542,0.27613221168728735,0.14790270743463801,0.045188591174812234,0.5582766800913386,2.522342804281055e-05,random
0.32881434130194204,0.12439380907611455,0.1831482799234663,0.05922318130516617,0.025647295995713585,0.05606626478388292,0.22270682761371455,0.5581800506356759,2.5322391326749135e-05,random
0.08472473352354262,0.22721663611630719,0.1762928712123811,0.05391192016972772,0.03327085722179968,0.399194344763183,0.025388636993058773,0.5581317359078445,2.537200688387188e-05,random
0.16764584429702778,0.13353228738016823,0.13007911521259818,0.01316309376180783,0.3648994612026844,0.14995069130654715,0.04072950683916657,0.5581317359078445,2.537200688387188e-05,random
0.24883396443638386,0.14189570484429287,0.12141771389178263,0.041659211502635865,0.12493141468820515,0.055034467081129565,0.26622752355557,0.5581317359078445,2.537200688387188e-05,random
0.3161792992729943,0.152399297629992,0.12332602846423775,0.0714594126493593,0.0356630277199551,0.04523847803697922,0.2557344562264822,0.5581317359078445,2.537200688387188e-05,random
0.25831825231764943,0.17688707971945603,0.09427322343509818,0.21060909896412636,0.15378913851690582,0.07719379970186094,0.028929407344903325,0.5580834211800131,2.542171191281084e-05,random
0.10553769712824353,0.07066021268791245,0.32298588668754064,0.028167998773115776,0.1992195347632673,0.19704946655692915,0.076379203402991,0.5580834211800131,2.542171191281084e-05,random
0.38634940444877347,0.12201324607274666,0.15751236620941034,0.02168196393505724,0.19220475371086526,0.06636564239329694,0.05387262322985023,0.5580834211800131,2.542171191281084e-05,random
0.34764479816713084,0.1993055274141769,0.06638445306886775,0.0009241298202345675,0.021877588150305098,0.20346339127654853,0.16040011210273653,0.5580351064521818,2.5471506560118397e-05,random
0.009703104422685216,0.20832147166746715,0.15793407567001383,0.015838162054303627,0.20704706007520007,0.37107660260354464,0.030079523506785423,0.5579867917243504,2.5521390972561023e-05,random
0.4004566365023281,0.1327144668200974,0.09128876799833466,0.06672808385433911,0.0709747300380099,0.06725560614068377,0.1705817086462069,0.5579867917243504,2.5521390972561023e-05,random
0.5008055982592015,0.023943974803823723,0.06187432421405631,0.14912093004763272,0.06302404423656868,0.1521905177179509,0.04904061072076611,0.5579867917243504,2.5521390972561023e-05,random
0.5956009454816332,0.007838694258471154,0.2816594210527057,0.0130340658767126,0.05908938603508843,0.021914677909947288,0.020862809385441602,0.5579384769965191,2.5571365297118854e-05,random
0.20244659993519484,0.029304365966229852,0.14300455598359638,0.1847844970006908,0.025738963272672458,0.038262742704302716,0.37645827513731295,0.5578901622686877,2.5621429680986945e-05,random
0.18836046572939685,0.09147855280812948,0.032949655683871516,0.24124431247648925,0.19456950819219748,0.13772033574891004,0.11367716936100548,0.5578901622686877,2.5621429680986945e-05,random
0.2995783107464696,0.30782383924505036,0.0035945907181980526,0.0433590351314217,0.11730207405104245,0.21674151647069173,0.011600633637126113,0.5578418475408563,2.5671584271574897e-05,random
0.3487016825635898,0.04344385458003511,0.22864885352705844,0.09076662639378293,0.14813379151071412,0.05797790568982025,0.08232728573499946,0.5578418475408563,2.5671584271574897e-05,random
0.06301268989302158,0.04826303061286301,0.1200203483639823,0.09271942211947129,0.2970460701676584,0.1102932149889885,0.26864522385401496,0.5577935328130249,2.572182921650701e-05,random
0.1894750429948291,0.2411030894487871,0.11035560548327782,0.03256117559017664,0.1447970838484391,0.16049500696095984,0.12121299567353037,0.5577452180851936,2.5772164663622588e-05,random
0.35118098433297734,0.028058255576239883,0.23095723800659845,0.1628777738426176,0.06280929157952368,0.025440978332339895,0.13867547832970306,0.5577452180851936,2.5772164663622588e-05,random
0.16099169441708114,0.12473568796856077,0.1298148062828634,0.14459275268391678,0.07821263635674082,0.09546857685025778,0.26618384544057927,0.5576969033573622,2.582259076097753e-05,random
0.13288543823091958,0.10222831829484583,0.03939229813364417,0.37174248874778587,0.13974619646824527,0.14876788922843845,0.0652373708961209,0.5576969033573622,2.582259076097753e-05,random
0.2255237197393332,0.18922059511820416,0.14023503650748825,0.06624169151784375,0.1434286965338005,0.09441632388760687,0.1409339366957232,0.5576485886295309,2.5873107656842474e-05,random
0.23660895392001627,0.04406022845070563,0.07464560186030403,0.002832720253646686,0.2971242308867924,0.18049707939183493,0.1642311852367001,0.5576002739016995,2.5923715499704395e-05,random
0.23868106833458838,0.11182329930727242,0.19620302327043032,0.10810948760799223,0.20858772898959996,0.04424390841414032,0.0923514840759764,0.5576002739016995,2.5923715499704395e-05,random
0.2661062589665152,0.1514563386148444,0.11777009344215927,0.0628390795231447,0.028780733422412854,0.08210352528669444,0.29094397074422906,0.5576002739016995,2.5923715499704395e-05,random
0.23436237239698837,0.1853660264374462,0.17145267603691441,0.07009521394299427,0.0651350001745752,0.15015337649182062,0.12343533451926085,0.5574553297182054,2.607608619838811e-05,random
0.06656355862933373,0.07601285441160872,0.09636543546783474,0.05548356410101439,0.1736661297876154,0.0802953008220515,0.4516131567805415,0.5574553297182054,2.607608619838811e-05,random
0.3407506411314655,0.20714081354964137,0.07226220063004186,0.011683283333305148,0.011955283630606968,0.20128253804005947,0.15492523968487965,0.5574553297182054,2.607608619838811e-05,random
0.24397342917058137,0.1785499929592548,0.20746909248925716,0.10834637860875741,0.06351093522639623,0.13232628290703755,0.06582388863871569,0.5574553297182054,2.607608619838811e-05,random
0.35584082832717023,0.08959200913216972,0.0727741189962181,0.013743961469559487,0.05044864722147543,0.0426794266709401,0.37492100818246693,0.557407014990374,2.6127059318437978e-05,random
0.3883561717786444,0.24147925272798568,0.08883302408632159,0.05589275104754649,0.056890600616415044,0.11251741111422592,0.05603078862886088,0.557407014990374,2.6127059318437978e-05,random
0.46934975185393113,0.07696655139787262,0.011441237194127573,0.010725718862638373,0.14448499352694974,0.1456481360004355,0.14138361116404496,0.5573587002625428,2.6178124131169857e-05,random
0.2712863549987308,0.060526586242227766,0.04149407025775191,0.0010560877969221785,0.031483825617965075,0.06498859703907454,0.5291644780473278,0.5573103855347113,2.6229280786372793e-05,random
0.33838226012725325,0.16867799855258273,0.03886529271491356,0.041257489378568254,0.12248966657893245,0.1072564087186674,0.18307088392908252,0.55726207080688,2.6280529434053123e-05,random
0.01648680888578843,0.035217180086914095,0.2309357929654759,0.30875074820573656,0.02225662851918347,0.28507501013262465,0.10127783120427682,0.55726207080688,2.6280529434053123e-05,random
0.1389072109020287,0.06379412117567514,0.4873631207485357,0.01654662841186867,0.020673464476748553,0.2564368724719583,0.016278581813184624,0.5571654413512173,2.638330330796607e-05,random
0.338339716353989,0.07628967520346694,0.07211768790704949,0.14966504590722246,0.1150651641254013,0.10597885795283693,0.142543852550034,0.5571654413512173,2.638330330796607e-05,random
0.056258326695737416,0.1620514663355929,0.16633748029294454,1.3837647126408386e-05,0.1283907244728416,0.27552461997391003,0.21142354458184712,0.557117126623386,2.6434828835304302e-05,random
0.11659522945235559,0.22094516587551816,0.07194973503662318,0.0016077768848503826,0.20536073026527651,0.21658754330643057,0.16695381917894556,0.557117126623386,2.6434828835304302e-05,random
0.20795391052675377,0.04172953538359761,0.07322165285182251,0.28746019021405583,0.20665302156496954,0.1180788867470718,0.06490280271172898,0.5570688118955546,2.648644695733289e-05,random
0.43901976755488414,0.05185737506963649,0.061144823295415984,0.28640452723623405,0.026758690264740606,0.08667141683543812,0.04814339974365072,0.5570688118955546,2.648644695733289e-05,random
0.30631042345668436,0.16766414461315574,0.01754477916487802,0.0011228523982287095,0.03359652556416845,0.11253786288147931,0.36122341192140534,0.5570204971677233,2.653815782515206e-05,random
0.046942553988076514,0.05839039330137072,0.029352428861336478,0.09136355742122904,0.12012501285902438,0.06402642831795781,0.589799625251005,0.5570204971677233,2.653815782515206e-05,random
0.0798592579193479,0.1565118807167402,0.05739331559618743,0.26561906590726114,0.16788488254178663,0.16591282918590022,0.10681876813277646,0.5569238677120605,2.664185840366384e-05,random
0.26025078811068214,0.14127768472444402,0.27202581095556055,0.027890539020165018,0.08487819056105254,0.1312746179163737,0.08240236871172216,0.5569238677120605,2.664185840366384e-05,random
0.19388954110605602,0.14595899684061503,0.21324260699305517,0.11540490259490778,0.12482503198560851,0.13389807326404352,0.07278084721571393,0.5569238677120605,2.664185840366384e-05,random
0.21443286096409292,0.09832363491022314,0.13238348077191905,0.19969526219491207,0.19118131098439956,0.06637364659905802,0.09760980357539523,0.5569238677120605,2.664185840366384e-05,random
0.30369073509907435,0.16514766792248528,0.07959010345982945,0.0008766157892954011,0.1578379096626789,0.09882217385896819,0.19403479420766861,0.5567789235285664,2.6798108655020612e-05,random
0.14334422754366669,0.1538617555607217,0.1342460210440524,0.1317262831002981,0.2430862309932934,0.13832097619355413,0.055414505564413526,0.5567789235285664,2.6798108655020612e-05,random
0.6296419577998578,0.057892163680457576,0.13570534668442277,0.0057469951509415765,0.13044837485853644,0.04048998975576015,7.517207002365738e-05,0.5567306088007351,2.6850379183015284e-05,random
0.08322003431203814,0.21179012340457032,0.15329190865345624,0.047407476959093454,0.1841114601417612,0.2785625185622042,0.04161647796687663,0.5567306088007351,2.6850379183015284e-05,random
0.36076618396290805,0.030563769246862167,0.2821608203998773,0.04899514482929362,0.1503306275482057,0.056295377566991135,0.070888076445862,0.5567306088007351,2.6850379183015284e-05,random
0.33562007079523143,0.16483385872811554,0.21428695496957467,0.11145145582583156,0.08452083439384807,0.05367428781563168,0.03561253747176722,0.5566822940729037,2.6902743520669455e-05,random
0.2832615441599894,0.016408555589667757,0.12152099422770907,0.01621826255659247,0.10445346425591687,0.03150302545738544,0.42663415375273905,0.5566339793450723,2.6955201820848345e-05,random
0.3294513140221568,0.0976510154001988,0.03259299565459013,0.005965330831139824,0.2839497696004934,0.1286156989275261,0.121773875563895,0.556585664617241,2.7007754236638796e-05,random
0.499183023041965,0.049363174256574875,0.11344160464940502,0.09893823202923299,0.14653358914826456,0.07932577509983896,0.013214601774718586,0.5565373498894096,2.706040092134995e-05,random
0.12420369945303458,0.12488328797652436,0.1760915096038501,0.0864473648126585,0.17610722037628987,0.10518665432110341,0.20708026345653935,0.5564407204337469,2.7165977711882333e-05,random
0.5742276733581734,0.06915168023729389,0.04635516887695695,0.02639937345251309,0.007839270717247306,0.1311250661246089,0.1449017672332066,0.5564407204337469,2.7165977711882333e-05,random
0.28533502061528815,0.25961776743840426,0.10165097301000245,0.012884426648736381,0.08545209854476352,0.18130056676619477,0.07375914697661057,0.5563440909780841,2.7271933423369675e-05,random
0.20673269115467283,0.10907397375053857,0.032354350018942074,0.008343060144827675,0.1192787745661244,0.06645117607423673,0.45776597429065763,0.5562957762502528,2.73250537601115e-05,random
0.2893771778811398,0.025151148568033604,0.1772729485202482,0.024864446274219357,0.10917592303659823,0.02424266413908432,0.34991569158067654,0.5562957762502528,2.73250537601115e-05,random
0.43224577476091863,0.015323283941333046,0.05913128666228672,0.1119241197997087,0.12093839570323106,0.17689945319647316,0.08353768593604864,0.5562957762502528,2.73250537601115e-05,random
0.2007511955438578,0.2570097909876439,0.10701938246710745,0.022585750391769948,0.1788252107261204,0.1568639154665704,0.07694475441693015,0.5562474615224214,2.7378269290307285e-05,random
0.1761712407880564,0.031151737893322907,0.35764671329250425,0.032147056644683064,0.2732236442733347,0.10285016882986844,0.026809438278230287,0.5561991467945901,2.743158016882813e-05,random
0.37670433115507446,0.23018399025564457,0.011286844714356307,0.07195620292707476,0.12827510113526192,0.0920274817714261,0.0895660480411621,0.5561991467945901,2.743158016882813e-05,random
0.29193605222140345,0.1843530275707992,0.04823201518319423,0.17527114859138523,0.13877558911721466,0.09819338977190836,0.06323877754409489,0.5561025173389275,2.753848859145345e-05,random
0.3660429671391741,0.04777306328929165,0.08163639437762478,0.03307722829798756,0.17540770287533994,0.11246264461312581,0.1835999994074562,0.556054202611096,2.7592086446423366e-05,random
0.2320284173587707,0.25384618233087425,0.14278531392932542,0.01956579026888198,0.0336240787383636,0.23592945749656055,0.08222075987722341,0.556054202611096,2.7592086446423366e-05,random
0.1636513203640534,0.02460290678610185,0.08994224274608842,0.2326547052569125,0.1508249807495527,0.06604980669627983,0.2722740374010113,0.556054202611096,2.7592086446423366e-05,random
0.5126033006541068,0.21465082790764098,0.08658049558472036,0.16076044764747774,0.006949461870273754,0.007019037245186391,0.011436429090594126,0.556054202611096,2.7592086446423366e-05,random
0.09258080425497293,0.1533800316684333,0.2865807825752941,0.0009702685695614987,0.011252250833117719,0.3657260248424509,0.08950983725616954,0.5560058878832647,2.7645780271449486e-05,random
0.301173383317887,0.23264275183368177,0.022794251081215036,0.13145432293701717,0.11774853335558814,0.14609323798278032,0.04809351949183048,0.5560058878832647,2.7645780271449486e-05,random
0.08216457755834077,0.08258702927874371,0.4202070873459973,0.05325565941691881,0.03487055688155684,0.2836490541573257,0.043266035361116756,0.5559575731554333,2.769957022252837e-05,random
0.2937644661592423,0.04983724023967331,0.3743244119897112,0.05465155988915544,0.09588562880288345,0.05681738561228128,0.07471930730705291,0.5559575731554333,2.769957022252837e-05,random
0.3793395234582642,0.13309494236706543,0.13084812463149645,0.041803650581338815,0.1632593135215527,0.05671306847082151,0.09494137696946085,0.5559575731554333,2.769957022252837e-05,random
0.425040429275324,0.11012011406778623,0.013446538921447815,0.06453011289430603,0.1937396217745461,0.11857067688077394,0.074552506185816,0.555909258427602,2.7753456455880844e-05,random
0.2242530588748208,0.10708166433273458,0.13734326203790814,0.14674978527242682,0.12358719795055924,0.04071390320960458,0.22027112832194587,0.555909258427602,2.7753456455880844e-05,random
0.154561192789415,0.009962719932663776,0.22586124679137914,0.054621578073203565,0.42293476191734214,0.12483229369395474,0.0072262068020416325,0.555909258427602,2.7753456455880844e-05,random
0.11217484469250572,0.10034215864017765,0.16017435224865068,0.0012364002139759191,0.45568730974649113,0.16062561582771284,0.009759318630486066,0.555909258427602,2.7753456455880844e-05,random
0.3983622874738974,0.24668050841390005,0.019970782003188834,1.2592733083581319e-05,0.04431273657450209,0.13810149294588842,0.1525595998555397,0.555909258427602,2.7753456455880844e-05,random
0.32602105319968633,0.09350115578820585,0.13460390615155488,0.15226563356207296,0.17806458389150376,0.07221680079052342,0.043326866616452776,0.555909258427602,2.7753456455880844e-05,random
0.20430324498959304,0.2602948096268999,0.10136765023725092,0.003566172792899326,0.09461171999530237,0.2064590958086577,0.1293973065493967,0.555909258427602,2.7753456455880844e-05,random
0.16905786045055962,0.19357887882852748,0.01717148324890966,0.012655462151074357,0.1525019270865771,0.17129613843229138,0.2837382498020604,0.5558609436997706,2.7807439127954614e-05,random
0.08849569762443496,0.14399747172857616,0.2223778089585358,0.11211322193753896,0.12357783784381093,0.27442029630117915,0.03501766560592402,0.5558609436997706,2.7807439127954614e-05,random
0.2475300681889944,0.23959258152611385,0.031451900705104265,0.03204239604607907,0.17992364419243959,0.13641759048189392,0.1330418188593749,0.5556676847884452,2.8024337340335826e-05,random
0.021093519013170976,0.12757307235498597,0.1683545768671513,0.013892611671378348,0.31941947561013406,0.19287502973995554,0.15679171474322381,0.5556193700606138,2.8078804560656587e-05,random
0.2005052420914467,0.06658245648464683,0.0372673966308068,0.3061492594245603,0.18401790967585763,0.08347814123466661,0.12199959445801516,0.5556193700606138,2.8078804560656587e-05,random
0.3290409259536979,0.09030087137291073,0.12317194364131817,0.18523443765355566,0.16433306078838683,0.017440952689375074,0.09047780790075555,0.5555227406049511,2.818803130583779e-05,random
0.3039140184902658,0.10024623718228762,0.11361760783738874,0.008709363780097974,0.26778703511513813,0.11935616649424245,0.08636957110057929,0.5555227406049511,2.818803130583779e-05,random
0.20221793299841168,0.14896581180893229,0.13452809900584434,0.3016280698206378,0.016922491633150023,0.17797309058218558,0.01776450415083825,0.5555227406049511,2.818803130583779e-05,random
0.2000956598076116,0.2139423535904921,0.038610731073497336,0.002941127135844581,0.2594347423444334,0.17289509794847974,0.1120802880996413,0.5554744258771197,2.8242791147001205e-05,random
0.15656875698247638,0.11444278526215984,0.03264283153712381,0.07840169873114174,0.3775369339820261,0.2355420972053934,0.004864896299678631,0.5554744258771197,2.8242791147001205e-05,random
0.3218721491104679,0.09914721832453553,0.17009251119246296,0.1199457002237934,0.12661249527752366,0.06046658373498344,0.10186334213623315,0.5554744258771197,2.8242791147001205e-05,random
0.22122215766775485,0.18583427933500357,0.05805070339843882,0.1715108961072005,0.17908220774972491,0.15042141336652226,0.03387834237535492,0.555377796421457,2.8352604558943816e-05,random
0.291487090670489,0.1267829358282607,0.12997970660966324,0.1819573528664222,0.12432620874608953,0.012300200017395603,0.1331665052616796,0.555377796421457,2.8352604558943816e-05,random
0.3499562130638407,0.10740353107852427,0.29666509421095566,0.05412210094606436,0.11326473335816292,0.05291004627593056,0.025678281066521685,0.5553294816936256,2.8407658447398125e-05,random
0.03588781662097802,0.16368138165482407,0.07898341967375488,0.016971732783244254,0.46794662337186127,0.1792770645517356,0.05725196134360197,0.5553294816936256,2.8407658447398125e-05,random
0.16678865748499963,0.1737036040722209,0.08865953933644602,0.12836209806695925,0.22763149438216027,0.12428139192556538,0.09057321473164846,0.5552811669657944,2.8462810669673005e-05,random
0.4024226204729999,0.08163521307096959,0.0030088718098371585,0.03306305536706954,0.11118180207518977,0.10404306072015188,0.26464537648378206,0.5552328522379629,2.8518061385180268e-05,random
0.35903173295768637,0.20529062914902613,0.07153302172035772,0.050754054579473344,0.05040586345041797,0.08307877204683897,0.1799059260961995,0.5551845375101315,2.857341075356007e-05,random
0.1690803845330529,0.1523205152695007,0.04393097511937596,0.0026327001908430714,0.1922015662879829,0.1231411413291654,0.31669271727007914,0.5551845375101315,2.857341075356007e-05,random
0.2953602099173162,0.20190611383076215,0.0038834660104994697,0.03835089319375379,0.1373879111464813,0.11944880626571311,0.20366259963547417,0.5551362227823001,2.862885893468422e-05,random
0.1724870197057891,0.08003111691009493,0.06855820612683956,0.18096011153184505,0.22747534888174128,0.11528518024191117,0.15520301660177885,0.555087908054469,2.8684406088654337e-05,random
0.29239921318614215,0.12325402517115744,0.10749176133749831,0.03120897588663884,0.24140826685159608,0.07661409638537256,0.1276236611815946,0.555087908054469,2.8684406088654337e-05,random
0.2717250387255922,0.29784711709262646,0.09612524510718082,1.682959542097272e-05,0.11297006554485994,0.2068520802963365,0.014463623637983038,0.5550395933266375,2.8740052375803533e-05,random
0.21956461578439582,0.1016256184154737,0.017487023785642125,0.029873087319514085,0.3324904875359397,0.24959785677414362,0.04936131038489087,0.5549429638709749,2.8851642992124932e-05,random
0.10567160578119736,0.10841100926043518,0.23293655116850806,0.1682645964438496,0.19031497109286483,0.17827027130622475,0.016130994946920326,0.5549429638709749,2.8851642992124932e-05,random
0.391077390878638,0.21766215046551377,0.07837801293791827,0.06015657628628375,0.028841717950655824,0.10887264776427086,0.11501150371671955,0.5549429638709749,2.8851642992124932e-05,random
0.23716596493793696,0.171034013920905,0.244610984288816,0.030341466764688758,0.19245842763302556,0.09912780059768679,0.025261341856940872,0.5548946491431435,2.890758764311936e-05,random
0.06551471965710327,0.07390405972541483,0.2351691377378692,0.18686286817861333,0.3080993645898945,0.1223305949327662,0.00811925517833846,0.5548946491431435,2.890758764311936e-05,random
0.27676190936161965,0.03823460877253232,0.18484763032614793,0.06504782346774671,0.2085908604310959,0.06846818806492702,0.15804897957593045,0.5548946491431435,2.890758764311936e-05,random
0.2803713466844378,0.0867876804844142,0.10994155376302252,0.02138952893804088,0.1448135454518015,0.04837206405248374,0.30832428062579925,0.5548946491431435,2.890758764311936e-05,random
0.3051899827367503,0.206612731942265,0.02774475034435621,0.1363727234183756,0.02516201341258698,0.1539705524934559,0.14494724565220996,0.5548946491431435,2.890758764311936e-05,random
0.39448353393527147,0.11837758772274826,0.15614210856168959,0.01159939903493687,0.0876576356471594,0.03669941980291152,0.19504031529528293,0.5547980196874808,2.9019776437069997e-05,random
0.3855935253768232,0.21385300996709838,0.06962364172422249,0.1649449831264868,0.042861893711905144,0.07268221671329095,0.050440729380172904,0.5547497049596495,2.9076020903241138e-05,random
0.3892452127983873,0.13274158667464156,0.20717301587622175,0.1460727278604904,0.06883175217872045,0.022361665371262805,0.033574039240275674,0.5547497049596495,2.9076020903241138e-05,random
0.3607312994178759,0.06334970377143541,0.02962298871717862,0.005356111239725771,0.19564901155743325,0.1859727497017945,0.15931813559455632,0.5547013902318181,2.9132365631407097e-05,random
0.4013255477989523,0.2050166781113185,0.010972244501940787,0.09232714447139649,0.057143242745298174,0.069035242232453,0.1641799001386407,0.5546530755039867,2.9188810783757816e-05,random
0.2181820274139644,0.23967338784341563,0.07596240362247564,0.022102800463066705,0.1680972998028448,0.13175938634204712,0.1442226945121856,0.5546047607761553,2.92453565227161e-05,random
0.284019003065922,0.07598251210556731,0.010547287143660806,0.03859884849350355,0.2936048104521873,0.2908702963678041,0.006377242371355161,0.5546047607761553,2.92453565227161e-05,random
0.13284856536859488,0.12525278575421725,0.07062865870300476,0.07991184664500318,0.1936094284514758,0.11746359760948004,0.280285117468224,0.554556446048324,2.9302003010938394e-05,random
0.3037643534504314,0.27030095148795513,0.012595204619251744,0.007264692083964936,0.1461730990879378,0.17902577947036322,0.08087591980009592,0.5545081313204926,2.9358750411316323e-05,random
0.23849711718096603,0.04086513109033981,0.25468157767655475,0.06659499703785836,0.1880233349081724,0.10309278719931322,0.10824505490679541,0.5544598165926613,2.941559888697413e-05,random
0.07281418032767939,0.057486912312994534,0.0958034071936645,0.050732069487330826,0.4600941777409881,0.2125630060175914,0.05050624691975126,0.5544598165926613,2.941559888697413e-05,random
0.25972341652157055,0.2532487822881386,0.11826220228227344,0.04078015185728784,0.1624546601878789,0.10850996613255198,0.05702082073029894,0.5544115018648299,2.947254860127196e-05,random
0.33654659154990874,0.1898363400727632,0.2040016210497684,0.0380789654995455,0.13238345848337996,0.08116534016361202,0.017987683181022215,0.5543148724091672,2.9586752400399984e-05,random
0.2705840272505743,0.08909401793941994,0.19391543968840996,0.17380429830707286,0.0612353868977793,0.02731721610563083,0.18404961381111284,0.5543148724091672,2.9586752400399984e-05,random
0.2815695284093188,0.18288523569135096,0.0862768707531874,0.02277686852507885,0.15801843649384162,0.08724724448898279,0.1812258156382395,0.5543148724091672,2.9586752400399984e-05,random
0.298098953970509,0.17463820794782156,0.05617598917036853,0.2164604037130445,0.03665763332222164,0.12174977122205487,0.09621904065397993,0.5542182429535044,2.9701363120280124e-05,random
0.23827990656236608,0.0985239365574966,0.10769977034691569,0.1826655268977338,0.18385581425666558,0.01614964258662946,0.17282540279219274,0.5542182429535044,2.9701363120280124e-05,random
0.38704724149408265,0.07690896522297304,0.07432646375698958,0.045651335941794394,0.2446506960107343,0.11091786634477889,0.060497431228647064,0.5542182429535044,2.9701363120280124e-05,random
0.05984076184479414,0.12757707331148285,0.1930356295414736,0.01648598947731858,0.3420151436895125,0.19970750572409313,0.061337896411325095,0.5542182429535044,2.9701363120280124e-05,random
0.4041063156589608,0.11443442921761987,0.0027142095575210553,0.01605669762112428,0.1477356837829438,0.1102323554056541,0.20472030875617608,0.5541216134978417,2.9816382076263156e-05,random
0.12801403936398867,0.09431196007098244,0.25383402723150966,0.21813318873099732,0.08729283141268844,0.21360052794476786,0.004813425245065666,0.5540732987700104,2.9874045054874466e-05,random
0.32760781336343286,0.13416388389902098,0.20347499516452672,0.008802328292586344,0.0167083913088424,0.05563271198123579,0.2536098759903548,0.5540732987700104,2.9874045054874466e-05,random
0.22701464641248167,0.2113597062168024,0.1326315161436159,0.08869463364896572,0.18929340416686552,0.10061228815493771,0.050393805256331296,0.5540732987700104,2.9874045054874466e-05,random
0.35378689000803687,0.041716564989317494,0.20288093323765813,0.022406765736414345,0.23170338935038187,0.053604455879154536,0.09390100079903689,0.5539766693143476,2.9989678839570355e-05,random
0.21342424725692521,0.26056525839743777,0.021361615916194922,0.009647613075636784,0.2004586344564267,0.25094476936242366,0.043597861534955,0.5539766693143476,2.9989678839570355e-05,random
0.2516196026917584,0.09152963434180415,0.19879162333433342,0.1896646019970748,0.1823113442027128,0.05269861623818291,0.03338457719413337,0.5539283545865163,3.0047649976860016e-05,random
0.06636742093083194,0.03466941824584025,0.020877075825976164,0.16863939339179967,0.21153920168564297,0.16067087741248673,0.3372366125074223,0.553880039858685,3.0105724165310895e-05,random
0.2870638982526243,0.20779322115685794,0.03563489290155161,0.2045153397127606,0.08286633550904984,0.09648830598566595,0.08563800648148988,0.553880039858685,3.0105724165310895e-05,random
0.14763824436249232,0.08584621817393902,0.1008703677944043,0.16681372067177688,0.21203998559408507,0.08578532258898486,0.2010061408143177,0.5538317251308537,3.0163901571119714e-05,random
0.21642438865958674,0.014982246604403362,0.10183454220851908,0.02509569850198333,0.3684542113768424,0.20095240156388042,0.07225651108478455,0.5537834104030223,3.0222182360722493e-05,random
0.3567671872313975,0.07450181768766911,0.2978215396837261,0.03553343126931896,0.17610532175054142,0.0525787945506048,0.006691907826742185,0.5537350956751909,3.0280566700793627e-05,random
0.31448220527210863,0.05816503958951641,0.28535835704286694,0.015589184975403755,0.21018707913519305,0.06435272958397499,0.05186540440093606,0.5536867809473595,3.0339054758246083e-05,random
0.21671194986702058,0.017411135708982395,0.17558249733217424,0.01716809645768314,0.3797270028240409,0.12828569015474234,0.06511362765535661,0.5536867809473595,3.0339054758246083e-05,random
0.32902258722371436,0.043483999125635886,0.1895682162598515,0.03204153050852926,0.2621634741641451,0.1097895793116768,0.03393061340644716,0.5536384662195282,3.0397646700232415e-05,random
0.2708596133816109,0.09777372527049184,0.09172014091922412,0.06770284480474263,0.3055965814092028,0.12653956576592565,0.03980752844880191,0.5535901514916968,3.0456342694144917e-05,random
0.1590378294917791,0.2314120026653399,0.1373204445500152,0.05598837562244488,0.2191900772601977,0.15476823695710515,0.042283033453118214,0.5535901514916968,3.0456342694144917e-05,random
0.22026844169911533,0.08033212642318499,0.07569780927237084,0.012618567150215419,0.3762947814457477,0.18735198773002548,0.04743628627934022,0.5535418367638655,3.0515142907615563e-05,random
0.044288030204962775,0.20249199946087634,0.009549263413240187,0.2553694649594801,0.005994653659830339,0.41804225098191194,0.06426433731969847,0.5534452073082028,3.063305666495923e-05,random
0.3888160235107606,0.11570119633785121,0.11456555070933963,0.05301698570654639,0.14828320001520626,0.029889317892929937,0.14972772582736588,0.55334857785254,3.075138931812799e-05,random
0.36226798797840054,0.024003200619508697,0.03512907772347609,0.11191458961581972,0.06693881286201941,0.13266984320040293,0.26707648800037254,0.55334857785254,3.075138931812799e-05,random
0.21780930552772695,0.038900998009506825,0.16963656777780553,0.1923973570014753,0.2664800062315382,0.08194120241278716,0.03283456303916008,0.55334857785254,3.075138931812799e-05,random
0.23302321589199612,0.10733478666737277,0.16043310485904613,0.12042739318583373,0.16909582460540204,0.009314513027636947,0.20037116176271216,0.55334857785254,3.075138931812799e-05,random
0.34855612806415676,0.11573763970291752,0.19145254503554918,0.012692291920708865,0.1712522451304068,0.030032193345909407,0.13027695680035176,0.5533002631247086,3.0810713152283414e-05,random
0.4876156935336737,0.08110176473846174,0.04236087876290676,0.045662440488037255,0.10567193261197463,0.11055159346781233,0.12703569639713355,0.5533002631247086,3.0810713152283414e-05,random
0.17133909775396447,0.07029077272456552,0.08527242787316748,0.4141694619083679,0.06051303759116741,0.012133217026131498,0.18628198512263572,0.5533002631247086,3.0810713152283414e-05,random
0.23795707911882244,0.17940797285106955,0.11922270891382754,0.11209061375407522,0.16043477697537908,0.07421826838453022,0.11666858000229582,0.5533002631247086,3.0810713152283414e-05,random
0.6234017556363393,0.08187224840086482,0.1648376177420239,0.005415290595663475,0.02692201157468915,0.04682962336164417,0.05072145268877522,0.5532519483968773,3.0870142216841637e-05,random
0.3565624570621517,0.3048715377579084,0.03000095432916519,0.005399900489653202,0.1058857119597775,0.18342707859492347,0.013852359806420458,0.5532519483968773,3.0870142216841637e-05,random
0.3249439759005789,0.1773914429920964,0.010737496587883632,0.24547008698649675,0.06122975895452263,0.15849142914342848,0.021735809434993095,0.5532036336690459,3.0929676681122135e-05,random
0.24232635691078086,0.19153358919035068,0.04598512859891185,0.024339713196544967,0.21739750841690464,0.13926813959006323,0.1391495640964437,0.5531553189412146,3.0989316714686586e-05,random
0.4606097830288866,0.05987146376496996,0.05893066468712677,0.13594381621487872,0.09131569409003125,0.12955545309594155,0.0637731251181652,0.5531553189412146,3.0989316714686586e-05,random
0.04045039372292607,0.06894747537462292,0.2759541332757306,0.06492119337712932,0.3586279203313169,0.17472368225032853,0.016375201667945788,0.5531553189412146,3.0989316714686586e-05,random
0.31761080743638453,0.06940603874824809,0.002434625286414132,0.07113929602420344,0.1803767124070239,0.23255493214759493,0.12647758795013078,0.5531070042133832,3.104906248733848e-05,random
0.11448120569488114,0.04820130987174603,0.1946066465994261,0.12139796781393496,0.1744492746781204,0.0508678308208849,0.2959957645210065,0.5531070042133832,3.104906248733848e-05,random
0.06402604093384245,0.018458905732331984,0.05267857246801027,0.11981510265063267,0.2927541811785698,0.1953754200772427,0.2568917769593702,0.5530586894855518,3.110891416912471e-05,random
0.35904187783566,0.02323461816830488,0.03140125362651847,0.11929839458881432,0.06286852510809983,0.06628661318338004,0.33786871748922237,0.5530103747577205,3.116887193033529e-05,random
0.037907347499992514,0.06695370573823646,0.20750845856614644,0.0006687639834737228,0.287092178828663,0.1439201726148035,0.2559493727686843,0.5530103747577205,3.116887193033529e-05,random
0.2728827794285144,0.09637465461357689,0.17525396504423724,0.15647983683769806,0.1555088411153468,0.02399909444728682,0.11950082851333983,0.5529137453020578,3.128910637340611e-05,random
0.4253574171587148,0.2174252828415757,0.0007377787561733981,0.07272965304209837,0.019182511450470244,0.16435890420895397,0.10020845254201356,0.5529137453020578,3.128910637340611e-05,random
0.36898779932168296,0.06932984240007459,0.19274940426461262,0.135947787265949,0.18951949928098022,0.010964905642596527,0.032500761824104156,0.5528654305742264,3.13493833970644e-05,random
0.3830522990191284,0.1649362213406024,0.0844094526694957,0.04456629686772008,0.19732678938656562,0.030955341549250524,0.09475359916723716,0.552817115846395,3.140976718374363e-05,random
0.4209978961182711,0.12685095757867842,0.11546275753343734,0.14736580624388526,0.0745707673103013,0.06458722968219044,0.05016458553323627,0.5527688011185636,3.147025790495374e-05,random
0.3493073071700159,0.14515492476165373,0.1328111232527272,0.03450256113811593,0.184449037490156,0.029885625761658038,0.12388942042567323,0.5526238569350697,3.165237339454386e-05,random
0.025956661765602025,0.031998898624763024,0.11051070295091764,0.21790419081216547,0.37407642918940015,0.17112725362134074,0.06842586303581116,0.5526238569350697,3.165237339454386e-05,random
0.25527089999276265,0.19016407390418458,0.21896652910908967,0.017110108897980893,0.1328969041155706,0.10192247714635495,0.08366900683405662,0.5525755422072383,3.1713293573880076e-05,random
0.30865605428881054,0.1262450538034492,0.1285314166926189,0.010694876436977656,0.20428367328758498,0.08346630405720487,0.1381226214333538,0.5525272274794069,3.177432154897655e-05,random
0.4719949375224211,0.16400848014733266,0.15287238921927315,0.06858625897750234,0.01773674565325143,0.06257837427654361,0.062222814203675834,0.5524789127515756,3.1835457492817294e-05,random
0.37154264288863803,0.1434869305404471,0.06170757380777566,0.00287674120541314,0.2533332534577055,0.13678603799469075,0.030266820105329863,0.5524305980237442,3.189670157863356e-05,random
0.2194675443538182,0.28779487832836115,0.018881643543352616,0.021130478695286285,0.06935218216663913,0.2590622742634477,0.12431099864909483,0.5523822832959128,3.1958053979902153e-05,random
0.32149592177641345,0.10732888964743904,0.1683218385222379,0.17522105134803775,0.04364244476716709,0.04259818160259023,0.14139167233611452,0.5523822832959128,3.1958053979902153e-05,random
0.13948439366294074,0.1838357948660052,0.15000418724754255,0.006480379724746972,0.14016485122628675,0.17071585476935866,0.2093145385031194,0.5523822832959128,3.1958053979902153e-05,random
0.24730434286275038,0.19607958942632744,0.15427885974851419,0.003938206663910838,0.21552634613293326,0.0923523810116316,0.09052027415393243,0.5523822832959128,3.1958053979902153e-05,random
0.1669655963952771,0.2470826217040471,0.02588690891690601,0.05448467602811981,0.21762109672236718,0.23319105501773993,0.05476804521554286,0.5523822832959128,3.1958053979902153e-05,random
0.27014835604930365,0.08735920339710536,0.1091312217499333,0.009099720285655226,0.32203845911584494,0.1422355522513875,0.059987487150769916,0.5523339685680815,3.201951487034906e-05,random
0.16035667770530482,0.2655038757564754,0.08301249687213741,0.0017334768880481642,0.21999291222689388,0.24376380536756356,0.025636755183576797,0.5523339685680815,3.201951487034906e-05,random
0.5366798072539922,0.08433924748204169,0.11880494057552105,0.005798114718105335,0.023125615066643217,0.042055277912475285,0.18919699699122114,0.5522373391124187,3.214276281491536e-05,random
0.7110792620968419,0.04724810253835941,0.04029756448838233,0.015903705175600965,0.0947197710781193,0.06626725362025443,0.024484341002441765,0.552140709656756,3.2266446807091325e-05,random
0.5708060531100735,0.11050941340635421,0.08155163535511245,0.044670088755648985,0.10469640834891941,0.08538027258745401,0.002386128436437436,0.552140709656756,3.2266446807091325e-05,random
0.3122258111256557,0.04831230939380395,0.14441712629383602,0.015079481819949753,0.2655460843905324,0.12298407134916102,0.0914351156270613,0.5520923949289247,3.232845275798185e-05,random
0.14481761361897177,0.05544072439797025,0.10435046626041886,0.3080592860722733,0.2441291875033732,0.12285120758856345,0.020351514558429186,0.5520923949289247,3.232845275798185e-05,random
0.1681351772087594,0.13495055870310138,0.05516558399940496,0.0021131423443928217,0.3949458841378735,0.16708339598642435,0.07760625762004374,0.5520440802010933,3.2390568245611854e-05,random
0.6091422265520584,0.07922923483249704,0.1043273771438542,0.002315909964703203,0.11050378701057954,0.04393461107247199,0.05054685342383548,0.5520440802010933,3.2390568245611854e-05,random
0.27436394808979536,0.013921331738526608,0.16220906292991938,0.04629811907109038,0.2228004295680501,0.07939588060052391,0.20101122800209398,0.5519957654732621,3.2452793445445895e-05,random
0.16715845934841064,0.10108575079902865,0.21046421230080833,0.022446368580503057,0.3066212227245252,0.0776958565915469,0.11452812965517707,0.5519474507454305,3.251512853319955e-05,random
0.1742791528170217,0.05566609418829695,0.15611177342674817,0.15847649554230844,0.15748529755836221,0.01771943943039131,0.2802617470368713,0.5519474507454305,3.251512853319955e-05,random
0.25009804535411767,0.13794215789233413,0.06754026408576858,0.3934608870759794,0.02242939203518676,0.04564146661819529,0.0828877869384183,0.5518991360175993,3.257757368483625e-05,random
0.34221759382592093,0.030760814164563985,0.09554468576511668,0.30642282352994143,0.08697401806259689,0.028743634339973793,0.1093364303118863,0.5518991360175993,3.257757368483625e-05,random
0.3592533595445538,0.17969023206461274,0.12484824647026264,0.16258182238050778,0.035696716985726705,0.029487807500628405,0.10844181505370797,0.5518991360175993,3.257757368483625e-05,random
0.1999521828708727,0.024426532637501767,0.3194887942853382,0.002621019556334765,0.2836628733108915,0.0864866803131617,0.08336191702589922,0.5518991360175993,3.257757368483625e-05,random
0.02401062622194144,0.07611489068536499,0.0868683023433182,0.10856422924810605,0.40001868302567684,0.21196179210268662,0.09246147637290576,0.5518025065619366,3.2702794884872536e-05,random
0.08932499096365214,0.03342346940425394,0.21111566199934712,0.17845745227725088,0.2684973991075044,0.07439739370724298,0.14478363254074839,0.5518025065619366,3.2702794884872536e-05,random
0.36760619426141133,0.2616089729255054,0.04945831559719505,0.14561981304912283,0.01635065253491754,0.09215665430432009,0.06719939732752764,0.5518025065619366,3.2702794884872536e-05,random
0.2317923965576134,0.02189647602375519,0.2051923925928044,0.0007195961169127455,0.19006492743104583,0.06468562798748083,0.2856485832903876,0.5517541918341052,3.2765571286454614e-05,random
0.24289125327181454,0.003787154896034065,0.11408376521247386,0.022016346430431526,0.4083350254437158,0.18241227002763183,0.026474184717898402,0.551705877106274,3.282845845828594e-05,random
0.3517776923271326,0.12887445305580747,0.19150421727717273,0.18190670027707243,0.0695023563048223,0.057184917144023975,0.01924966361396851,0.551705877106274,3.282845845828594e-05,random
0.23903964866939365,0.09345971281989927,0.12348892484621563,0.05258637583416164,0.2037774654846051,0.0402265120855803,0.24742136026014439,0.5516575623784425,3.2891456577586645e-05,random
0.08739292183934658,0.07595610595177198,0.19181529413048096,0.22078863333013932,0.2814848720245751,0.08608283998555151,0.05647933273813459,0.5516092476506111,3.295456582182816e-05,random
0.1678046777956152,0.04929241154665411,0.054053793999172796,0.017761943479365386,0.28795443779348967,0.14343883808423288,0.27969389730146993,0.5516092476506111,3.295456582182816e-05,random
0.3325637749341386,0.15621119802288613,0.22103628655715007,0.045954000809969614,0.05040425405948216,0.04618676883171437,0.147643716784659,0.5515609329227799,3.301778636873438e-05,random
0.4262836769371436,0.12547243346578676,0.10591878722245819,0.0803121948684135,0.12012203382414237,0.048044024720112925,0.09384684896194272,0.5515126181949485,3.3081118396281756e-05,random
0.10504727952477638,0.06950531341496408,0.13142520262136204,0.15913139333386195,0.3325931661078659,0.13009510228527052,0.07220254271189913,0.5514643034671171,3.3144562082699334e-05,random
0.2892742753993894,0.3132219534105773,0.03604039287073076,0.004575920296720302,0.062298116522565485,0.2574572522534606,0.03713208924655607,0.5514643034671171,3.3144562082699334e-05,random
0.4536057962289491,0.18107389305107136,0.07804983964273343,0.0258214325512433,0.08722011300116526,0.08535856853321298,0.08887035699162461,0.5514159887392858,3.320811760646924e-05,random
0.41975241086352094,0.15330294316604515,0.18030045120899535,0.031041602241826644,0.13909066649397106,0.045791670896170554,0.030720255129470454,0.5514159887392858,3.320811760646924e-05,random
0.4102942091839627,0.04789389986566221,0.05802210606200967,0.20028651430025038,0.04197396103950448,0.10509574174946369,0.13643356779914673,0.5514159887392858,3.320811760646924e-05,random
0.17339006984925667,0.07290232683945211,0.1682954328821177,0.1951898200418956,0.17046463055348177,0.00922193736804039,0.21053578246575577,0.5513676740114544,3.327178514632795e-05,random
0.27481686885750617,0.10872551474824815,0.11714824021122645,0.0846836111246672,0.2536497195974248,0.12590872268698897,0.03506732277393807,0.5513676740114544,3.327178514632795e-05,random
0.2559923624289919,0.0761146825111795,0.16574055640707297,0.11585687016175987,0.2697993196209815,0.060638868762895426,0.05585734010711887,0.5513676740114544,3.327178514632795e-05,random
0.3793320342736022,0.1599175521220089,0.08722991606718851,0.03217916754680895,0.21472440788378158,0.10963723573291662,0.016979686373693147,0.551319359283623,3.3335564881264504e-05,random
0.4419121755972729,0.17829362287762057,0.07023815059177538,0.08892711263907933,0.044042740443126144,0.025410070923375504,0.15117612692775,0.5512710445557917,3.339945699052261e-05,random
0.0637403928817106,0.13273923502650228,0.2208221151204675,0.0028879684576190298,0.25178044951308776,0.18962167456050963,0.138408164440103,0.5512710445557917,3.339945699052261e-05,random
0.3483986527256672,0.14241722658203163,0.09420027885499992,0.00913364244148649,0.27760294546831754,0.05073824989986667,0.07750900402763065,0.5512227298279603,3.346346165360045e-05,random
0.11560448400034487,0.10938901627566071,0.14251166759258319,0.027571585371363633,0.3179479100483387,0.11690318380883283,0.17007215290287608,0.5512227298279603,3.346346165360045e-05,random
0.1525555071966444,0.10269006596808077,0.1756314424071202,0.026067624414369172,0.09265970216343748,0.06238791723676726,0.3880077406135808,0.551174415100129,3.352757905025016e-05,random
0.032732393689267406,0.006874025953994718,0.3198963372778551,0.06685649669117921,0.3829236121513164,0.16146299664010896,0.029254137596278183,0.5510777856444663,3.365615276455323e-05,random
0.013850907634751948,0.10215504759306895,0.1691769725935412,0.005376364103295878,0.4143863115172442,0.19778468088730622,0.09726971567079153,0.5510777856444663,3.365615276455323e-05,random
0.1677445179934195,0.1385220455169985,0.02694187653818076,0.008403284555308026,0.35036210344214075,0.17835930835613822,0.12966686359781426,0.5510777856444663,3.365615276455323e-05,random
0.17747469384974623,0.08482935974287611,0.07668416589688225,0.05869879730536554,0.3977932852258106,0.15479427321045958,0.04972542476885959,0.5510777856444663,3.365615276455323e-05,random
0.4317806233175549,0.13214841168176966,0.09220050984581499,0.11656522952788262,0.1257814872006613,0.06802008323332193,0.03350365519299462,0.5510294709166348,3.372060944298821e-05,random
0.3057927042323571,0.0278491083308261,0.3475810077262007,0.004949088932864514,0.25209559240754975,0.03219267430639531,0.029539824063806418,0.5509811561888035,3.378517957655937e-05,random
0.41076626680654826,0.03373592632953917,0.11380176640347946,0.11597321125504471,0.10926244562193231,0.016337705304786152,0.20012267827867006,0.5509811561888035,3.378517957655937e-05,random
0.14253036440002328,0.04357509914325687,0.1729693969983813,0.1789911357965809,0.25696112853735115,0.08130786596557756,0.12366500915882896,0.5509811561888035,3.378517957655937e-05,random
0.43254867211098125,0.0424692470437966,0.05554045212307137,0.025402535225918486,0.08962445173474068,0.05311756100793868,0.3012970807535529,0.5509328414609721,3.3849863346297496e-05,random
0.27490105042770396,0.16678883359648117,0.1577608150404395,0.0034674717677933824,0.23690032586498996,0.07100056696393413,0.08918093633865798,0.5509328414609721,3.3849863346297496e-05,random
0.4039138038317198,0.08119547791678414,0.11627857601181746,0.006314392953640805,0.14739920356966327,0.018883305620394225,0.22601524009598042,0.5509328414609721,3.3849863346297496e-05,random
0.0934231325961485,0.06871348021001189,0.2583887459694784,0.14243418222161155,0.2606972089779799,0.0858856054651773,0.09045764455959227,0.5509328414609721,3.3849863346297496e-05,random
0.22659656258775354,0.06219579122144167,0.1673188029396177,0.11445026040618485,0.10123377714315987,0.047955628738296535,0.2802491769635459,0.5508362120053094,3.397957251968136e-05,random
0.22882572946539992,0.13603352371487357,0.11287244586428928,0.10021114749179737,0.23484040820374946,0.11690604971950495,0.0703106955403855,0.5507878972774781,3.404459828667308e-05,random
0.09455768308183073,0.2309849674011687,0.03639645376089079,0.12374975486135985,0.06105779444731228,0.2823380572118684,0.17091528923556934,0.5507395825496467,3.4109738416524e-05,random
0.32565745389935974,0.12298129532787565,0.1267593949548989,0.0008520443348106557,0.2038853565903282,0.04317044616821102,0.1766940087245158,0.5507395825496467,3.4109738416524e-05,random
0.274705843922487,0.09991228272207496,0.20302557202606006,0.02494716959987522,0.24958861357708093,0.04799576256059695,0.099824755591825,0.5507395825496467,3.4109738416524e-05,random
0.342285876274584,0.13096557674889148,0.3675852091775076,0.0006232818265316742,0.021123896677624984,0.13141907359299032,0.005997085701870039,0.5507395825496467,3.4109738416524e-05,random
0.16478999770288721,0.0695509098660058,0.14902009837106328,0.0452638551577776,0.30738324313009613,0.12220066172266458,0.14179123404950547,0.5506912678218153,3.417499309155087e-05,random
0.43607085032478254,0.033134160588589964,0.2523516698287512,0.010212910475002997,0.14226609809024598,0.02401943352343364,0.10194487716919365,0.5506912678218153,3.417499309155087e-05,random
0.12709867818354018,0.23116412523239818,0.07904327610338226,0.010183235431404116,0.298150048398554,0.2105428876852947,0.04381774896542673,0.550642953093984,3.424036249432839e-05,random
0.024674814301712613,0.01979402384555596,0.27485513216835966,0.012257531034631196,0.4636679368469967,0.1731114317579574,0.0316391300447866,0.550642953093984,3.424036249432839e-05,random
0.10170426438286173,0.13316677383897593,0.1170212793078735,0.014616713746753659,0.2704254902591113,0.11164039001283685,0.251425088451587,0.5505946383661526,3.4305846807690203e-05,random
0.17630550445658186,0.09043335424197654,0.12895618014675378,0.09817703299174034,0.1859609291398917,0.07213560818130525,0.24803139084175047,0.5505946383661526,3.4305846807690203e-05,random
0.5148352728498117,0.20554092689785047,0.08697328779029687,0.054145452540706705,0.04427535343509874,0.061866323016479915,0.032363383469755626,0.5505946383661526,3.4305846807690203e-05,random
0.18651227754146923,0.15754917907356888,0.254201861242473,0.04155028119328357,0.2003641510122699,0.11728779262261106,0.0425344573143243,0.5505463236383212,3.437144621472807e-05,random
0.5021061798179952,0.10561178786860406,0.21451303908828673,0.0018871696625939044,0.03240126711132531,0.0378139747174344,0.10566658173376034,0.5505463236383212,3.437144621472807e-05,random
0.16155184321164476,0.11547970737333715,0.22681597216136468,0.02417180256422816,0.11643643366505685,0.09917317317791424,0.25637106784645414,0.5504496941826585,3.4502991043496274e-05,random
0.2656083664507489,0.036165073924003435,0.016461452720717085,0.0023362827086376584,0.3110392261893882,0.23516104607940533,0.13322855192709934,0.5504013794548271,3.456893683270732e-05,random
0.10748583261675994,0.18313569315038497,0.1989229685828539,0.08513298214265831,0.0850267882061507,0.29612211181270154,0.04417362348849068,0.5503530647269959,3.46349984505568e-05,random
0.32879645595514384,0.10224359383591586,0.2816501335317392,0.09016037287247092,0.17593472754325926,0.010476095330507718,0.010738620930963191,0.5503047499991645,3.470117608143515e-05,random
0.0782768468275331,0.08072434751574,0.2170547465981241,0.2268980646749757,0.24591722727080617,0.12362227113515313,0.027506495977667616,0.5503047499991645,3.470117608143515e-05,random
0.3030209645905977,0.05151715763044605,0.33224487284076404,0.09455948374305138,0.14450989080348153,0.041766729465689614,0.03238090092596947,0.5502564352713332,3.476746990999367e-05,random
0.46268204686816145,0.09371019656235127,0.09481303148041643,0.02064410968192787,0.20832920860431572,0.11582866267861824,0.003992744124208901,0.5502081205435018,3.483388012114407e-05,random
0.09895681170904409,0.010917441162328134,0.020871714981240557,0.061889755374631227,0.4157653436864471,0.2764049635732858,0.11519396951302306,0.5502081205435018,3.483388012114407e-05,random
0.2974591850566817,0.01942627023990511,0.14442462290305128,0.032434599077271295,0.20598815689303115,0.07004610278614881,0.23022106304391077,0.5502081205435018,3.483388012114407e-05,random
0.32131035307963957,0.1898818658339853,0.19942310320012113,0.15505034282631877,0.03821607694999459,0.06859126190424246,0.02752699620569821,0.5501598058156704,3.490040690006048e-05,random
0.29055846949782854,0.02025597033009553,0.16833383818993014,0.08810464801850101,0.2643360940710775,0.09345012887969757,0.07496085101286966,0.5500631763600077,3.503381090319196e-05,random
0.2126604301042711,0.14061061927144305,0.16248058044337765,0.2309943531534782,0.11642981983954269,0.09338053253485984,0.043443664653027604,0.5500631763600077,3.503381090319196e-05,random
0.18889392847740227,0.1393643066886527,0.11077036751952694,0.001770250800236438,0.07584740319884917,0.06617837770483358,0.4171753656104989,0.5500631763600077,3.503381090319196e-05,random
0.27764397667890817,0.07850725822221165,0.29763155451973394,0.08268853095797933,0.20521224833103066,0.0014990728054570612,0.056817358484679066,0.549966546904345,3.516768340601304e-05,random
0.25294277870104104,0.21189839681177958,0.11362858086980221,0.03639075120531817,0.23065338750034714,0.12555274645029246,0.028933358461419537,0.5499182321765136,3.5234795810525946e-05,random
0.22620792685918062,0.2535113209718393,0.11391959961288836,0.09324881626770966,0.038076126669021444,0.21200977370253304,0.06302643591682758,0.5499182321765136,3.5234795810525946e-05,random
0.37497058041324893,0.11215832921552987,0.005624450474044351,0.130646194449261,0.1994046294847178,0.1229823105101864,0.05421350545301178,0.5498699174486822,3.530202589934994e-05,random
0.2461449075361517,0.18964446458339776,0.06772238016084835,0.1648652712917603,0.11497552862706067,0.08575965860480966,0.13088778919597144,0.5498699174486822,3.530202589934994e-05,random
0.3988158727842536,0.1294831591907061,0.07945408448074942,0.014457269428359704,0.18613810687067062,0.1099451699026197,0.08170633734264084,0.5498216027208509,3.5369373859495824e-05,random
0.2906881553755091,0.21637814426868066,0.10258886009612216,0.0018830399976119817,0.24624333605795048,0.12332849732268944,0.01888996688143603,0.5497732879930195,3.5436839878238514e-05,random
0.30341607220266387,0.308332912235388,0.020690337530245576,0.0659132993012254,0.07783474534174806,0.20130336816749636,0.022509265221232626,0.5497249732651882,3.55044241431179e-05,random
0.381622899304563,0.1718841370962303,0.19925857538727787,0.0298221074542366,0.052772749565290634,0.04538043603990392,0.11925909515249772,0.5497249732651882,3.55044241431179e-05,random
0.3138307216356444,0.09176208490885229,0.1012189782128924,0.028141924049038605,0.06690494794255154,0.01234237257589933,0.3857989706751213,0.5496766585373568,3.557212684193743e-05,random
0.41644812678303395,0.20905205641298347,0.0485640994597486,0.08604531383409476,0.040461028952735026,0.07960441839098677,0.11982495616641738,0.5496283438095254,3.563994816276526e-05,random
0.2751609525821382,0.16575500294200035,0.1159867366157337,0.0823027433680133,0.22309507544843693,0.1011269701667313,0.03657251887694632,0.549580029081694,3.570788829393545e-05,random
0.41337752346312145,0.20362922176833392,0.08342525046566412,0.12918845819105898,0.08590484449532675,0.0670669403984551,0.017407761218039594,0.549580029081694,3.570788829393545e-05,random
0.34731747453392875,0.20339245418718813,0.04466792932067106,0.014670124293821503,0.1441068603806666,0.0849857865226095,0.16085937076111445,0.5495317143538627,3.577594742404627e-05,random
0.2554667443191798,0.06318920670304029,0.015912971858497552,0.09565623707816633,0.2468702646808966,0.2323607516342889,0.09054382372593049,0.5494350848982,3.59124234368162e-05,random
0.13796159394486288,0.07122026505277124,0.32385377879245164,0.02556324849159871,0.2261032612041385,0.11331362338420652,0.10198422912997061,0.5492418259868745,3.618681177754064e-05,random
0.09361750191305952,0.2188775057893436,0.004896600944942643,0.07887712245730862,0.30783827555831594,0.2160098724500045,0.07988312088702514,0.5491935112590431,3.625570920337301e-05,random
0.14094151264728885,0.028501616558457753,0.07875101703389234,0.004360388687077332,0.41712101813575886,0.24373337873733125,0.08659106820019363,0.5491935112590431,3.625570920337301e-05,random
0.40781718743724404,0.10209691559854121,0.09924864123679847,0.09285302008299029,0.04951712672647382,0.016437782274963036,0.23202932664298917,0.5491935112590431,3.625570920337301e-05,random
0.36673108090408174,0.16792365358144093,0.01021408136360894,0.01562800942086589,0.2810529316669972,0.12577005735826047,0.03268018570474505,0.5491935112590431,3.625570920337301e-05,random
0.3274572396097787,0.1936599941874452,0.1615115242963321,0.0007623500646310649,0.2156255386125325,0.05332412882794562,0.04765922440133495,0.5491451965312119,3.632472714653184e-05,random
0.14193374715431745,0.14404981766308989,0.12727817273702774,0.23707873757164027,0.11675415678038546,0.11343345363071677,0.1194719144628224,0.5491451965312119,3.632472714653184e-05,random
0.04979124183900986,0.12165534343912282,0.10444468542225742,0.09895347890199989,0.13359861661168024,0.15240257933293977,0.33915405445299,0.5491451965312119,3.632472714653184e-05,random
0.4368599494946122,0.09758345500543966,0.049840264562873896,0.005299353736956361,0.10664883132139295,0.07290335639373718,0.23086478948498765,0.5491451965312119,3.632472714653184e-05,random
0.3478576936831787,0.040130369643119675,0.08262841650759183,0.22750122221049904,0.14830164037845886,0.10476253729768885,0.04881812027946309,0.5490968818033805,3.639386579801939e-05,random
0.18342955975608313,0.25382280600435647,0.06414562979485565,0.004635023267519555,0.15369981758771675,0.20244024458168539,0.13782691900778302,0.5490968818033805,3.639386579801939e-05,random
0.6156607837355146,0.1329989313603943,0.08316000324059561,0.024340598767525402,0.07350103417198245,0.05893092723423005,0.011407721489757485,0.5490485670755492,3.646312534910647e-05,random
0.21792455783083234,0.02250169344922726,0.2909746082705736,0.1257284732240624,0.26483822798888207,0.026880901865790015,0.05115153737063225,0.5490002523477178,3.653250599133296e-05,random
0.3084255687070626,0.14616453205303426,0.050532876227358706,0.027429843883508546,0.18119650935454848,0.11812244473453393,0.16812822503995342,0.5490002523477178,3.653250599133296e-05,random
0.36080274754955455,0.10845454390115011,0.02393369143420899,0.08391982312091734,0.1983867718047972,0.10787809890511796,0.11662432328425397,0.5490002523477178,3.653250599133296e-05,random
0.1045314313021806,0.0049729738564939984,0.08795000602828353,0.26577715327022977,0.20715890408570323,0.09040942689698588,0.23920010456012303,0.5489036228920551,3.66716313167106e-05,random
0.09604289310462676,0.016633405451203506,0.0040090242238240625,0.014476383879111775,0.44213853228484207,0.2646855282672023,0.16201423278918964,0.5489036228920551,3.66716313167106e-05,random
0.42211949214738986,0.13444681494859342,0.28284926016804834,0.07098450840692129,0.06421350158521366,0.02040261373062252,0.0049838090132111705,0.5489036228920551,3.66716313167106e-05,random
0.3435991400024224,0.14204388582152142,0.058291499582523235,0.013791896986815454,0.19195048299597822,0.06260144685018237,0.18772164776055675,0.5489036228920551,3.66716313167106e-05,random
0.1676057311627123,0.24861322491574228,0.007634968861036235,0.06952149328509115,0.1760258997902552,0.23320971125520337,0.09738897072995949,0.5488553081642237,3.6741376384289424e-05,random
0.21765335932589588,0.10930411439434802,0.2525011921272841,0.007387682009737375,0.23514681692884176,0.03917660674826579,0.13883022846562681,0.5488553081642237,3.6741376384289424e-05,random
0.14197981993458242,0.06872064307469114,0.06266210352918036,0.21881129192505458,0.2974934832070598,0.17737034910001676,0.03296230922941505,0.5488069934363924,3.681124331186279e-05,random
0.2762282873156817,0.05827047255422657,0.05299253678938743,0.09320644171338262,0.1123018315307889,0.074869708895254,0.3321307212012786,0.5487586787085611,3.688123229232062e-05,random
0.3264669891019379,0.23621904531939325,0.10111284570478213,0.0074627513821739645,0.139868422699751,0.11628882260436793,0.07258112318759401,0.5487103639807297,3.6951343518823703e-05,random
0.11979559058832678,0.24492043917437054,0.12864235429676543,0.00446634250849932,0.090391764389052,0.29463329406035366,0.11715021498263219,0.5486620492528983,3.702157718480352e-05,random
0.2234901588857383,0.12066340779694872,0.04871297411004141,0.00924034082260889,0.23676740610609545,0.11416054910140634,0.24696516317716083,0.548613734525067,3.709193348396316e-05,random
0.24029177995862902,0.1411163315504766,0.15773848055361403,0.029354999698657597,0.26330461588096565,0.07344173220474091,0.09475206015291604,0.548613734525067,3.709193348396316e-05,random
0.3509903902577247,0.20717205611787273,0.06371722259349055,0.007973040811760422,0.24789982248386874,0.036001239137163535,0.08624622859811935,0.548613734525067,3.709193348396316e-05,random
0.13091894188895062,0.15004322321730862,0.1970535799952272,0.10413400340714156,0.22520982778089443,0.1275998957275146,0.06504052798296292,0.548613734525067,3.709193348396316e-05,random
0.12838284623200136,0.01392039182822039,0.27228138858945505,0.04646564936363594,0.33934690787636523,0.07328596417522944,0.12631685193509265,0.5485654197972356,3.716241261027797e-05,random
0.4543819581447977,0.19760305293399635,0.055026991884718025,0.10043311938941986,0.07823428290267832,0.036814887637519174,0.07750570710687067,0.5485171050694042,3.723301475799521e-05,random
0.0294841633954335,0.07674908005541009,0.44723932723152166,0.03688177108006684,0.082627583022765,0.2855021786666355,0.041515896548167425,0.5485171050694042,3.723301475799521e-05,random
0.1952290079528556,0.04318794283540103,0.11951751583301821,0.10324705839183385,0.3010183040986284,0.11107371427707807,0.12672645661118478,0.5484687903415729,3.7303740121635005e-05,random
0.23494871103350962,0.1396051194946395,0.18747395956415097,0.07546455158385065,0.18422971604774155,0.050622509810659064,0.1276554324654486,0.5484204756137415,3.737458889599024e-05,random
0.3551267249913353,0.0012790917000177068,0.08001542635518565,0.08436288618525377,0.25603047420920966,0.13875113167123587,0.08443426488776214,0.5484204756137415,3.737458889599024e-05,random
0.30955892781499195,0.16932974721922864,0.004435879963650767,0.19243632620137924,0.07749402258208811,0.12813834259488607,0.11860675362377518,0.5484204756137415,3.737458889599024e-05,random
0.11418208244773521,0.05940901409174492,0.09346599669909418,0.23592938973549854,0.2919156417926234,0.09832319311659493,0.10677468211670886,0.5483721608859101,3.7445561276126614e-05,random
0.1358008787852933,0.08681609184641409,0.2087719791529891,0.21342062674786372,0.22052988206627647,0.0469529701666269,0.08770757123453642,0.5483238461580788,3.7516657457384146e-05,random
0.20280501305514473,0.08805592091592677,0.1843111866923889,0.18006144471907537,0.22297827869963133,0.01425638392828492,0.10753177198954811,0.5483238461580788,3.7516657457384146e-05,random
0.23819079817751412,0.08585259637826428,0.16302340450104388,0.03050300778684605,0.08245239538291704,0.008851009355598806,0.39112678841781556,0.5483238461580788,3.7516657457384146e-05,random
0.44625053148951593,0.26554598459958273,0.0485951914732564,0.08444130697773765,0.07785939086113966,0.046820070281156104,0.030487524317611737,0.5483238461580788,3.7516657457384146e-05,random
0.431358334266294,0.04960087324785844,0.01529094266886396,0.031239117560300983,0.16129437793257625,0.19585128625752965,0.1153650680665766,0.5483238461580788,3.7516657457384146e-05,random
0.04035235853290253,0.01368777021648212,0.30515617093003045,0.10825219786120975,0.25782271575197174,0.14741535670021635,0.12731343000718706,0.5483238461580788,3.7516657457384146e-05,random
0.38560534144568004,0.0684533870226776,0.028644628329460426,0.012929568973133989,0.308715362301988,0.13276059821554864,0.06289111371151149,0.5482272167024161,3.7659222005989716e-05,random
0.2532875320933987,0.07660020150452622,0.10689376689277412,0.01709249338910838,0.3056024962259883,0.09619633814682794,0.1443271717473763,0.5482272167024161,3.7659222005989716e-05,random
0.16661061783069595,0.15185887539518214,0.0787723877422319,0.14817003819181523,0.26461417759844796,0.14271521745214164,0.047258685789485284,0.5482272167024161,3.7659222005989716e-05,random
0.11985141820749068,0.12110234920719984,0.28538447268261286,0.02697650319601576,0.3233477643269077,0.11160651545613455,0.011730976923638552,0.5482272167024161,3.7659222005989716e-05,random
0.04698117533801588,0.034353512113884446,0.34605093034199563,0.17874907056429365,0.10854418788992899,0.22435223572838228,0.060968888023499104,0.5481789019745847,3.773069076538779e-05,random
0.357973048678939,0.08785813030858564,0.14524737075988953,0.02720015939904213,0.25819486243564255,0.06092879616497542,0.0625976322529258,0.5481305872467535,3.780228411000696e-05,random
0.5016179341928093,0.13174412467221813,0.025363843129210164,0.015399719737379285,0.03302760935746413,0.1186597679198599,0.1741870009910592,0.5480822725189219,3.78740022365598e-05,random
0.268853059412702,0.0727641129683747,0.007748960307759094,0.1307249665919315,0.1790887583161039,0.19547110596508427,0.1453490364380445,0.5480822725189219,3.78740022365598e-05,random
0.6711475736148778,0.07914931941136037,0.007451756295063752,0.011283256386054716,0.18543118475268253,0.027659211924435205,0.01787769761552556,0.5480822725189219,3.78740022365598e-05,random
0.34269302983364314,0.09156703142306213,0.1588006846013163,0.000170730275470666,0.31621632639546565,0.08894928480840247,0.0016029126626395608,0.5480339577910907,3.794584534203352e-05,random
0.35402371025740625,0.22164373554621003,0.07124652946451154,0.07942832449397878,0.05662023044639645,0.08513040530270771,0.13190706448878925,0.5480339577910907,3.794584534203352e-05,random
0.2796936529582735,0.030727299672906015,0.06264798953828023,0.41936739560898634,0.15367236155584024,0.045342229840636766,0.00854907082507703,0.5480339577910907,3.794584534203352e-05,random
0.25107717407756086,0.2608388370093166,0.08136065613867682,0.05891277484163689,0.08501559856219071,0.13445900156040244,0.12833595781021576,0.5480339577910907,3.794584534203352e-05,random
0.03620792129180154,0.10208548198515528,0.24723921460562326,0.01546944426169136,0.08985494818536414,0.26962428975898933,0.23951869991137512,0.5479856430632593,3.801781362369174e-05,random
0.32551392323789063,0.0658161191033294,0.22092968086441325,0.02713335837253331,0.27086670349967895,0.08252127624579413,0.0072189386763602745,0.5479856430632593,3.801781362369174e-05,random
0.30329174278630044,0.009502945035696946,0.04506718399633054,0.04177311927843736,0.328622416168614,0.22584792191158867,0.04589467082303203,0.5479856430632593,3.801781362369174e-05,random
0.06780868341429916,0.07083663717881546,0.11631323392976793,0.09692325639694348,0.0491223399426264,0.10528346400119272,0.49371238513635474,0.5479856430632593,3.801781362369174e-05,random
0.13417378819176795,0.13692844696293108,0.214833017362812,0.17606529732741222,0.09201490123411725,0.2219124906288574,0.024072058292102072,0.5479856430632593,3.801781362369174e-05,random
0.25884552945028305,0.23522776477071805,0.17321083970326703,0.04357664922874991,0.11790643319845442,0.15489861730637677,0.016334166342150635,0.547937328335428,3.808990727907433e-05,random
0.4057151628358834,0.02872295716411539,0.05471858037597605,0.09432833440912766,0.20635718471576728,0.1454371591301383,0.06472062136899184,0.547937328335428,3.808990727907433e-05,random
0.5620248436789436,0.12611883298034984,0.15571553785825912,0.04510286546962855,0.032715500966100174,0.046927277298117555,0.03139514174860123,0.5478890136075966,3.816212650599765e-05,random
0.4587359792804401,0.08927317276079014,0.00798651370404059,0.008276051773866741,0.22191365745019945,0.13743036335651554,0.07638426167414752,0.5478890136075966,3.816212650599765e-05,random
0.40878686791043567,0.13489355202777298,0.09933529888447959,0.15274734467632947,0.12035830159389402,0.046518797525765446,0.03735983738132275,0.5478406988797653,3.823447150255461e-05,random
0.2322514457422299,0.1379965609975942,0.1420914251883234,0.056274332275045975,0.3234500094434886,0.0922176734549491,0.015718552898368866,0.5477923841519339,3.830694246711559e-05,random
0.25259566279807605,0.10394381509416786,0.1886508479292821,0.26129802974654026,0.08992866232502707,0.04686909616184079,0.05671388594506575,0.5477440694241025,3.837953959832813e-05,random
0.2505253222701721,0.16062091925728686,0.03028427214562449,0.04574962557328603,0.023487717439043137,0.06773555401568275,0.42159658929890464,0.5477440694241025,3.837953959832813e-05,random
0.1925705112847642,0.24821271108228918,0.11916797804237847,0.1020798128428565,0.1611703950630448,0.1535442694912747,0.02325432219339223,0.5476474399684398,3.852511315668885e-05,random
0.4226985820800973,0.24432940325219324,0.022141890662450918,0.06853069771109094,0.01363258869601591,0.1675617534584819,0.061105084139669856,0.5476474399684398,3.852511315668885e-05,random
0.19882522940146474,0.16892674183715214,0.20633122141355179,0.018615263321216425,0.24129484333430007,0.09612132021054043,0.0698853804817745,0.5476474399684398,3.852511315668885e-05,random
0.19606503111345877,0.06390602997998145,0.07092112791428173,0.04152284042979785,0.2812770523813431,0.13304141859000854,0.21326649959112856,0.5475508105127771,3.867119377238143e-05,random
0.15710386389813985,0.02589749313724742,0.35976602936603264,0.027412763655087383,0.13835611351626542,0.14292270676126215,0.14854102966596505,0.5475508105127771,3.867119377238143e-05,random
0.7986430653497053,0.025901080058524463,0.013044329946386619,0.027362261170731473,0.039787324512316605,0.0785061214742984,0.016755817488037353,0.5475024957849457,3.8744424726304596e-05,random
0.19416701397158342,0.26787267623965344,0.03686762623658618,0.1033256954826695,0.11950057082559665,0.22808552131223306,0.05018089593167776,0.5475024957849457,3.8744424726304596e-05,random
0.5593629635539012,0.05292996114457576,0.05958330475391658,0.037125888811949656,0.06706732338302558,0.03458572414444091,0.18934483420819034,0.5474541810571143,3.881778304461199e-05,random
0.33586294009728096,0.01746521395372825,0.257209588559497,0.03770790442982193,0.2345800349914978,0.025870265426821873,0.09130405254135214,0.5473575516014516,3.896488257705822e-05,random
0.14516517804959864,0.14303914811255766,0.11704558023470622,0.02610206494090858,0.24816162712886009,0.12772501372794426,0.19276138780542468,0.5473092368736203,3.903862419323715e-05,random
0.4873855259305825,0.22606142431422016,0.033487275078640015,0.027257974321173817,0.05439938680918457,0.09679885800142526,0.0746095555447735,0.5473092368736203,3.903862419323715e-05,random
0.21183571583277894,0.08653335989122399,0.1766392583889631,0.167843123905538,0.10730411322437054,0.034408091206124466,0.21543633755100086,0.5472609221457889,3.9112493977881285e-05,random
0.5485822303556073,0.05264790746534946,0.014188311767168688,0.05596068862968836,0.13525254197826825,0.16941354939349096,0.023954770410426957,0.5471642926901261,3.9260618859735335e-05,random
0.3399919020656364,0.21661898931666282,0.07142912195737246,0.025405190438576274,0.21258967935485112,0.057724067386169794,0.07624104948073113,0.5471642926901261,3.9260618859735335e-05,random
0.0350998935688023,0.044249476577247246,0.19601671048461516,0.002215311577494024,0.4580608463534129,0.15753761555237664,0.10682014588605165,0.5471642926901261,3.9260618859735335e-05,random
0.2490000609184972,0.12339814660805012,0.07084131696139909,0.17369534355034183,0.16345914978117312,0.021168852547582752,0.1984371296329559,0.5471159779622948,3.933487436123489e-05,random
0.4339894735203216,0.10609284869118375,0.11278250202684041,0.007882450219765995,0.158724685228011,0.09749101771204728,0.08303702260182995,0.5471159779622948,3.933487436123489e-05,random
0.08236836737212042,0.023317172407880414,0.005248559081688846,0.3266210551479249,0.21612926760120962,0.2921301069218245,0.054185471467351226,0.5470676632344635,3.940925883977865e-05,random
0.5402013928120404,0.08800585644808628,0.08961301558658348,0.02033406447446216,0.13290859770531777,0.05954380935996107,0.06939326361354883,0.5470193485066321,3.9483772498218e-05,random
0.3185050629935845,0.1785338050870131,0.031369820294264494,0.07476974764701796,0.014863411989507712,0.12273014077324285,0.2592280112153694,0.5469710337788009,3.955841553968533e-05,random
0.19942414530033406,0.20247349217489694,0.10491415282703472,0.04141417654775132,0.19228865542303503,0.11798136932109457,0.14150400840585345,0.5469227190509695,3.963318816759765e-05,random
0.35819595733150444,0.2946486683826572,0.0704249640518804,0.054286002980106926,0.007753257831226936,0.16031043604953105,0.05438071337309311,0.5469227190509695,3.963318816759765e-05,random
0.1974919400419353,0.17781172793029895,0.02117407599431172,0.07642302044112645,0.20376571333830573,0.15754543599654477,0.16578808625747715,0.546874404323138,3.9708090585654564e-05,random
0.3609296694094043,0.044256006877074185,0.07148536815951473,0.055533263179917844,0.2606003052683171,0.1442443715218211,0.0629510155839508,0.546874404323138,3.9708090585654564e-05,random
0.1430526874213984,0.0626037668738231,0.30754605703534305,0.1465268571954828,0.1557483187467554,0.10422895772767855,0.08029335499951881,0.546874404323138,3.9708090585654564e-05,random
0.45460813074628814,0.0696749075282724,0.05090107619966024,0.06073680014774716,0.08983286154116264,0.05135020145747486,0.22289602237939465,0.546874404323138,3.9708090585654564e-05,random
0.32727715910115157,0.26650991748673314,0.01467885915535509,0.0506248363581983,0.13696029795246017,0.14531442167765962,0.0586345082684419,0.546874404323138,3.9708090585654564e-05,random
0.36464036675409867,0.18653552185229863,0.19808396409182033,0.029795073071477773,0.1674407479737632,0.024374995140075437,0.029129331116465852,0.546874404323138,3.9708090585654564e-05,random
0.16296269778715994,0.10236876447329034,0.031063068509304553,0.039155901250311896,0.3666740091126444,0.18376833781818058,0.11400722104910814,0.5468260895953068,3.978312299783978e-05,random
0.37960340515876173,0.157153390609273,0.21950474762771707,0.029002541781564976,0.09355688108754094,0.009688209226540201,0.11149082450860229,0.5467777748674754,3.985828560842177e-05,random
0.016470951136871952,0.19341961885715583,0.029378542386269284,0.09307980891890155,0.2773646154777812,0.29266106508083084,0.09762539814218923,0.5467777748674754,3.985828560842177e-05,random
0.22690975512656392,0.06288396442427384,0.25571497605930193,0.04961098505776956,0.2469150419426048,0.06616012609884613,0.0918051512906398,0.5467777748674754,3.985828560842177e-05,random
0.21412980792981057,0.10132726457591068,0.2882416618976422,0.0039198576788306155,0.20098509719277988,0.056565020057534096,0.13483129066749197,0.5467294601396441,3.9933578621952705e-05,random
0.20554585264436592,0.09850638884930013,0.058916711621255224,0.042416773256193044,0.3890366487204435,0.11992473189223993,0.0856528930162024,0.5466811454118127,4.0009002243270635e-05,random
0.43908188537300724,0.14248400932121696,0.07923103395877745,0.013696439571562174,0.027655044575813335,0.05657695895067643,0.2412746282489465,0.5466811454118127,4.0009002243270635e-05,random
0.3937717161413328,0.07459407212547152,0.028049332654540814,0.16913174431988204,0.1441074600700043,0.15288964445993433,0.03745603022883413,0.5466811454118127,4.0009002243270635e-05,random
0.19544961094691587,0.11463741711464771,0.19461882738781452,0.05294027902758198,0.2806935933191323,0.05264046295595547,0.10901980924795203,0.5466328306839813,4.008455667749792e-05,random
0.2664788415193792,0.02900575696576511,0.17037979981262272,0.17289046360350743,0.2607690240470848,0.009563276438414871,0.09091283761322602,0.5466328306839813,4.008455667749792e-05,random
0.25782561050297653,0.0879684975010441,0.08794451746785703,0.18205982362115472,0.13692825673484252,0.06780942160899305,0.17946387256313218,0.5466328306839813,4.008455667749792e-05,random
0.10220855816300559,0.08767841014375272,0.1426084609816139,0.2364572402098661,0.08991504491911255,0.10155704908796023,0.2395752364946889,0.5465845159561499,4.0160242130042966e-05,random
0.38637453711172826,0.1097648841403255,0.33901927591991987,0.046837996485096296,0.05588092526720152,0.04215875835462399,0.019963622721104725,0.5465845159561499,4.0160242130042966e-05,random
0.1300887195729361,0.017975626330399442,0.2989346821441691,0.0025501914835157308,0.24849737139556224,0.04919953613215812,0.2527538729412592,0.5464878865004872,4.031200691314915e-05,random
0.3254989712063789,0.15088410561741605,0.1506396092376428,0.10930653172537487,0.10356409966328328,0.03184531142030632,0.12826137112959773,0.5464878865004872,4.031200691314915e-05,random
0.12638828945395597,0.07065983157479014,0.007592450947235533,0.32993256849538394,0.23948710122416994,0.1737613491067625,0.052178409197702155,0.5464395717726559,4.0388086655957624e-05,random
0.2456442431140154,0.2557836883953037,0.014453368623428187,0.03317005819419289,0.15563795911688702,0.1342016101219696,0.16110907243420314,0.5464395717726559,4.0388086655957624e-05,random
0.48652978744163605,0.12508934944017427,0.14209413232838156,0.11275568941560055,0.0787628363808864,0.030811470106813597,0.023956734886507507,0.5463912570448245,4.046429824158014e-05,random
0.12212864446872367,0.0737260223151099,0.28332578517990203,0.0408074305180589,0.14282032445014425,0.13957126941384138,0.19762052365421995,0.5463429423169932,4.054064187685702e-05,random
0.48391026575787244,0.10511659568969514,0.13455115582402294,0.03927896422335046,0.004395789913488522,0.011430174726045574,0.22131705386552508,0.5462463128613304,4.069372612517917e-05,random
0.2705076386774045,0.16552653987603,0.026338218249156976,0.013819455015511121,0.3475755958096961,0.1043144187265479,0.07191813364565353,0.5462463128613304,4.069372612517917e-05,random
0.2043518195515979,0.07913445873433456,0.38381553669355856,0.008258213638162842,0.11542120355221473,0.17205011091100056,0.036968656919130885,0.546197998133499,4.077046715334627e-05,random
0.35551159879018673,0.03957486017919976,0.033865398145452766,0.01489085401232197,0.21394016365397744,0.20860742472602783,0.1336097004928336,0.5461496834056677,4.084734106141247e-05,random
0.1931941544891313,0.024018641557388344,0.37271800645457703,0.05225705230800676,0.20037704785955088,0.09549129829520173,0.06194379903614378,0.5461496834056677,4.084734106141247e-05,random
0.2659251903043707,0.16314710057656692,0.1466829306627021,0.06993171883967368,0.008600669963954994,0.09543634561114633,0.2502760440415854,0.5459081097665109,4.1233711100268536e-05,random
0.30403551932705436,0.16973862409048626,0.2052190163606945,0.21373798563454008,0.06632309660347213,0.012057444031729874,0.028888313952022772,0.5459081097665109,4.1233711100268536e-05,random
0.14814503921236052,0.19358428002351682,0.07411695455969979,0.006328999124076918,0.09737531238345952,0.11887511753553075,0.36157429716135564,0.5458114803108483,4.138919658731738e-05,random
0.28335461997232786,0.14001226899304298,0.021385916768084844,0.034802549147674854,0.19959855762004006,0.10018882386273475,0.22065726363609467,0.5457631655830169,4.146714105710792e-05,random
0.045397434160988855,0.09524576777636466,0.09271922247178187,0.004468545976497541,0.3859878275489716,0.13228898361439265,0.243892218451003,0.5457148508551855,4.1545220291787907e-05,random
0.20873904595687554,0.1305827716614587,0.13508367940088298,0.007817941841454916,0.2442784286231229,0.07603057532396129,0.19746755719224376,0.5457148508551855,4.1545220291787907e-05,random
0.7352632651541366,0.056586179152891,0.08966318298545463,0.022019816220199055,0.05113257181894243,0.0338658693967877,0.011469115271588406,0.5457148508551855,4.1545220291787907e-05,random
0.5036117850222463,0.1471037291514788,0.13325653982985974,0.01153249597419049,0.11110668460537527,0.009137991383154912,0.08425077403369433,0.5457148508551855,4.1545220291787907e-05,random
0.3306261770863632,0.032135815359192514,0.021837887954856795,0.13638158719704718,0.10769975365710292,0.1956511664213701,0.17566761232406716,0.545666536127354,4.162343450225688e-05,random
0.1812110135668847,0.23369907284269778,0.08021402407040122,0.04677845743286602,0.17463729627529037,0.12730389845559759,0.1561562373562624,0.545666536127354,4.162343450225688e-05,random
0.27308451471671596,0.038649614604526365,0.24624343128895904,0.028770176098687563,0.30276175902538466,0.10522171822927025,0.0052687860364561455,0.545666536127354,4.162343450225688e-05,random
0.06915447562417985,0.12780048218427784,0.051650306806624705,0.0004880599496120928,0.3234838761922416,0.116838265500573,0.31058453374249095,0.5456182213995228,4.170178389970579e-05,random
0.04224590544180284,0.15137249094676136,0.12931244383530863,0.005476037132555488,0.425824177966109,0.1570500868902395,0.08871885778722313,0.5454732772160288,4.193764533024581e-05,random
0.39489687818986646,0.08089523659600728,0.017866997481931615,0.12253311650060444,0.20313537739479998,0.11392558150997502,0.0667468123268153,0.5454249624881974,4.201653759339415e-05,random
0.2405773055982805,0.2339394705103835,0.08132582210491407,0.03512379385845736,0.2632241502702688,0.1336431964090977,0.012166261248598171,0.545376647760366,4.209556610387986e-05,random
0.4224475813279987,0.07384471468898557,0.04185921089507195,0.014225335542267636,0.27098717235990855,0.07918520023406553,0.09745078495170204,0.545376647760366,4.209556610387986e-05,random
0.08662464316448679,0.01479321475362798,0.009360889203067853,0.01148622941796755,0.4521778587586393,0.29554483745125476,0.1300123272509556,0.545376647760366,4.209556610387986e-05,random
0.14803243193403132,0.029058497813138687,0.19522155379885728,0.13507791448119605,0.3694527175506948,0.08801378934814662,0.035143095073935225,0.5453283330325346,4.217473107465645e-05,random
0.1425497992716087,0.2476303192511041,0.08070516890576797,0.07838609200903501,0.202222611018261,0.19741953365887016,0.05108647588535329,0.5452800183047033,4.2254032718972116e-05,random
0.07299202284990632,0.1382493655878507,0.14990539643422154,0.3070461922029243,0.11292282069131436,0.20694424341183487,0.011939958821947762,0.5452800183047033,4.2254032718972116e-05,random
0.047638110354152226,0.07072116006424119,0.13741389925379816,0.10486629505454577,0.3511595578202719,0.1239138390983584,0.16428713835463218,0.5452317035768719,4.233347125037109e-05,random
0.25214659327070776,0.08676584754400865,0.08101228016766157,0.00010621012064161707,0.2140957553384225,0.09573751269433028,0.27013580086422767,0.5452317035768719,4.233347125037109e-05,random
0.3190607540646569,0.03355564096364739,0.33081851913206545,0.028926535978584945,0.023297477269707597,0.014360778397103063,0.2499802941942347,0.5452317035768719,4.233347125037109e-05,random
0.36948610787227937,0.07239835704572564,0.1628935122478178,0.05904026573902474,0.21776608160862665,0.04820674282024212,0.0702089326662836,0.5451833888490406,4.241304688269203e-05,random
0.21396642728719378,0.14619750658037922,0.252390490026201,0.009872370538215831,0.2684082809549358,0.06136084096657472,0.047804083646499365,0.5451350741212092,4.24927598300708e-05,random
0.49314893400839976,0.14565980603801135,0.07179188001568682,0.0012880874275005298,0.011394062816862092,0.10096449414913379,0.17575273554440568,0.5450867593933778,4.2572610306938266e-05,random
0.15950205911891188,0.05482441129573911,0.09712814699518334,0.42630586758252814,0.19351572291616936,0.05503223259087414,0.013691559500594138,0.5450867593933778,4.2572610306938266e-05,random
0.34189883996663173,0.24376217140505393,0.040244185800846835,0.0533098083534448,0.16621431910369674,0.08865723780659397,0.06591343756373204,0.5450867593933778,4.2572610306938266e-05,random
0.3817477591799643,0.13082119186086966,0.17419987133044243,0.00942616103041025,0.232906137857967,0.021852357563620032,0.049046521176726386,0.5450384446655465,4.26525985280224e-05,random
0.1824030242915789,0.06974031018598942,0.03326237236394644,0.007927917444090308,0.35395290568655086,0.1834216736788026,0.16929179634904157,0.5450384446655465,4.26525985280224e-05,random
0.49439092715431615,0.1405263488302905,0.06208110680693109,0.04602453330654571,0.0868220976972975,0.07980722686843489,0.09034775933618414,0.5449901299377151,4.273272470834895e-05,random
0.2815448046328556,0.14959748027231498,0.11194427591389705,0.06322819326693925,0.20466985417357134,0.08785917527345181,0.10115621646696984,0.5449901299377151,4.273272470834895e-05,random
0.21783865968369606,0.02489030750413943,0.01810566130731749,0.024869928406032086,0.12003455738995966,0.119045001465068,0.47521588424378725,0.5449901299377151,4.273272470834895e-05,random
0.25056014315137104,0.18975513192617577,0.03957047640271468,0.01106947365628518,0.17310842786694192,0.04874793886677781,0.28718840812973356,0.5449418152098838,4.2812989063239204e-05,random
0.18768504596501442,0.2388263362340155,0.0010405601880549631,0.025033615937471637,0.35161637980643423,0.16842000208535504,0.02737805978365415,0.544845185754221,4.2973933159491495e-05,random
0.294277299136939,0.1277868593876384,0.058338762670337635,0.08698000691510982,0.13506104180586898,0.06637801621256653,0.23117801387153958,0.544845185754221,4.2973933159491495e-05,random
0.32031944878462665,0.14363416302950463,0.04179768775577596,0.15441538654284337,0.17870623418338522,0.11546518482292377,0.045661894880940516,0.5447968710263896,4.305461333298785e-05,random
0.12890376610187287,0.3032761507854453,0.008586931747921847,0.07775303430431395,0.006692523492503698,0.3831886846817286,0.09159890888621366,0.5447968710263896,4.305461333298785e-05,random
0.256600938076589,0.167497682947156,0.061119290074656676,0.28414456217481693,0.10418396119679671,0.10019663725580634,0.026256928274178307,0.5447485562985583,4.3135432545317746e-05,random
0.012887520557107542,0.15142147657211705,0.052065561072489115,0.17707488815613256,0.22885542086266394,0.22269273221297411,0.15500240056651568,0.5447485562985583,4.3135432545317746e-05,random
0.23238546611343608,0.1749536960141822,0.04637503095550739,0.30741028039152357,0.0947265114963543,0.12960524446916957,0.014543770559827114,0.5446519268428957,4.329748895403599e-05,random
0.33606922458754845,0.09082235484507001,0.15831516479598656,0.05910443328549424,0.2744087925230901,0.07639584181503196,0.004884188147778603,0.5446519268428957,4.329748895403599e-05,random
0.41379276493934924,0.23204576839789645,0.06692960994441377,0.008920628005250739,0.03196882782879709,0.05458564728034655,0.19175675360394606,0.5446036121150643,4.337872658495162e-05,random
0.04408450971412502,0.18389511673430803,0.17982238476098356,0.03693791607111762,0.1053284388163755,0.3305059377085951,0.11942569619449518,0.5446036121150643,4.337872658495162e-05,random
0.3162539634164118,0.06176544420038591,0.010441375495717182,0.11437775180273572,0.19856061730405858,0.19372486831962354,0.10487597946106715,0.5446036121150643,4.337872658495162e-05,random
0.2962871186099901,0.11066381819321686,0.13569669479330307,0.10742632570017907,0.24960650057211914,0.06421461430557904,0.036104927825613004,0.544555297387233,4.3460104123756045e-05,random
0.31738471950901315,0.09468315823887563,0.1597483980458843,0.0973712092461842,0.26697702693828906,0.03913027634605887,0.024705211675694748,0.5444103532037389,4.370507836914945e-05,random
0.09365351866810193,0.13043322274269617,0.18095090242486012,0.023276999039969624,0.2946594692660511,0.11578896233497032,0.1612369255233508,0.5443137237480761,4.3869098077145265e-05,random
0.1101391667178785,0.12175171283481548,0.24367952820560776,0.07971899152643949,0.32121341263037234,0.11066613584865766,0.01283105223622866,0.5442654090202448,4.395131965212223e-05,random
0.2770019645675762,0.03826877060511931,0.08202648053979154,0.00584991024522721,0.38626583958838356,0.17872981152557926,0.031857222928323076,0.5442654090202448,4.395131965212223e-05,random
0.2710782891313718,0.27664053017159423,0.03193815402954125,0.004029707052566372,0.14719027170454113,0.16438507784980896,0.10473797006057606,0.5442170942924134,4.403368266741791e-05,random
0.2490129423109091,0.16756225284469495,0.18936770398860883,0.22520515677715128,0.05610732849422347,0.10341304514001896,0.009331570444393512,0.544168779564582,4.4116187343159055e-05,random
0.16870371926997269,0.0019885983078668976,0.5457784070421229,0.001787954754211435,0.03326815568216301,0.1621121634903443,0.08636100145331894,0.544168779564582,4.4116187343159055e-05,random
0.09276265008497389,0.05942280278161394,0.019660257407328956,0.09054467938160768,0.3415228140249233,0.22320217451643767,0.17288462180311454,0.544168779564582,4.4116187343159055e-05,random
0.3502744893474071,0.18378688876889185,0.02883384969000961,0.04299487589862111,0.2348149393817986,0.12683986379426493,0.0324550931190067,0.5441204648367507,4.419883389977636e-05,random
0.1989421855107654,0.10887578352310258,0.011189802516155539,0.2042275019596483,0.17632078344408975,0.08917981093852882,0.2112641321077096,0.5441204648367507,4.419883389977636e-05,random
0.12662510208348918,0.20925862369494808,0.14723923792739038,0.06235562367541619,0.1279971626653961,0.21498925398839053,0.11153499596496955,0.5441204648367507,4.419883389977636e-05,random
0.04894098273335608,0.2723729540315635,0.02118878920704762,0.07032398281103816,0.028121508751651356,0.47979669134905634,0.07925509111628698,0.5439272059254252,4.4530843354268117e-05,random
0.016790694745678215,0.08252117020648816,0.44490592170874416,0.013449419918979372,0.05802165034062635,0.32186415071425506,0.06244699236522862,0.5439272059254252,4.4530843354268117e-05,random
0.28467271008942774,0.25204033712827556,0.03675295156334095,0.20248417899088628,0.03147913587138608,0.16391054270526653,0.028660143651416663,0.5438788911975938,4.461420263237425e-05,random
0.06240008162677465,0.13550597905615028,0.08748412326745539,0.14536094428470994,0.19503191614308063,0.15129586322738467,0.22292109239444446,0.5438788911975938,4.461420263237425e-05,random
0.3465359202137718,0.2217324947724277,0.055845997795237225,0.010554600725592722,0.17593337512888316,0.02625896655577758,0.16313864480830975,0.5438305764697625,4.4697705120332046e-05,random
0.19544366308178282,0.3083458645167024,0.023686092095874228,0.0009440416988914316,0.2255712054932534,0.22047657884087152,0.02553255427262413,0.5438305764697625,4.4697705120332046e-05,random
0.18706474968408135,0.14419055860308946,0.17449636478383818,0.0031346880058482065,0.3220344429597818,0.0729527556505408,0.09612644031282028,0.5438305764697625,4.4697705120332046e-05,random
0.15702948425106134,0.05473189768900527,0.16821045757544836,0.053758075557259935,0.43469002969400294,0.10626875406527597,0.02531130116794633,0.5438305764697625,4.4697705120332046e-05,random
0.41189822195575176,0.2553943877950588,0.11243172280288695,0.002336296779279678,0.12426120633040415,0.052832278166882095,0.040845886169736695,0.5437822617419312,4.478135104070654e-05,random
0.25724555389302056,0.2106030008630019,0.13798283512151244,0.007364109898792834,0.08180723806800319,0.09443010610267047,0.2105671560529986,0.5437822617419312,4.478135104070654e-05,random
0.24960924153812963,0.2048950502104749,0.174001221380112,0.07683863891247647,0.1842785808939175,0.04440016262134835,0.0659771044435411,0.5437822617419312,4.478135104070654e-05,random
0.09728390695213561,0.2075542859720038,0.14838300893001122,0.028488968739357252,0.1632750994600221,0.2206245692247291,0.1343901607217407,0.5437339470140998,4.48651406163682e-05,random
0.6015113403561377,0.11074994916515934,0.043867054707486475,0.014825939211970831,0.058337643943894485,0.05780922676343627,0.11289884585191504,0.5436856322862685,4.4949074070493824e-05,random
0.3990517756747507,0.12617712513958504,0.13620751821050375,0.042073969286762325,0.016341042871965264,0.049414949300751514,0.23073361951568142,0.5436373175584371,4.503315162656756e-05,random
0.21251603187221269,0.08407247635991756,0.047102384859811885,0.07520530617748458,0.23571520646069713,0.11005585351195249,0.2353327407579237,0.5435890028306057,4.511737350838043e-05,random
0.22644497344286377,0.10490875400965316,0.09301420313566722,0.18212957110545044,0.23061646634923533,0.11802808051910078,0.044857951438029155,0.5435406881027744,4.520173994003164e-05,random
0.09644275256631796,0.11296957283024225,0.10816801756163416,0.06687590332057655,0.4035977528690503,0.14237729049225203,0.06956871035992687,0.543492373374943,4.528625114592826e-05,random
0.2402083580204492,0.17460295126156056,0.1444535674752748,0.022168567243486897,0.24270317568593378,0.056880363346411784,0.11898301696688317,0.543492373374943,4.528625114592826e-05,random
0.2850843834010176,0.12286679935913221,0.0457284486387282,0.05131546674460086,0.09442053936534028,0.02886894600627772,0.3717154164849032,0.543492373374943,4.528625114592826e-05,random
0.3639717543588297,0.21310489274807973,0.15780302065145121,0.05084059386061557,0.0924295164934728,0.05150473080159345,0.0703454910859576,0.543492373374943,4.528625114592826e-05,random
0.2900341009545579,0.18964350221763454,0.1855475505008437,0.004038812531763127,0.19722282515229278,0.022089330710604965,0.11142387793230295,0.5434440586471116,4.53709073507853e-05,random
0.36053869305542346,0.1474067276957269,0.30486955366726365,0.0907389676145888,0.027372468370548735,0.03876724207703691,0.030306347519411515,0.5433957439192804,4.545570877962689e-05,random
0.33973477308993694,0.012210764020288594,0.11040577693716594,0.0012750013916882188,0.21837304143638922,0.08420843804617387,0.23379220507835735,0.543347429191449,4.5540655657786535e-05,random
0.25455328665022886,0.0851498783698793,0.14369117580429197,0.05093333010905636,0.16082935488155917,0.019664554159315346,0.285178420025669,0.543347429191449,4.5540655657786535e-05,random
0.18098617454259575,0.049547096331611105,0.0034605739488450505,0.03783151264415221,0.34165513466900516,0.2594339277878988,0.1270855800758921,0.5432991144636176,4.562574821090634e-05,random
0.29233788049970905,0.04788412574453621,0.031329817016851766,0.21956340812902073,0.05106668071569895,0.08021586845068024,0.27760221944350316,0.5432507997357863,4.571098666493906e-05,random
0.22300348950871313,0.02384720643229395,0.054901490651806606,0.19994978717986223,0.18999426751887316,0.0661336059912848,0.24217015271716613,0.5432024850079549,4.579637124614717e-05,random
0.2347524765114878,0.23945793607824145,0.13555527944988233,0.020761867352661337,0.12948494466592023,0.11784627089847793,0.12214122504332862,0.5432024850079549,4.579637124614717e-05,random
0.21885595072282057,0.1673738869094364,0.1176684154475285,0.12428820079103793,0.09576325648503657,0.05138147287096192,0.22466881677317826,0.5432024850079549,4.579637124614717e-05,random
0.2404432503191293,0.1772810631689321,0.15858908770580815,0.11743816706183333,0.26770422258649634,0.012735383420956117,0.025808825736844666,0.5430092260966294,4.6139375378863044e-05,random
0.5298716710178051,0.17644978243257017,0.07296614615002874,0.08071264484054201,0.010832505245809051,0.07710164976730685,0.052065600545937944,0.5430092260966294,4.6139375378863044e-05,random
0.3056537683254612,0.006134562179988618,0.05767753897766693,0.09053759039094322,0.1438461226705398,0.10146954473176005,0.29468087272364035,0.5429609113687981,4.622549400076923e-05,random
0.19045715906727664,0.17406012178021216,0.10007090793324594,0.08244443679405537,0.2000823265637344,0.10161020727967852,0.15127484058179685,0.5427676524574726,4.657144568725501e-05,random
0.23119798859205087,0.22065229802799152,0.16326550770610965,0.059336520130156716,0.14775969271665498,0.10616592640366034,0.07162206642337621,0.5427676524574726,4.657144568725501e-05,random
0.23876344624261409,0.13786132753070293,0.251773488287015,0.12277183494764898,0.16964766832654649,0.04800024031358254,0.031181994351889772,0.5426710230018099,4.6745311055708935e-05,random
0.3433689803332873,0.08974557950411122,0.1329928405191197,0.0046565962349823554,0.29658648376702934,0.06122419744541516,0.07142532219605514,0.5426710230018099,4.6745311055708935e-05,random
0.1540465723489085,0.06939670170247264,0.02355479022489448,0.0038645252308342716,0.4396339143015187,0.269774374426786,0.039729121764585436,0.5426227082739786,4.6832466924909864e-05,random
0.1671427483337777,0.06554806217199644,0.12703798093882288,0.2649991257939644,0.2299918351350007,0.005424085963074846,0.1398561616633632,0.5426227082739786,4.6832466924909864e-05,random
0.21668138961689737,0.22428807768324435,0.14889932753402066,0.04095411577027516,0.24012173508870258,0.1018290039732892,0.027226350333570456,0.5426227082739786,4.6832466924909864e-05,random
0.23424909772717623,0.1195530163599328,0.3067656888376433,0.10405034111161249,0.03241682352015729,0.13367777023709232,0.06928726220638536,0.5426227082739786,4.6832466924909864e-05,random
0.406813957832439,0.2221519292123928,0.09423169516727734,0.03095565679099027,0.16559018751909543,0.05816923370132498,0.02208733977648015,0.5426227082739786,4.6832466924909864e-05,random
0.11127999419050442,0.11216376594097505,0.21438251012458218,0.21441735981956053,0.1375803640481953,0.15675141110916635,0.0534245947670162,0.5426227082739786,4.6832466924909864e-05,random
0.4339970410117184,0.13901718672354973,0.09806377621819988,0.029773449519399437,0.25303248549173635,0.01680205296194669,0.02931400807344945,0.5425743935461472,4.691977189109319e-05,random
0.4924673261627894,0.1444330729392553,0.08999610562239947,0.004741449971432916,0.08596464672698327,0.03459117144577526,0.14780622713136438,0.5425743935461472,4.691977189109319e-05,random
0.16068923398105836,0.20022381860045527,0.2307897042065664,0.048474632658950356,0.1111828137524189,0.2340988154101047,0.014540981390445972,0.5425743935461472,4.691977189109319e-05,random
0.09127148358982781,0.060860867673774514,0.21205699552260002,0.06470044650521742,0.2208588058936916,0.0647879408951025,0.2854634599197862,0.5425743935461472,4.691977189109319e-05,random
0.45265060877897917,0.2673997242603934,0.0656065055759106,0.006949044709770092,0.09672339766768798,0.05642279929371985,0.05424791971353902,0.5423811346348217,4.7270487343250925e-05,random
0.3591637760818695,0.25565409454550403,0.04280724847164304,0.028374887852134757,0.24720008839474772,0.056222871893031844,0.01057703276106915,0.5423811346348217,4.7270487343250925e-05,random
0.21454031936017845,0.04698878800239954,0.047292037224453964,0.0788302348414613,0.34758963995564574,0.23145996821428097,0.03329901240158003,0.5423811346348217,4.7270487343250925e-05,random
0.2569920948305854,0.26257742666860134,0.09939153262596744,0.07897690506725417,0.18050294442295395,0.11990845688596721,0.0016506394986706512,0.5422845051791592,4.7446745662963476e-05,random
0.09075446348373951,0.1563956428587744,0.16207844482702868,0.03140991660168797,0.0887046101203599,0.2141224431935068,0.2565344789149028,0.5422361904513278,4.7535100783740624e-05,random
0.2513837356108021,0.270721771565364,0.15228730333458484,0.0480157411196339,0.1365858374351382,0.13373148018831574,0.007274130746161398,0.5421878757234965,4.762360685550712e-05,random
0.1887832012797592,0.007138804011930062,0.007106272558078156,0.009977924139581335,0.31855212751715545,0.17538237812886992,0.29305929236462586,0.5421395609956651,4.771226411144211e-05,random
0.04879338090679317,0.06392640842443602,0.1695027227620385,0.019287387885566214,0.06606341827766612,0.1537403249068353,0.4786863568366647,0.5420429315400023,4.789003311012808e-05,random
0.4104740528085919,0.21033779440908595,0.04314147058499808,0.1535280853243145,0.08722223196796629,0.05168155977444522,0.04361480513059806,0.5419463020843396,4.80684096516102e-05,random
0.10831957569836861,0.1551609232030859,0.1421783859684214,0.028891361772255417,0.13264289233894022,0.1344872009264505,0.2983196600924779,0.5418979873565083,4.8157826337239926e-05,random
0.11467093065254799,0.11343853291445254,0.08025697503726657,0.037215519980801116,0.2563169756340702,0.0922154038964706,0.305885661884391,0.5418496726286769,4.8247395612817544e-05,random
0.11080042628977921,0.035410608148617864,0.06297257187491086,0.28361210675120213,0.261619013601561,0.07315939639545674,0.17242587693847203,0.5418496726286769,4.8247395612817544e-05,random
0.06549158122914703,0.10584436465276391,0.18132651249420892,0.10801285484966457,0.3259669029489951,0.12246004869752805,0.09089773512769261,0.5418496726286769,4.8247395612817544e-05,random
0.16063237111802822,0.05209143861482349,0.14951165198855695,0.018374352185572696,0.16462804930608313,0.02353863212636612,0.43122350466056947,0.5418013579008455,4.833711771376051e-05,random
0.427678216759434,0.234849213721898,0.0578480760505605,0.0027269816094460725,0.19255163246508525,0.058305363741610945,0.02604051565196516,0.5418013579008455,4.833711771376051e-05,random
0.15618690419588654,0.171464181575019,0.19542151355137477,0.016458325723029105,0.2923782452348257,0.11112773097735225,0.056963098742512805,0.5418013579008455,4.833711771376051e-05,random
0.31136162763417796,0.09432196194657105,0.2825535211305614,0.1285097554402904,0.06134564149714863,0.018705323359315087,0.10320216899193535,0.5417530431730142,4.84269928758068e-05,random
0.30952156323026125,0.08067919571592994,0.13236870261574757,0.11032561547436856,0.21687209475505817,0.07462937149806656,0.07560345671056795,0.5416564137173515,4.860720332777387e-05,random
0.2747154664297727,0.045905643250441386,0.20791971893747194,0.15019692170085777,0.25243078111437517,0.05186900390504865,0.016962464662032287,0.5416564137173515,4.860720332777387e-05,random
0.3502685913555876,0.19900153025727887,0.07325593638016234,0.02180162864180754,0.26431747237197073,0.08253738162028956,0.008817459372903378,0.5416564137173515,4.860720332777387e-05,random
0.1720952689205295,0.23601698058254894,0.03116874055202223,0.012733464997489738,0.28576311593862636,0.18840368112352168,0.0738187478852616,0.5416564137173515,4.860720332777387e-05,random
0.21792236093797687,0.16965977705735044,0.20680374032123383,0.05415468820675651,0.045967808549231326,0.14326803493196505,0.16222358999548595,0.5416080989895201,4.8697539090780965e-05,random
0.2566044355987403,0.06154391215717136,0.3577172123537171,0.04925267437339294,0.25347195958084817,0.010391656472048387,0.011018149464081821,0.5416080989895201,4.8697539090780965e-05,random
0.10045922738558552,0.08495321666336596,0.21440128977748518,0.13037252762206514,0.29737016620984436,0.08807677460007837,0.08436679774157539,0.5416080989895201,4.8697539090780965e-05,random
0.05922391253486248,0.2431564249103975,0.027767150464741156,0.23758329111101376,0.10068483169523205,0.3258911412334826,0.005693248050270369,0.5416080989895201,4.8697539090780965e-05,random
0.344725873648499,0.05334073581994029,0.06520495999125396,0.08355769920143254,0.0908467228266453,0.04183078406120576,0.3204932244510232,0.5415114695338573,4.8878672875980224e-05,random
0.2038485303646984,0.15181791612787435,0.235724612411937,0.01925616178830917,0.1491055923995801,0.08678688470838848,0.15346030219921258,0.541463154806026,4.8969471373195906e-05,random
0.14213109180241149,0.0816988049846975,0.048490760027565145,0.017696922326330664,0.4803772201647183,0.18378963195008566,0.045815568744191404,0.541463154806026,4.8969471373195906e-05,random
0.08973826103440141,0.1839537399731835,0.1109137889385619,0.06903673516863719,0.24124407069015813,0.15284154106284692,0.15227186313221092,0.541463154806026,4.8969471373195906e-05,random
0.3742280310019119,0.14922761564542203,0.058526692568654025,0.1519941636832106,0.09416714111416212,0.045039214609667456,0.1268171413769718,0.5414148400781946,4.906042459071177e-05,random
0.45922032147140257,0.23415633811208358,0.04566971955077928,0.09664200806410107,0.10011901170623617,0.04502200861821413,0.019170592477183168,0.5414148400781946,4.906042459071177e-05,random
0.05207382318759524,0.09090454309774605,0.05004061630233296,0.011838378013212714,0.4288161806321044,0.21621218924930113,0.15011426951770745,0.5413665253503633,4.9151532766849664e-05,random
0.3704245599639918,0.19955479153877803,0.0317637373699456,0.18025676290797074,0.046490894844911354,0.019225219176634452,0.15228403419776798,0.5413665253503633,4.9151532766849664e-05,random
0.2559592636287991,0.15707469526432785,0.046831961959231526,0.363328277907992,0.06543212549111813,0.04610009978616025,0.0652735759623711,0.5413665253503633,4.9151532766849664e-05,random
0.19323370502536044,0.013351062772215915,0.2826817007212079,0.0672329410762038,0.2827166380079875,0.08923947252914297,0.07154447986788155,0.5413665253503633,4.9151532766849664e-05,random
0.04005358299892834,0.08594383909173912,0.06566899245230437,0.05876400364712775,0.3007330436028393,0.1086191238165158,0.3402174143905454,0.5413665253503633,4.9151532766849664e-05,random
0.18546904885563928,0.1500699804506743,0.06712585093465577,0.16700007878784476,0.14099188973530682,0.05561418823393601,0.23372896300194304,0.5412698958947005,4.933421494990266e-05,random
0.25413291516431186,0.08654764203091757,0.014421260060551886,0.0047758236861926845,0.3782134342785059,0.17073982561584244,0.09116909916367769,0.5412698958947005,4.933421494990266e-05,random
0.2690573632560538,0.12328650155150647,0.21089991263331365,0.1555539930636773,0.09021883601080642,0.03865083889283668,0.11233255459180563,0.5412698958947005,4.933421494990266e-05,random
0.18889672090817214,0.26625229607285533,0.08061040348748262,0.018478484718381646,0.2110324508072058,0.15993826892886345,0.07479137507703901,0.5412698958947005,4.933421494990266e-05,random
0.1745580872304346,0.02877823269461981,0.18201680473218276,0.09634585524355484,0.36958858587828114,0.094804188033134,0.0539082461877929,0.5412215811668692,4.9425789435085826e-05,random
0.17406779263378214,0.11688320344033809,0.06744158488414566,0.011167876636687479,0.11834012496217637,0.0338551369769051,0.47824428046596523,0.5411732664390378,4.9517519835428975e-05,random
0.20061949879650354,0.14627053024667544,0.21289974778042298,0.005003520716324855,0.23243255727057482,0.048022653473948795,0.15475149171554956,0.5411732664390378,4.9517519835428975e-05,random
0.186399334264808,0.13155451543190164,0.1408455509543577,0.044954181770865416,0.3364931584906476,0.07425883190651748,0.08549442718090217,0.5411732664390378,4.9517519835428975e-05,random
0.33627704997552565,0.1786962840029466,0.08771835532775625,0.030112498927277857,0.20046980901550987,0.0020750665647378316,0.1646509361862459,0.5411249517112064,4.960940639088027e-05,random
0.38139137076465435,0.07547158850749015,0.17084771282497718,0.005873249965578019,0.2762054003437006,0.018871967645025724,0.07133870994857398,0.5410766369833752,4.970144934171531e-05,random
0.055036242555983064,0.08231812277824732,0.18081552719570426,0.01689715982963688,0.48719456822861334,0.14704030991940276,0.030698069492412317,0.5410283222555438,4.9793648928535916e-05,random
0.18858052047328677,0.16324471958801723,0.10850360685020372,0.13558066360252205,0.18027160957803706,0.022692839988903254,0.20112603991902983,0.5410283222555438,4.9793648928535916e-05,random
0.46687570304248033,0.23881464213533157,0.05203111770553364,0.09082244534955444,0.021271421813449067,0.03690371659230414,0.0932809533613468,0.5410283222555438,4.9793648928535916e-05,random
0.21893083838566285,0.10548105813634326,0.15087518151856397,0.29599490428271025,0.05899611542075182,0.055653169927579065,0.11406873232838871,0.5409800075277124,4.988600539227232e-05,random
0.06151398427303064,0.10858305093084236,0.03950480337852043,0.199852067733838,0.2667391130640147,0.11959250476386236,0.20421447585589153,0.5409316927998811,4.9978518974180445e-05,random
0.17492214650301244,0.1452425503872006,0.12931034139407185,0.05021839470404787,0.2333452554372186,0.02510358485548513,0.24185772671896344,0.5408350633442184,5.016401845918175e-05,random
0.13178133817646223,0.06458709988802203,0.30035108616704675,0.1302442859971573,0.11355946995297658,0.15467812271776027,0.10479859710057496,0.5407867486163871,5.025700484643058e-05,random
0.20974614104902578,0.2286439283494996,0.0023698403383202965,0.10158333421362323,0.16343513506335594,0.191134667434908,0.10308695355126728,0.5407867486163871,5.025700484643058e-05,random
0.14658515154702598,0.1687206946102349,0.11456577714137911,0.15443009837143787,0.27548828413045456,0.12513797772555557,0.01507201647391186,0.5407867486163871,5.025700484643058e-05,random
0.13232041709686512,0.15200090929081989,0.2256553217472496,0.0009034847522476766,0.3444575572140624,0.10785483254992381,0.03680747734883147,0.5407384338885557,5.035014932016374e-05,random
0.1420402638226695,0.14927959361036008,0.20175035524957274,0.048695591063218475,0.1454772941785676,0.11688803994377416,0.19586886213183746,0.5406418044328929,5.05369134990159e-05,random
0.22238283536936104,0.03825367841816716,0.00703292913238526,0.23182550364493554,0.1620531880907346,0.2037478013889922,0.13470406395542428,0.5406418044328929,5.05369134990159e-05,random
0.5604466528334613,0.20574372254756987,0.13415892640336943,0.02185526999796011,0.038314104837198,0.018433814473919653,0.021047508906521482,0.5406418044328929,5.05369134990159e-05,random
0.1589862428299749,0.2280680579609261,0.011026366860560148,0.013787956579726672,0.36143483876357324,0.19698861108629936,0.029707925918939344,0.5405934897050616,5.0630533690926726e-05,random
0.25841249215929446,0.2365252480754759,0.08893382769726514,0.1458032115351161,0.0777037395173072,0.07342149416325129,0.1191999868522901,0.5405934897050616,5.0630533690926726e-05,random
0.2650055397336112,0.032545723425949365,0.03327361899391567,0.007103571708469083,0.383466199810628,0.2535244289901169,0.025080917337309726,0.5405934897050616,5.0630533690926726e-05,random
0.053015170215410135,0.036169288409116734,0.3408681045388532,0.2702657604362204,0.04139356009944622,0.20767710589448635,0.05061101040646689,0.5405451749772302,5.072431294290646e-05,random
0.2843403044731431,0.08358950687444304,0.06280850591124443,0.15276598350653378,0.225437538622336,0.10821559181256164,0.08284256879973784,0.5405451749772302,5.072431294290646e-05,random
0.06369786961031046,0.07864165026581557,0.31250709471128985,0.0052248978924356775,0.17055601888159183,0.233864156899055,0.13550831173950167,0.5404485455215675,5.0912349604294085e-05,random
0.288636473996353,0.08777875701591853,0.009315167125771052,0.17199917323540673,0.16895401740583282,0.19711071294761529,0.07620569827310267,0.5404002307937361,5.100660750314286e-05,random
0.42833977480299473,0.09344138282036585,0.1285848378131805,0.007378221554000212,0.27721462038823885,0.05637948451433104,0.008661678106888782,0.5404002307937361,5.100660750314286e-05,random
0.18712116062272716,0.19993397154655185,0.012350087048886155,0.06299401660442147,0.10655582570324364,0.09764708791542286,0.33339785055874677,0.5404002307937361,5.100660750314286e-05,random
0.28093698554042434,0.21873693469135314,0.05901480108654491,0.08334721909974106,0.09494760074789955,0.05940952175397656,0.2036069370800604,0.5404002307937361,5.100660750314286e-05,random
0.08810646774256042,0.039503242277039226,0.39596115948455785,0.14555440003719647,0.010601136540818113,0.14733280441845642,0.17294078949937136,0.5403036013380734,5.1195603663241316e-05,random
0.3824808323937568,0.251159864503802,0.09267174686731346,0.029997752838130803,0.040310926174555124,0.04983646599931017,0.15354241122313173,0.5403036013380734,5.1195603663241316e-05,random
0.2125532282678361,0.008387456293125513,0.023576441243139474,0.08771046401731208,0.16169369985908305,0.15914009510374885,0.346938615215755,0.5403036013380734,5.1195603663241316e-05,random
0.24938732847438624,0.04412626273126606,0.004333131129583742,0.33029087790326256,0.11473587441036011,0.11962423089563134,0.13750229445550988,0.5402069718824107,5.138524194521249e-05,random
0.3239442090698067,0.03324575228795493,0.1569204681245625,0.03069996945702532,0.26164210267259036,0.0393861372501954,0.15416136113786494,0.5402069718824107,5.138524194521249e-05,random
0.4889187481179553,0.1710475071850671,0.024169484793053947,0.0022156321723579425,0.10022594801602343,0.0872950635114899,0.12612761620405238,0.5401586571545793,5.148030249765234e-05,random
0.4967411607412639,0.13400928029081588,0.10826262788851766,0.005664344514713203,0.021023781439429283,0.038542002634903164,0.19575680249035693,0.539965398243254,5.1862159881664046e-05,random
0.08555262944858225,0.07536677375295542,0.2089629813694457,0.028051549385718168,0.35404524210057725,0.09884554334213756,0.14917528060058366,0.539965398243254,5.1862159881664046e-05,random
0.24038222193102954,0.05139163828811262,0.02336199313947894,0.13909464123458648,0.13125506340200366,0.1380526111152136,0.27646183088957516,0.539965398243254,5.1862159881664046e-05,random
0.28268704722467836,0.15420645234359395,0.025473529952134446,0.005382447716811704,0.41503702861207603,0.1135223031749753,0.0036911909757302345,0.539965398243254,5.1862159881664046e-05,random
0.2158724981586396,0.06062728681258732,0.1426053134811176,0.09014021299137519,0.2125496168036438,0.00800698912633712,0.27019808262629946,0.5399170835154226,5.19580292598415e-05,random
0.21099156188329632,0.20314209199176786,0.1380406195639542,0.012370287069308183,0.26707738577485457,0.09025599199675821,0.07812206172006059,0.5399170835154226,5.19580292598415e-05,random
0.051242714805058216,0.1584961758375931,0.14005619086546808,0.06121109263771255,0.33382717571285914,0.18543634432496972,0.06973030581633902,0.5398204540597599,5.215025579356115e-05,random
0.2673040621273812,0.12298729364370813,0.15800262607780274,0.13590616974682893,0.2822897233326855,0.003526370187224584,0.029983754884368934,0.5397238246040971,5.234313435810593e-05,random
0.23536022723623024,0.20922323846601695,0.196819743475269,0.09103465196703096,0.05528807472638749,0.14185630008230443,0.07041776404676095,0.5396755098762658,5.243981877607877e-05,random
0.1009350576551249,0.04722481206334191,0.3630124780028852,0.1066741559594927,0.15509316834568168,0.17781602653332587,0.04924430144014762,0.5396271951484344,5.2536666951402445e-05,random
0.1613971624257727,0.1826987485318989,0.104886370216556,0.025143120968503636,0.32617940318064226,0.11559097608262811,0.08410421859399846,0.5396271951484344,5.2536666951402445e-05,random
0.3483330532397602,0.16568029593926556,0.02784658804082403,0.15324897102092905,0.1433230822603737,0.08356210415207646,0.078005905346771,0.5395788804206031,5.2633679134663405e-05,random
0.4532374059247533,0.22910821287395594,0.04769794724997496,0.013428094316553422,0.1708854984874446,0.04812331989090696,0.03751952125641084,0.5395788804206031,5.2633679134663405e-05,random
0.4182166803141908,0.15303972944180083,0.006878763774030038,0.0983666291245323,0.1265072024421679,0.10407916427353353,0.09291183062974477,0.5395305656927717,5.273085557678652e-05,random
0.18663609966839806,0.04523780035235191,0.0021815115627348202,0.02662345114018306,0.12365350140685699,0.07470256234849013,0.540965073520985,0.5395305656927717,5.273085557678652e-05,random
0.08460656103237249,0.08141645262657073,0.1355618638697683,0.020362001104550363,0.3970102513376708,0.09777292329783743,0.18326994673122984,0.5394822509649403,5.2828196529035785e-05,random
0.11879009781720534,0.0852421432248205,0.03942999797736363,0.3275646412771492,0.27811079672222877,0.1298685181290686,0.02099380485216412,0.5394822509649403,5.2828196529035785e-05,random
0.022323333432002348,0.2048926576532686,0.05472825789191855,0.11307372389757522,0.3586058906410787,0.24202133361226863,0.004354802871887802,0.539433936237109,5.2925702243013826e-05,random
0.10526143151165558,0.070799202242375,0.048441029904015,0.28188914993211656,0.2799738736178623,0.06351056193852085,0.15012475085345472,0.5393856215092776,5.302337297066547e-05,random
0.29323851650816424,0.03308855902316379,0.31664914146174444,0.27598093046847033,0.0588634366077405,0.012123682519281488,0.010055733411435253,0.5393373067814462,5.312120896427378e-05,random
0.12364580388275506,0.12031290386618407,0.009250351672531028,0.31171925816701257,0.07827008689670342,0.09836990762970123,0.25843168788511256,0.5392889920536149,5.3219210476463176e-05,random
0.14031669231436944,0.16805851877614786,0.14469948162503676,0.07812144061993383,0.3275426724327535,0.08856859853347138,0.052692595698287284,0.5392889920536149,5.3219210476463176e-05,random
0.3004913065538891,0.2693778551701292,0.040124449488756535,0.1998308114548034,0.05443496550478245,0.11670144094681544,0.01903917088082373,0.5391440478701208,5.3514210655884585e-05,random
0.16201438566909065,0.1249781124546823,0.06324123843226356,0.015478733570500544,0.38999973278165,0.09969012520067103,0.14459767189114175,0.5391440478701208,5.3514210655884585e-05,random
0.17052190363775757,0.06427978169146785,0.3282700477453417,0.014366869043648112,0.10469369322380746,0.13931318381443278,0.1785545208435447,0.5389507889587954,5.390987687426409e-05,random
0.18476732812262947,0.15503813138119174,0.29499173299724857,0.011089124481939935,0.1822664501129637,0.1312933222205888,0.04055391068343793,0.538902474230964,5.400921167060491e-05,random
0.3042548296477916,0.058528315371136654,0.241479790519805,0.06878689973085307,0.24774206959334932,0.03826385644221341,0.040944238694850955,0.538902474230964,5.400921167060491e-05,random
0.14583363206082237,0.11617358837502574,0.09807251838701765,0.05103699311284593,0.18131060501819968,0.0303613743808455,0.3772112886652432,0.538902474230964,5.400921167060491e-05,random
0.07657103823183478,0.2668877359687237,0.0302961655666825,0.0940916033894557,0.05826548109555714,0.3626017075370658,0.11128626821068034,0.5388541595031326,5.410871427454588e-05,random
0.05586526259118571,0.01980186747749407,0.18660361701342096,0.0899872608412611,0.14688252332157598,0.059137442232500184,0.44172202652256193,0.5388541595031326,5.410871427454588e-05,random
0.3525326789781901,0.09395429166792356,0.11378545735877668,0.18229841737183397,0.20468399657644173,0.017930011711482775,0.03481514633535113,0.5388541595031326,5.410871427454588e-05,random
0.4186012611084408,0.11384531842438406,0.0201304735399191,0.029448464050095484,0.34199018173255785,0.0457759913650918,0.030208309779510837,0.5388058447753014,5.420838494213939e-05,random
0.6090895738244209,0.037765574928930686,0.0411050746768857,0.07657259486256814,0.19037396162951428,0.03488467508805034,0.010208544989629942,0.53875753004747,5.430822392978515e-05,random
0.10460384560022931,0.1392083455314917,0.023047362659341087,0.06500455365299163,0.29017432990869046,0.1277850971632882,0.2501764654839676,0.5387092153196387,5.4408231494225974e-05,random
0.0228276655434309,0.03930118395072402,0.19011825954372077,0.294599591928133,0.2529217953771382,0.1263914709002672,0.07384003275658593,0.5387092153196387,5.4408231494225974e-05,random
0.45471972617930373,0.25338634352819783,0.05183532158215635,0.04384060480221888,0.01025060407984824,0.13676007523768188,0.04920732459059302,0.5387092153196387,5.4408231494225974e-05,random
0.22695274210698319,0.047443815782211206,0.036039725046801696,0.025778782379376468,0.16865866296772444,0.060052540406778314,0.43507373131012467,0.5387092153196387,5.4408231494225974e-05,random
0.03794399178859019,0.0503717770064626,0.45661467417496365,0.1100318742643604,0.02370247496603644,0.2278650072879246,0.0934702005116619,0.5386609005918073,5.450840789255256e-05,random
0.3694589179927263,0.045303811759818347,0.14284378329298525,0.0890607972370928,0.2119710371559652,0.005088853045096422,0.13627279951631582,0.5386609005918073,5.450840789255256e-05,random
0.3085178881555085,0.09245391864760727,0.07619088275955777,0.315106152331657,0.09501732364920573,0.06530001014600714,0.04741382431045676,0.5386125858639759,5.460875338220085e-05,random
0.3121417888849635,0.02660903888218781,0.05553134390126581,0.025971367896127705,0.28833160178972517,0.15077784864522784,0.14063701000050216,0.5386125858639759,5.460875338220085e-05,random
0.2486490367434111,0.024040480824515487,0.024167945399385087,0.028595767460091733,0.31969043199314123,0.20057284856279142,0.15428348901666378,0.5385642711361446,5.4709268220952536e-05,random
0.20628497989302855,0.27021610676382496,0.13524563114587468,0.04833464251182146,0.06029125308117163,0.23316181946053155,0.04646556714374717,0.5385159564083132,5.48099526669386e-05,random
0.4728039591071235,0.24190173703217033,0.01461822540323678,0.11751402087147514,0.05393578678865493,0.041948574670736836,0.057277696126602426,0.5385159564083132,5.48099526669386e-05,random
0.13289318937464914,0.13099133840854077,0.09168130674656216,0.024889258223869445,0.4450556430407393,0.14065656818279262,0.03383269602284663,0.5384676416804819,5.491080697863489e-05,random
0.06983418233881719,0.10909335548589653,0.10583815190311874,0.07027581857799013,0.38157870372941016,0.14105116189796268,0.12232862606680459,0.5383710122248191,5.511302623480877e-05,random
0.14487036076683593,0.08537334894098789,0.32726965341796116,0.22947190925736904,0.008164469052621285,0.18844925146471986,0.016401007099505076,0.5383226974969877,5.52143916979809e-05,random
0.270047332427505,0.09620984398261427,0.02427813685221002,0.25324676043686745,0.03409744890683734,0.09769167501585142,0.22442880237811458,0.5383226974969877,5.52143916979809e-05,random
0.4192792698681897,0.11847788272681362,0.0973751322304916,0.015311211659074751,0.27376173661420483,0.013533780374334801,0.062260986526890695,0.5382743827691564,5.5315928064254584e-05,random
0.43504042177222857,0.0038714760305989418,0.10958930159483515,0.0006703108470156372,0.14710945288004576,0.03298904928689013,0.27072998758838585,0.538226068041325,5.5417635593849824e-05,random
0.26913405574366994,0.04823382575700597,0.12201151623266829,0.000559981321136534,0.42728909357360023,0.10791307760634464,0.024858449765574213,0.538226068041325,5.5417635593849824e-05,random
0.10468232009388478,0.04560658787112075,0.3325657107321118,0.1175765283043118,0.24474091090278274,0.11812738983844684,0.036700552257341354,0.538226068041325,5.5417635593849824e-05,random
0.1312165046555684,0.1488135675803156,0.13717002909624704,0.09274360827015661,0.290843935829356,0.07053291816491795,0.12867943640343832,0.5381294385856623,5.5621565185636954e-05,random
0.6703413164668038,0.07884542707832148,0.036002271423092105,0.0002760604827882739,0.1657774124167048,0.03613924170135777,0.012618270430931647,0.5381294385856623,5.5621565185636954e-05,random
0.24810905715805817,0.23060016785184356,0.15446101838010926,0.017720335077744936,0.08951322500424864,0.13427052050765403,0.12532567602034123,0.5381294385856623,5.5621565185636954e-05,random
0.3283896825143605,0.027774129058352928,0.016425266278839324,0.015575838623050857,0.24608662188588473,0.1720386772915921,0.19370978434791974,0.538081123857831,5.5723787770019256e-05,random
0.34905165583314873,0.18689610279900012,0.11924524672630647,0.012646978513681984,0.23249709903928467,0.03133687084390473,0.06832604624467334,0.5380328091299996,5.582618256210701e-05,random
0.4432252108491624,0.023108651912892936,0.04765516024922346,0.08986934698375987,0.0865847781786392,0.0547412445522038,0.2548156072741183,0.5379361796743368,5.6031489817642304e-05,random
0.19710949949757725,0.24624706100664553,0.08047232777023361,0.06863239690515714,0.0801824806275105,0.15357817523385917,0.1737780589590167,0.5379361796743368,5.6031489817642304e-05,random
0.19082862593491354,0.09339435088141204,0.054806089527649766,0.2870464380090272,0.2581136521873823,0.08466884049649037,0.03114200296312495,0.5378878649465055,5.6134402806092566e-05,random
0.2672466725132075,0.20157608286741657,0.07003336883106392,0.01759301795596175,0.07986396737334231,0.049575073949886896,0.3141118165091211,0.5378878649465055,5.6134402806092566e-05,random
0.10798700989029221,0.1826916524224863,0.03397956680172402,0.03320541130269552,0.3400690934874105,0.12549413774658386,0.1765731283488075,0.5378395502186741,5.623748905225394e-05,random
0.5515952606027862,0.13218942599621988,0.06179484333345113,0.012610664732643054,0.1714146717376831,0.039044556185309234,0.03135057741190745,0.5377912354908428,5.63407488195087e-05,random
0.21762740397775399,0.21333173490078133,0.13284608098718836,0.06989395127636967,0.09082980902780437,0.098120946836522,0.17735007299358027,0.5377912354908428,5.63407488195087e-05,random
0.5087093800192171,0.1898591853587046,0.03551881076921933,0.034504601842192534,0.011704238665609906,0.09642436652987724,0.12327941681517919,0.5377912354908428,5.63407488195087e-05,random
0.21851659096263473,0.03712353431278756,0.37017973666752585,0.05585149601618051,0.1001176768226343,0.10589594479732037,0.11231502042091676,0.5377429207630114,5.644418237159446e-05,random
0.1943090272966121,0.022134437217745252,0.004701600054826935,0.05339081402194915,0.355118609339237,0.29618525334672374,0.07416025872290584,0.53769460603518,5.654778997260055e-05,random
0.32467291579379126,0.08974006269563925,0.21745936225042395,0.050998230424115276,0.23119547831672907,0.008617519608007381,0.07731643091129382,0.53769460603518,5.654778997260055e-05,random
0.2458211151725582,0.06073277566076945,0.06735754718420711,0.3847299557737734,0.09402045167140119,0.033837911362727534,0.11350024317456334,0.5376462913073488,5.665157188697191e-05,random
0.25546060315370467,0.1421542942106084,0.08826462362280779,0.015953134719650715,0.39575123575727206,0.08942207262956542,0.012994035906390929,0.5375979765795174,5.675552837950777e-05,random
0.42293008588206116,0.24968808583557295,0.06702155043867483,0.017413615847476124,0.13874800164222806,0.05929092745349632,0.04490773290049042,0.5375979765795174,5.675552837950777e-05,random
0.13386164226638608,0.190383572822694,0.11854416712723481,0.02536216713299928,0.06898628884970952,0.1753723138331706,0.2874898479678057,0.5375979765795174,5.675552837950777e-05,random
0.2735834172206121,0.2581852011992708,0.005885364169156454,0.05777323283074471,0.23826892205660924,0.14029612282145656,0.026007739702150173,0.5375496618516861,5.6859659715362246e-05,random
0.47068004907718286,0.13578214892219706,0.04533264789968484,0.04668066696033957,0.15398799450891718,0.02388937132418856,0.1236471213074897,0.5375496618516861,5.6859659715362246e-05,random
0.11492411057159226,0.17219661898316807,0.1817738449501195,0.06271286948038929,0.37670296460081887,0.06729123198006264,0.024398359433849447,0.5375013471238547,5.69639661600451e-05,random
0.03727606680656898,0.13669723349045126,0.03417425845014663,0.27016202167298425,0.22652569530542116,0.17700674398583147,0.11815798028859624,0.5374530323960234,5.7068447979421696e-05,random
0.23922435784004734,0.05998926326496145,0.2750645300057297,0.03050202508761474,0.32421546775078813,0.05533323395355087,0.01567112209730784,0.537404717668192,5.717310543971396e-05,random
0.5303693483537001,0.12855016259134722,0.027925219843776748,0.0007510119034491622,0.15402371768236559,0.07291229205012296,0.08546824757523812,0.537404717668192,5.717310543971396e-05,random
0.20368909737631774,0.013745049432696617,0.028625071150469802,0.07478221656723914,0.3240763976634035,0.2168362043635127,0.1382459634463606,0.5373564029403606,5.7277938807500415e-05,random
0.37066721528159285,0.09889379318719124,0.30280916771709393,0.07682568567688942,0.05443666753325072,0.013148686224498857,0.08321878437948309,0.5373564029403606,5.7277938807500415e-05,random
0.060652570818586146,0.18847620743360521,0.14848717024295022,0.223474402275167,0.06658726975939153,0.29591125780188793,0.0164111216684119,0.5373080882125293,5.7382948349715943e-05,random
0.4852300644548975,0.2767828322609682,0.027458702571949996,0.08193336444107255,0.09013459959017447,0.030426588409047238,0.008033848271889868,0.5373080882125293,5.7382948349715943e-05,random
0.23638571466861244,0.17896286450152657,0.1100517867777157,0.0840040815159457,0.19467499969042806,0.03874673896621902,0.15717381387955254,0.5373080882125293,5.7382948349715943e-05,random
0.21444970295212515,0.2397469643002989,0.054950959730941655,0.26509056612790594,0.09176846286415881,0.10647419649084208,0.027519147533727514,0.5373080882125293,5.7382948349715943e-05,random
0.2556130913104964,0.03915453831548486,0.3123424313636489,0.09640667249169377,0.14229054877223837,0.012882159243602889,0.1413105585028349,0.5373080882125293,5.7382948349715943e-05,random
0.5295812306134162,0.029133903217371557,0.11760664354071247,0.054297304621756116,0.1950134494281334,0.05988205470195427,0.014485413876656084,0.5373080882125293,5.7382948349715943e-05,random
0.2530260466113199,0.15265890336228996,0.12986673207246516,0.06113365409212818,0.3152839524087645,0.04926466450702517,0.0387660469460072,0.5372597734846979,5.748813433365455e-05,random
0.18872607548777215,0.13861632047124878,0.0421389401623744,0.47436788938451835,0.07325781236633579,0.07083524111721515,0.012057721010535339,0.5372597734846979,5.748813433365455e-05,random
0.23590870181253396,0.06743428791294818,0.017282089949136572,0.051313835937843735,0.3077296256002327,0.1973833531520243,0.1229481056352805,0.5371631440290352,5.76990366976611e-05,random
0.2689625293534885,0.17172075512916027,0.2927323166654856,0.0446593014116081,0.08995903773034004,0.10239541546675086,0.029570644243166595,0.5371631440290352,5.76990366976611e-05,random
0.3618068336331833,0.2893490590445622,0.0465933345531217,0.00417400355608671,0.18395491793923047,0.07779455662049327,0.036327294653322476,0.5371631440290352,5.76990366976611e-05,random
0.28334350223599847,0.1627188015285936,0.04898829483929727,0.1660647811041581,0.07237992617464448,0.006802442365298502,0.2597022517520096,0.5371631440290352,5.76990366976611e-05,random
0.4936242627074972,0.11387413548781058,0.024689289298242736,0.016645921525988008,0.25644205933742237,0.06388843398448686,0.03083589765855228,0.5371148293012038,5.780475361410602e-05,random
0.16385157207108764,0.05179991792033993,0.38355931597781967,0.058356222994504214,0.10944857877420937,0.1530146116899796,0.07996978057205946,0.5370665145733724,5.7910648045028304e-05,random
0.2606804461381218,0.13125634077231702,0.07017512702802658,0.140476997637551,0.2080177976567998,0.07471412064202092,0.11467917012516286,0.5370181998455411,5.8016720259514284e-05,random
0.2799252306932273,0.06341975809292696,0.1702415473484803,0.1083123838475985,0.28965811571874384,0.02142703764946586,0.06701592664955731,0.5369698851177097,5.8122970527010486e-05,random
0.11664818488693134,0.13200489184716366,0.016199292208386472,0.03350075142884449,0.42716015087281345,0.21986394152302857,0.05462278723283213,0.5369698851177097,5.8122970527010486e-05,random
0.1597302127111806,0.2440700907919946,0.10255296536229117,0.11071475473849449,0.2248758937785887,0.1430526754513301,0.015003407166120298,0.5369215703898784,5.822939911732358e-05,random
0.09473374500347805,0.15133500143362918,0.05292090078374964,0.3237430745263368,0.10547251525446091,0.1402389003536717,0.13155586264467384,0.5367283114785529,5.8656902115513545e-05,random
0.3330029222844705,0.08019086458719017,0.08360847562996222,0.010473193227622198,0.13764578044593903,0.033174744148457266,0.32190401967635873,0.5367283114785529,5.8656902115513545e-05,random
0.1460124541322373,0.18898710730722718,0.12733720636414564,0.061876265975678836,0.10600191954784911,0.1398800897533368,0.22990495691952528,0.5367283114785529,5.8656902115513545e-05,random
0.5190474051148418,0.15197212692893125,0.08136907119943097,0.015335918191295662,0.11831863439937267,0.011582815731358413,0.10237402843476913,0.5367283114785529,5.8656902115513545e-05,random
0.036765909628694915,0.13723075498044643,0.09732762021230645,0.028089691532585385,0.22676443268315505,0.14944292400084475,0.324378666961967,0.5367283114785529,5.8656902115513545e-05,random
0.11350911518703012,0.21362625392038107,0.21323829343413875,0.007182170196661668,0.15291198062352082,0.26833342219474104,0.031198764443526674,0.5367283114785529,5.8656902115513545e-05,random
0.37475501186266874,0.2326021468318524,0.19388415406955628,0.00508577349535392,0.0867096955314632,0.06454443094746208,0.04241878726164358,0.5366799967507216,5.876422637965194e-05,random
0.1674333117833925,0.16549042325578964,0.08083970546382954,0.11993919195303972,0.3067599015680133,0.10068511807381854,0.05885234790211688,0.5366799967507216,5.876422637965194e-05,random
0.030331742491001654,0.11227165705925854,0.03934119594968669,0.19984684280882015,0.28669045384430236,0.1489729559003619,0.1825451519465688,0.5366799967507216,5.876422637965194e-05,random
0.09125390431746465,0.15970208269563457,0.058295970751993866,0.2394586296250649,0.18229511893689182,0.14683136236371916,0.1221629313092311,0.5365833672950588,5.897941502800976e-05,random
0.11909577057430411,0.05504707121524805,0.32750977256098834,0.02933205897050409,0.22381084714288493,0.11928681702624966,0.12591766250982075,0.5365833672950588,5.897941502800976e-05,random
0.582185443917626,0.21597236800025466,0.0688399466771112,0.05059989584638866,0.02391935649864393,0.03192481728864105,0.02655817177133469,0.5365833672950588,5.897941502800976e-05,random
0.13465920458393635,0.06005506116408923,0.027555289570400734,0.09646978475936592,0.3341853859408161,0.15397353809908243,0.19310173588230942,0.5365350525672274,5.908727995727385e-05,random
0.18418055373277828,0.15663818019760684,0.19188733425163373,0.08905741276870464,0.03360020395965369,0.14328168547783457,0.20135462961178818,0.5364867378393962,5.91953256538971e-05,random
0.3618869149047279,0.2155147483556387,0.1290329745813609,0.0011985998330775692,0.25863872860792986,0.02667465255276349,0.007053381164501594,0.5364867378393962,5.91953256538971e-05,random
0.1899855213327577,0.18440923395033623,0.16695678562424265,0.08004491700263784,0.0810729323482139,0.11958193814194781,0.17794867159986372,0.5364867378393962,5.91953256538971e-05,random
0.4745422645333974,0.2589095521444045,0.03472113662336188,0.10360115459696798,0.09445994760000835,0.03265360816348773,0.001112336338372291,0.5363901083837335,5.9411960443317655e-05,random
0.056283152541608386,0.07560973632304661,0.001150643843563733,0.219869615557295,0.3109071851838667,0.1761505412281147,0.1600291253225048,0.5362934789280708,5.9629321588111685e-05,random
0.22668143533213816,0.030736107015745535,0.10073025128114949,0.08283529304688371,0.402383041664698,0.10146620338165649,0.05516766827772855,0.5362934789280708,5.9629321588111685e-05,random
0.242197496549119,0.31405391551326584,0.02620064562684788,0.003966135887400139,0.2459552098764875,0.15016050898990238,0.017466087556977136,0.5362451642002394,5.973827523032371e-05,random
0.16863822768374637,0.18325843323950122,0.08668203068044154,0.029149230589007535,0.21754863103669178,0.07107284605700111,0.2436506007136104,0.5362451642002394,5.973827523032371e-05,random
0.21796546750492435,0.047911101511031215,0.09551316857821619,0.10447977308464557,0.4183442913241715,0.0738741507478538,0.04191204724915722,0.536196849472408,5.984741128597132e-05,random
0.1971550507664232,0.1138658063872483,0.26786774180918654,0.12837379901449658,0.10036982462507907,0.0765268797590328,0.1158408976385335,0.536196849472408,5.984741128597132e-05,random
0.20718798377623068,0.14328862280721935,0.12968685522022125,0.03799785172411626,0.06385717260446763,0.04025670435274058,0.3777248095150043,0.5361485347445766,5.995673003068227e-05,random
0.08042594867292431,0.22988843458951358,0.14884846248308736,0.07269311189223307,0.08660578543863036,0.3169086865823258,0.06462957034128554,0.5360519052889139,6.017591669164233e-05,random
0.43256257361346756,0.030347507985536384,0.02495630700984875,0.0457161640764336,0.254757056106251,0.19244006652129284,0.019220324687169787,0.5360035905610826,6.028578516098531e-05,random
0.12988195150657716,0.17784088673454207,0.1039636572549919,0.052988354671067564,0.3039188059205618,0.13272292673840902,0.09868341717385057,0.5359552758332512,6.039583742558024e-05,random
0.08130514792026192,0.14957251825216045,0.11677965904953444,0.06035020862259692,0.4724632290710222,0.09897554203749168,0.020553695046932424,0.5359552758332512,6.039583742558024e-05,random
0.18247643738199498,0.11145367096113565,0.13992912554083717,0.009786203664135957,0.3002974963650534,0.04030156035205589,0.21575550573478694,0.5359552758332512,6.039583742558024e-05,random
0.35453931710703007,0.13936862574181302,0.04682011029487496,0.043499590865542906,0.20616342046342387,0.018680367846844126,0.190928567680471,0.5359552758332512,6.039583742558024e-05,random
0.45013254881990555,0.08711378764105884,0.015553981586687107,0.16028924064048666,0.10714195056046175,0.09545416616873799,0.08431432458266211,0.5359552758332512,6.039583742558024e-05,random
0.2837678563002167,0.2916420175892537,0.07789909376172836,0.03614492047186896,0.04252239029562922,0.15634410972697943,0.11167961185432372,0.5359069611054198,6.050607376289607e-05,random
0.1734474780765393,0.09712277704902894,0.042979862804656946,0.08484925901713247,0.38871068350377086,0.16285022634721572,0.050039713201655484,0.5359069611054198,6.050607376289607e-05,random
0.1815997241441294,0.21691167753299795,0.057330533740374764,0.011428169929264808,0.40181980060951417,0.10538156321250088,0.02552853083121799,0.5358586463775885,6.061649445077015e-05,random
0.32834045780209326,0.10746717549079167,0.344544161735098,0.040840570833737766,0.05285490721788078,0.04920429130146793,0.07674843561893054,0.5358103316497572,6.072709976741044e-05,random
0.29322590669707965,0.03905005577303235,0.401716258776057,0.09278414440952011,0.12332866847034743,0.04730867274796129,0.002586293126002249,0.5357620169219258,6.083788999139525e-05,random
0.16001913293294476,0.033870209543410155,0.031705220221311184,0.44941577283872425,0.12946045737673004,0.09740666230254885,0.09812254478433066,0.5357620169219258,6.083788999139525e-05,random
0.1551630182271178,0.09434343096346516,0.2665451219457609,0.012053572583286685,0.3398356462214385,0.043613458720065626,0.0884457513388654,0.5357620169219258,6.083788999139525e-05,random
0.3057876970321011,0.020483945006027394,0.1477903051732259,0.13322329673727634,0.28557648964728316,0.09696777408549392,0.010170492318592201,0.5357137021940945,6.0948865401673465e-05,random
0.5068426655913623,0.29225100758218775,0.039535360856349074,0.03532712814015438,0.08471680951046913,0.02727792987761125,0.014049098441866095,0.5357137021940945,6.0948865401673465e-05,random
0.1361226695209742,0.21382281646842363,0.058635747692258,0.02105680042588945,0.2982056374991056,0.16294012335190083,0.10921620504144831,0.5357137021940945,6.0948865401673465e-05,random
0.2955156840677278,0.07313407457672833,0.02296681754249143,0.004271769415911374,0.2447535094939738,0.0396185455694072,0.3197395993337601,0.535665387466263,6.106002627756427e-05,random
0.27291713838107257,0.04840370164939381,0.03838179031417,0.046274050307986155,0.26360457609643817,0.13073716388147835,0.19968157936946115,0.535665387466263,6.106002627756427e-05,random
0.260823830475732,0.022193516897343286,0.015502522478109957,0.009506649811100977,0.22224833099697133,0.1403273927396324,0.3293977566011101,0.535665387466263,6.106002627756427e-05,random
0.09034717050073454,0.21506841015423497,0.1642413622686994,0.06585027196641116,0.22597335957361273,0.21281671009634087,0.025702715439966526,0.5356170727384317,6.117137289875952e-05,random
0.45972323238081636,0.20579051489683678,0.054530648120871446,0.021698683274695096,0.1276373941768631,0.02196850366532588,0.10865102348459145,0.5355687580106003,6.128290554532216e-05,random
0.11899121852392597,0.14175874174247277,0.2607400581031769,0.07688868332943705,0.053855857906093506,0.25416207470669805,0.09360336568819566,0.5355687580106003,6.128290554532216e-05,random
0.5191718812901691,0.04112349590696842,0.023938846606267234,0.003048799166112072,0.18081476049615092,0.2103316351450344,0.021570581389297707,0.535520443282769,6.139462449768783e-05,random
0.08009459361125063,0.0997024776580293,0.34569059355897214,0.07220161841959268,0.08791747249864795,0.2727663391478252,0.041626905105682135,0.535520443282769,6.139462449768783e-05,random
0.11263624542739961,0.13256524653222687,0.14021542137676501,0.2888153993754948,0.07248019740871976,0.14380581854496707,0.10948167133442688,0.5354238138271064,6.161862244343423e-05,random
0.4176835695502794,0.12252195679859898,0.3646818759635512,0.03898963150211638,0.04136013403991067,0.0013961283992049,0.013366703746338578,0.535375499099275,6.173090199955185e-05,random
0.16045954014190142,0.16204499067853514,0.020683840347244232,0.14206370929789028,0.3751013679187724,0.13879841489015834,0.0008481367254983437,0.535375499099275,6.173090199955185e-05,random
0.11486038585796114,0.16101473330196509,0.12404746311477245,0.0038000237680150695,0.2964759077051459,0.06349705640312428,0.2363044298490161,0.5353271843714436,6.184336898694649e-05,random
0.4703846793455118,0.11181280268891566,0.08548501877526657,0.07303059789703421,0.07169644983467306,0.034968163394882366,0.15262228806371625,0.5353271843714436,6.184336898694649e-05,random
0.1929412223228204,0.06234008533799195,0.11431582590109582,0.03231397616889561,0.38808894715388964,0.13634900365473096,0.07365093946057563,0.5353271843714436,6.184336898694649e-05,random
0.25323326951260666,0.17318246066066134,0.1390670859088291,0.02572704252011214,0.29891990367882326,0.07391792052375971,0.03595231719520773,0.5352788696436123,6.195602368792092e-05,random
0.3748296491212994,0.27473897066546515,0.01482266048811898,0.00012758124347663917,0.2509132692706247,0.02845947636437259,0.05610839284664246,0.5351822401879495,6.218189736170089e-05,random
0.25659982023332506,0.2237305957837873,0.09160784769958341,0.2730189009924975,0.03678053164275233,0.06750016049950361,0.050762143148550785,0.5351339254601182,6.22951169009884e-05,random
0.06845093868338392,0.10192749673504277,0.25309659083943764,0.02040042329074905,0.4002187805361966,0.11896001099159775,0.03694575892359219,0.5351339254601182,6.22951169009884e-05,random
0.05922064829205547,0.11921997178600043,0.09862922184306562,0.28180285029864915,0.261207199200105,0.13149813381791156,0.04842197476221282,0.5349889812766241,6.263590973524083e-05,random
0.15551898034971923,0.1401006078028321,0.1583434991311567,0.14228187597710168,0.19401822033569857,0.044121240292007355,0.16561557611148428,0.5349889812766241,6.263590973524083e-05,random
0.30378150225150224,0.17181526443073852,0.03491689327468074,0.010025547066244606,0.2889040203653557,0.0702827299464822,0.120274042664996,0.5349889812766241,6.263590973524083e-05,random
0.28122999151094413,0.1456283538157162,0.04561365550070921,0.09371112237330767,0.2560561424377019,0.10849591089600591,0.06926482346561505,0.5349406665487927,6.274988636731818e-05,random
0.17671139575124206,0.051244976054644634,0.06857861840911589,0.09204078702323945,0.42537310362446096,0.16266102024073387,0.02339009889656319,0.5349406665487927,6.274988636731818e-05,random
0.27551226246003285,0.13153970858290961,0.22726043574459823,0.08217558674456146,0.05757599083093039,0.024694883291346396,0.20124113234562094,0.5348923518209614,6.28640529849341e-05,random
0.13960261240648222,0.31321069270364593,0.031321610031371114,0.03150304397919483,0.08669359335572703,0.318667540688453,0.07900090683512585,0.53484403709313,6.29784098737817e-05,random
0.29568449508686523,0.1869568379273309,0.07457763477101471,0.10042838571716907,0.15128387563630102,0.030096353975853224,0.1609724168854658,0.53484403709313,6.29784098737817e-05,random
0.18140845033123756,0.05178435804715909,0.10523654182913947,0.04272311966241792,0.4527246822053865,0.10373990235235266,0.062382945572306815,0.53484403709313,6.29784098737817e-05,random
0.09101012857038068,0.17403870121032694,0.07840953823650355,0.07312004844924648,0.0914709825265737,0.17362778773700516,0.3183228132699634,0.5347957223652987,6.309295731993124e-05,random
0.2229897926208053,0.08922881098886962,0.3708333523523008,0.06078623603283078,0.06754888409995341,0.16068295879654634,0.027929965108693916,0.5347474076374672,6.320769560983414e-05,random
0.1977224990949918,0.06074199478245843,0.05002166359503917,0.06228720933208677,0.3580174648903811,0.16950066952334467,0.1017084987816982,0.5346990929096359,6.332262503031887e-05,random
0.3557396545098359,0.10095935703245258,0.061455464131713086,0.019450818014003245,0.21890891026610126,0.06061742711504785,0.18286836893084615,0.5346990929096359,6.332262503031887e-05,random
0.20000189602826146,0.1925651978347227,0.00046693208363614524,0.10154696561597688,0.3100466149741112,0.1017428187724148,0.09362957469087674,0.5346990929096359,6.332262503031887e-05,random
0.40908383789542513,0.11041708664712616,0.07578994640930678,0.044693621892937366,0.23346791872621012,0.029559389021305803,0.09698819940768863,0.5346990929096359,6.332262503031887e-05,random
0.1323760847662666,0.0462942789017067,0.14580577409927997,0.18154017577095138,0.2512210449290615,0.007504571043289006,0.23525807048944478,0.5346507781818045,6.343774586859561e-05,random
0.2705216832384323,0.042366092399524824,0.10340680753983933,0.3108891937610502,0.1874799898744635,0.02034523254431415,0.06499100064237581,0.5346024634539732,6.355305841225438e-05,random
0.1281263166845676,0.14201076858582112,0.22312485524653483,0.08701336540947885,0.3144006030046288,0.0776234583794938,0.02770063268947493,0.5346024634539732,6.355305841225438e-05,random
0.23202704968454782,0.09813488345753264,0.2907216316416425,0.07606306007516493,0.09578055845135804,0.04687772837848668,0.16039508831126742,0.5345541487261418,6.366856294926625e-05,random
0.036379236985982666,0.19703506286831404,0.16736841804253233,0.06738977593224448,0.1637877439468606,0.30272262586007115,0.06531713636399473,0.5345541487261418,6.366856294926625e-05,random
0.19428489006247968,0.043854770399563724,0.3403492267725786,0.20101364963817653,0.0684750737646233,0.10611507561052795,0.0459073137520501,0.5345541487261418,6.366856294926625e-05,random
0.08562427992302397,0.03695368429783926,0.13882306976016015,0.3655224015064128,0.08190012796453804,0.07027113236113201,0.22090530418689375,0.5345058339983105,6.378425976798243e-05,random
0.31955355107039163,0.09967135594829785,0.11394107945681482,0.11147932303534729,0.2755444105583285,0.031961487920616455,0.04784879201020337,0.5344575192704791,6.390014915713744e-05,random
0.30711705720659943,0.04122772971999797,0.05071935790594406,0.016664501677447634,0.36059850617232536,0.09334852449038798,0.13032432282729753,0.5344092045426477,6.401623140584715e-05,random
0.3806551102652094,0.2767967335341558,0.10113342426054962,0.05285834971266424,0.11863810054443075,0.0427836551710415,0.027134626511948652,0.5343125750869852,6.424897564030485e-05,random
0.2465919551343551,0.18202840232882764,0.2226771916318304,0.021696180130909612,0.2781660122761139,0.009058357215265262,0.039781901282698096,0.5343125750869852,6.424897564030485e-05,random
0.13562631515293722,0.11440826200026726,0.06395441892598108,0.07749533630816764,0.26471309357079753,0.07246589924847377,0.2713366747933754,0.5343125750869852,6.424897564030485e-05,random
0.02849960192531427,0.18919803918857825,0.1170091155059562,0.08190365402249238,0.3033368469374075,0.22445118141858056,0.055601561001670935,0.5342159456313224,6.44824947919406e-05,random
0.4276846689815304,0.13645262863266402,0.014123317116394475,0.10987727964170789,0.12314193953484316,0.08520743605747778,0.10351273003538236,0.5342159456313224,6.44824947919406e-05,random
0.3647908733376509,0.06741082317447056,0.09919209522750563,0.008889686568520933,0.1684500276083645,0.009049474091136631,0.28221701999235066,0.5342159456313224,6.44824947919406e-05,random
0.3003989029304959,0.28636034793357595,0.0761976575075526,0.0625918228368177,0.017221864109628615,0.13619781146548618,0.1210315932164429,0.5341193161756597,6.471679118747833e-05,random
0.17410606783454147,0.14414909037134616,0.056110517242245084,0.09115289010173003,0.2509056455335965,0.08170408482082782,0.20187170409571298,0.5341193161756597,6.471679118747833e-05,random
0.3796277195528253,0.23957043773327444,0.007914403783789034,0.03272514151641531,0.20928106529068305,0.1037153038088939,0.02716592831411882,0.5341193161756597,6.471679118747833e-05,random
0.19917966038093007,0.014867446432843599,0.04923755303197845,0.19196896273088648,0.3018551601045059,0.18801787154952482,0.05487334576933059,0.5339743719921656,6.506969821796058e-05,random
0.5060991946911955,0.019957999747134532,0.040093258274827286,0.057483636122881904,0.16512558285584247,0.049331352429490785,0.16190897587862751,0.5339743719921656,6.506969821796058e-05,random
0.3804406658460788,0.01604002724977347,0.04025795240046207,0.047761740815861646,0.1869011905785542,0.15692019406144248,0.1716782290478274,0.5339260572643343,6.518772504794472e-05,random
0.13115115492733426,0.145831418824399,0.2682593587631781,0.11658252717958635,0.11868907274160033,0.18571384317021378,0.03377262439368832,0.5339260572643343,6.518772504794472e-05,random
0.37354655701862843,0.0760458465364258,0.08271978401941986,0.0618357692815379,0.27657328829479466,0.07635639346092743,0.052922361388266025,0.5339260572643343,6.518772504794472e-05,random
0.18006585705241146,0.1608788241105527,0.09966672174775427,0.31665233769325374,0.08035755151376994,0.05908718032972698,0.10329152755253085,0.5338777425365029,6.530594794309673e-05,random
0.09178476825001446,0.19595664297894605,0.19536448112643562,0.015860405944814148,0.23565397703836993,0.19869646036280894,0.06668326429861099,0.5338777425365029,6.530594794309673e-05,random
0.06242261139902741,0.16126816191124096,0.08850307107007374,0.3943438711177494,0.04463563071022756,0.23578731883447873,0.013039334957202144,0.5338294278086715,6.54243671971509e-05,random
0.26730828737336926,0.04061533058829503,0.05245976202070834,0.08158582029703104,0.24360711689685535,0.06937377249539677,0.2450499103283441,0.5336361688973461,6.590001369064652e-05,random
0.06509647546532807,0.16863389589122924,0.07196109239363578,0.24844656859045477,0.17598901429011404,0.17548200611648945,0.09439094725274859,0.5335878541695147,6.601941915880674e-05,random
0.19899923746546208,0.12813232145051842,0.11170970491038863,0.048820684691989205,0.33178422217889536,0.05237866886195684,0.12817516044078953,0.5334429099860206,6.637882552628566e-05,random
0.18606113381458503,0.13869012408529105,0.20890879247043811,4.800852101589446e-05,0.29177695742216475,0.02963904726467414,0.14487593642183094,0.5334429099860206,6.637882552628566e-05,random
0.24125132285581927,0.05587567452171664,0.056510122387001115,0.045537086309356246,0.37536890539652057,0.15309526999572456,0.07236161853386153,0.5333945952581893,6.649902529260455e-05,random
0.19396594501806172,0.2713219154298507,0.06405058279097826,0.11791189006773142,0.17637798224686319,0.15722314537068993,0.019148539075824644,0.5333462805303579,6.66194243765608e-05,random
0.30518814142044526,0.060899356602449446,0.3983946206263406,0.004096029446492712,0.08210732239521118,0.05663349662255581,0.09268103288650496,0.5333462805303579,6.66194243765608e-05,random
0.03652066503848049,0.12265849960898687,0.2799839145418629,0.0023877776429880953,0.27148896497057273,0.2302300152410386,0.05673016295607029,0.5333462805303579,6.66194243765608e-05,random
0.49306514456345707,0.23312508893831144,0.036971373439626344,0.025867513347838326,0.17306090153795675,0.003469409572184971,0.03444056860062505,0.5332979658025265,6.674002307617746e-05,random
0.30275076623038955,0.042778361169141604,0.042105584574453056,0.301950612191888,0.1494587497519548,0.15083603723836403,0.010119888843808805,0.5332979658025265,6.674002307617746e-05,random
0.3012847735095314,0.0157673454925392,0.10405576871045424,0.16658277805801835,0.1856282447309469,0.06162254738753097,0.1650585421109789,0.5331530216190324,6.710301985509988e-05,random
0.17008974802573387,0.044137907677183064,0.24069349502042225,0.38044603686600614,0.0852319617019546,0.041815587349835925,0.03758526335886421,0.5331047068912012,6.722442000543602e-05,random
0.27607535454612614,0.016042328109243182,0.0171965606694672,0.1269388953354422,0.24733903098524523,0.2849234189591035,0.03148441139537252,0.5331047068912012,6.722442000543602e-05,random
0.42340997229308486,0.24415098231405416,0.07707627729099048,0.0005755843157985061,0.1508114567630136,0.03269032669240083,0.07128540033065742,0.5330563921633698,6.734602126744007e-05,random
0.13148792284124644,0.10856785368044133,0.026785932525814144,0.11798018942648207,0.42387056436942205,0.1480495167747352,0.043258020381858865,0.5329597627077071,6.758982832838209e-05,random
0.29076146393459157,0.03116978814620598,0.12369627008992075,0.140222343916294,0.31224034365563974,0.07272741229726493,0.029182377960082998,0.5329597627077071,6.758982832838209e-05,random
0.42900863670170775,0.2200540933097115,0.032055526543503736,0.032633143206847084,0.18190883151689025,0.03345881859108549,0.07088095013025414,0.5329597627077071,6.758982832838209e-05,random
0.15296601401520696,0.05676409252400813,0.3295900932146903,0.0322765642965633,0.1497893034727491,0.10873284854008251,0.16988108393669948,0.5329114479798757,6.771203472927306e-05,random
0.018016726446286775,0.059936464005337364,0.0011555066681035427,0.45712502024874924,0.1269000607604839,0.3296676242536374,0.007198597617401743,0.5329114479798757,6.771203472927306e-05,random
0.009626577796665788,0.1888368455860822,0.06991307210355656,0.03133135650575977,0.3436056838707316,0.22329703322300098,0.13338943091420308,0.5328631332520443,6.78344434457392e-05,random
0.045920438580455185,0.14021458653548513,0.35042791281063707,0.01717081984787547,0.05702305125104411,0.37130979211177767,0.01793339886272529,0.5328631332520443,6.78344434457392e-05,random
0.23754890577701152,0.28660636104498394,0.04869341458871067,0.11849907958651734,0.022535837354792924,0.2046108346685177,0.08150556697946602,0.532814818524213,6.795705477974691e-05,random
0.3234191647755597,0.3181034219284222,0.05476202105927145,0.044131761965303315,0.06427535263756395,0.15208137989242254,0.0432268977414571,0.5326698743407189,6.832610751264482e-05,random
0.28387564414799776,0.008397035547305566,0.10715019172071295,0.017118766193812016,0.20617102000773657,0.05551907777913874,0.3217682646032963,0.5326698743407189,6.832610751264482e-05,random
0.18358546370545795,0.17726350764728044,0.118029998146928,0.2531542852609975,0.07392503976443962,0.08625867608782534,0.1077830293870714,0.5326698743407189,6.832610751264482e-05,random
0.2850646015030433,0.15382695355184037,0.29417358226286083,0.004115100960074159,0.1964181269135716,0.016539531125238198,0.04986210368337163,0.5326698743407189,6.832610751264482e-05,random
0.272247559910182,0.07064412481645486,0.12914223894953814,0.05644883941584547,0.29006364243972227,0.1130093879077254,0.06844420656053185,0.5326215596128876,6.844953234443108e-05,random
0.3068101887688515,0.021343554903201143,0.11125426877106406,0.20784915192618333,0.22483613358984547,0.07953035783013652,0.048376344210718,0.5326215596128876,6.844953234443108e-05,random
0.0413898548574739,0.153773640445637,0.13282511766116303,0.15049387581560608,0.3341288180271334,0.1764834771638351,0.010905216029151465,0.5326215596128876,6.844953234443108e-05,random
0.24396475392491954,0.12472956977319326,0.06011115800198918,0.002511492381512141,0.4042452173398792,0.0935116863929706,0.0709261221855362,0.5326215596128876,6.844953234443108e-05,random
0.4922508000429265,0.05114305795974797,0.005359792804097702,0.22654449565175364,0.00986272249007765,0.0806434462831155,0.13419568476828123,0.5325249301572249,6.869699471236916e-05,random
0.0384191906345216,0.17412878727771122,0.2004949703714553,0.0003190046036316344,0.10347999238005647,0.32248874918435255,0.16066930554827116,0.5325249301572249,6.869699471236916e-05,random
0.2597954911757634,0.02825665431440297,0.02015632289398329,0.3758396936689496,0.09747392223802914,0.06546496211751976,0.15301295359135178,0.5325249301572249,6.869699471236916e-05,random
0.539308773800182,0.0012659058307730817,0.0031276862507628313,0.17513107341926867,0.03965954622735714,0.10248672090365202,0.13902029356800416,0.5324766154293935,6.882103285762932e-05,random
0.5420180188100975,0.20230780136929227,0.016961767824114952,0.06724349490005649,0.09535248964720223,0.05728090893032812,0.018835518518908485,0.5324283007015621,6.89452760504887e-05,random
0.34241530146867455,0.20618281890102477,0.193353760465728,0.009483836453037043,0.07010705627431028,0.04518810637712217,0.13326912006010305,0.5324283007015621,6.89452760504887e-05,random
0.3712278468017023,0.026014742516146553,0.03483542816877702,0.00791953126360407,0.31070045851074957,0.15964533221985383,0.0896566605191668,0.5324283007015621,6.89452760504887e-05,random
0.27803452852607685,0.24393271305747694,0.1696700646754403,0.04923817530809236,0.07843035757337832,0.11725432511234914,0.06343983574718613,0.5324283007015621,6.89452760504887e-05,random
0.08428881159448176,0.18739087050733186,0.0826040261560218,0.054514739350326635,0.17448576746364142,0.16268086331286147,0.254034921615335,0.5324283007015621,6.89452760504887e-05,random
0.1263595691006452,0.20866099421641068,0.16227210036654197,0.11934692560807672,0.10113822735379724,0.2242844534938383,0.05793772986068993,0.5323799859737307,6.906972459650164e-05,random
0.15312671049209756,0.05075600988887957,0.03779513524636159,0.42221689983930827,0.2664112236078819,0.0525566991291845,0.01713732179628674,0.5323799859737307,6.906972459650164e-05,random
0.3483294175959235,0.206245146964246,0.12828643420812894,0.06354125830444682,0.20395718124556425,0.031754724839767975,0.0178858368419226,0.5323799859737307,6.906972459650164e-05,random
0.08957139238353054,0.1409704812302764,0.15978223223846535,0.01746198197976536,0.4219649787507202,0.12002347563716192,0.050225457780080036,0.5323316712458994,6.919437880162264e-05,random
0.24656470174531317,0.07334146405375101,0.2122079174527957,0.058296739224513616,0.30441778749124526,0.06410093318968356,0.041070456842697646,0.532283356518068,6.931923897220863e-05,random
0.09907500742272457,0.09658606370149977,0.15884244748163498,0.12733604897566247,0.3350759168236732,0.10027265380357067,0.08281186179123429,0.532283356518068,6.931923897220863e-05,random
0.26655916287566045,0.12250808307335981,0.026223127924139795,0.002497798235948246,0.18127273938160848,0.03634870430658666,0.36459038420269646,0.532283356518068,6.931923897220863e-05,random
0.31256124468360325,0.1438298168726243,0.06255315886946279,0.12458868866382909,0.2673750125593414,0.05177367162148216,0.037318406729657104,0.5322350417902367,6.944430541501727e-05,random
0.4981080396677137,0.001059382527583426,0.054830773514437915,0.034261700631249316,0.15873438809647997,0.03314230209676528,0.2198634134657705,0.5321867270624053,6.956957843720956e-05,random
0.26729110508793147,0.23601024430041548,0.02524070713062584,0.12867047684228328,0.1709156628624202,0.11390604800962599,0.05796575576669758,0.532138412334574,6.969505834634696e-05,random
0.09572048615625053,0.058558673981619035,0.2184860430257698,0.10319535688847804,0.10916499877211754,0.07535539813193354,0.33951904304383157,0.5320900976067426,6.982074545039674e-05,random
0.15661840810331443,0.12542890339666776,0.16122012996901675,0.06090648809373521,0.1309111778378502,0.025185952905138875,0.3397289396942767,0.5320417828789112,6.994664005772705e-05,random
0.23392004814288397,0.04988378433863501,0.1850702794270639,0.034174383251817826,0.37771155164411624,0.048915633737062356,0.0703243194584208,0.5319934681510798,7.007274247711186e-05,random
0.2411764890652847,0.007680809942517043,0.09647163417661185,0.14429712848019408,0.2898036732355253,0.06358754950823631,0.15698271559163082,0.5319934681510798,7.007274247711186e-05,random
0.3837606330957437,0.07896794360383903,0.0909758084907005,0.19810613118168238,0.1454894688869515,0.0445310901367321,0.05816892460435064,0.5319934681510798,7.007274247711186e-05,random
0.560763399009361,0.13492257068624092,0.04298042839811313,0.060256501971876326,0.0025441194212613033,0.07530929432405967,0.1232236861890877,0.5318968386954172,7.032557198915973e-05,random
0.20958769245519862,0.18585873138802372,0.27477230195197194,0.006788650242275149,0.21006887540088537,0.10412794426938358,0.008795804292261601,0.5318968386954172,7.032557198915973e-05,random
0.6821620763992609,0.13810729087949375,0.03239424835075807,0.012322868297199323,0.041285274134020035,0.04217390143165871,0.05155434050760902,0.5318485239675859,7.045229970139316e-05,random
0.19015406404032836,0.2529929012449941,0.1178377437945149,0.05524673464201224,0.19527286515744596,0.1253021160762766,0.06319357504442796,0.5318485239675859,7.045229970139316e-05,random
0.13817215465731192,0.03531586005550537,0.15225303370488422,0.09974141059781497,0.37835989851623847,0.08499910942491028,0.11115853304333469,0.5318485239675859,7.045229970139316e-05,random
0.17421559259775343,0.05088756576317093,0.08100432716234239,0.07982091443393215,0.25377005617684895,0.08666645298992608,0.27363509087602605,0.5317518945119231,7.07063825902478e-05,random
0.25726540729959474,0.20748099646898385,0.0800359340241833,0.08086694788499109,0.2697816897964838,0.0008235462547393821,0.10374547827102377,0.5317035797840918,7.083373838887416e-05,random
0.07898854925684058,0.08188769186462025,0.31841854996201036,0.027972895337299374,0.20587434412337946,0.1634671820567924,0.12339078739905737,0.5317035797840918,7.083373838887416e-05,random
0.20359963896977523,0.11750105918152179,0.17681192593367093,0.12873503545172327,0.10826376745245349,0.012222341677154082,0.25286623133370106,0.5317035797840918,7.083373838887416e-05,random
0.1911755986737676,0.24654871152072155,0.03315848507454553,0.03504115953152206,0.13514681848750368,0.13818676955879677,0.2207424571531428,0.5316069503284291,7.108908025259508e-05,random
0.22034540447021347,0.22108782214445846,0.0658828677108419,0.07084546697216595,0.3063590149625304,0.09104685594105917,0.024432567798730605,0.5315586356005977,7.121706694213882e-05,random
0.2642917229191681,0.07793805373577194,0.03124144554654548,0.27074011605612947,0.1162480563414157,0.0624473767099493,0.17709322869102012,0.5315103208727663,7.13452645537853e-05,random
0.09460016100415454,0.05053284312394904,0.04029268176328572,0.26557369793883506,0.16249438192474827,0.008049718245289302,0.3784565159997381,0.5315103208727663,7.13452645537853e-05,random
0.2652691139587702,0.14106871093765438,0.06219005041453527,0.03743792223375876,0.09829062869280394,0.01369077649933304,0.38205279726314434,0.5314620061449349,7.147367340078049e-05,random
0.05585824211863277,0.13452678254118425,0.0424114176103294,0.131896103354609,0.3193394597847189,0.11335052747670493,0.2026174671138208,0.5314136914171036,7.160229379677983e-05,random
0.09917646695705316,0.2661644254563639,0.0453469514488511,0.08234795974305346,0.16406584088780168,0.29917521345673576,0.043723142050140905,0.5314136914171036,7.160229379677983e-05,random
0.15294342698467803,0.012643193009815798,0.12432609891040866,0.007057008582764158,0.5637714889935748,0.12991632615322782,0.009342457365530686,0.5314136914171036,7.160229379677983e-05,random
0.3248866742884746,0.3080767616474448,0.1232506347558742,0.013958581363534622,0.10882358989040783,0.11009542192261115,0.01090833613165274,0.5314136914171036,7.160229379677983e-05,random
0.10057553845893051,0.1554533764650454,0.15963734823634176,0.1666867528407118,0.10422950136453311,0.16355018170082233,0.14986730093361506,0.5313653766892722,7.173112605584928e-05,random
0.09391564881602141,0.19869476501809688,0.00707861794361948,0.020938887273200563,0.4289998279411689,0.19328852303511895,0.05708372997277386,0.5313653766892722,7.173112605584928e-05,random
0.11942693811001842,0.22173977211265689,0.12243129081547782,0.002473844463760405,0.18548843178433294,0.17719325082863555,0.1712464718851181,0.5313170619614409,7.186017049246356e-05,random
0.1924835055822078,0.04995313197531836,0.329639757615841,0.14805383623270754,0.23582285575826945,0.01973084859794565,0.024316064237710208,0.5313170619614409,7.186017049246356e-05,random
0.049878562445684275,0.07246606106868259,0.3586486403155859,0.018760220965443632,0.17467720144104842,0.23547544641191653,0.09009386735163874,0.5313170619614409,7.186017049246356e-05,random
0.10073762755277832,0.09003651216146732,0.20295422470864946,0.00807874330564839,0.37015007181233456,0.07085776466320425,0.15718505579591768,0.5313170619614409,7.186017049246356e-05,random
0.12030094500408818,0.06059170899033125,0.02300536544192289,0.17677839180959365,0.2288360528201618,0.07495730272472326,0.3155302332091789,0.5312687472336095,7.198942742151041e-05,random
0.33061290436754825,0.07101095412874081,0.00809304985421715,0.0994822596188093,0.23855633452361164,0.14624675460153108,0.10599774290554166,0.5312204325057781,7.21188971582862e-05,random
0.47613502553488174,0.005411182711530723,0.06389699714712659,0.08649224494658951,0.20050858610769792,0.08396502600923526,0.08359093754293821,0.5312204325057781,7.21188971582862e-05,random
0.35106195212851316,0.2746977118709744,0.04624209520564276,0.16103435655257264,0.09708000698669172,0.05668331741703798,0.013200559838567496,0.5311721177779468,7.224858001849945e-05,random
0.3131639539634948,0.07591910644070735,0.11044143702725946,0.1437864533304025,0.25371647860187596,0.08090279844796669,0.022069772188293223,0.5310271735944527,7.263891050304291e-05,random
0.056071154802074315,0.1247430831565443,0.23102846246956915,0.18541848523011625,0.20870010223685653,0.18857074860372477,0.005467963501114661,0.5308339146831274,7.316235410246522e-05,random
0.21220186370605842,0.05082768771644917,0.13331436675076253,0.06304570474253503,0.43257812860614037,0.09998766439271135,0.008044584085343191,0.5308339146831274,7.316235410246522e-05,random
0.28023960141410864,0.09117604890023663,0.28519737770655096,0.2161778210896335,0.02436079022091069,0.04318058510100136,0.05966777556755828,0.530785599955296,7.329375336524981e-05,random
0.24715388550391063,0.14329354858401608,0.05093863656487552,0.3783977084678592,0.08818221335636461,0.07249923345071889,0.01953477407225507,0.5307372852274647,7.342536861145033e-05,random
0.21923683853004497,0.1624382609713912,0.3028544594818928,0.015728898247147335,0.18335967033081205,0.0976287709934135,0.018753101445298046,0.5306889704996333,7.355720016091719e-05,random
0.29530810918002326,0.17084905321110114,0.04475938218145639,0.003958594319370799,0.32253113424899743,0.08524161610651891,0.0773521107525319,0.530640655771802,7.368924833391622e-05,random
0.20767302389459097,0.2098171378482448,0.0515741385357826,0.0905941816088858,0.17622685152523956,0.06596859431084127,0.19814607227641495,0.5305923410439705,7.382151345113199e-05,random
0.3146182879002812,0.09746244118916174,0.013991955695732295,0.06439412873170625,0.09540243311036675,0.055698505581297617,0.35843224779145416,0.5305923410439705,7.382151345113199e-05,random
0.09479922970786131,0.08546513658040651,0.29511220798838234,0.007362128855575354,0.336149788201936,0.07505358307429603,0.10605792559154241,0.5305923410439705,7.382151345113199e-05,random
0.18522517518826173,0.16343617380488462,0.045778734365124245,0.05696861304951721,0.3500468317298332,0.06871111590544092,0.12983335595693807,0.5304957115883078,7.408669580303408e-05,random
0.44238981932383886,0.2569957261178002,0.021234743220843573,0.03460756601658156,0.041450601215891135,0.017645097296211557,0.18567644680883327,0.5304957115883078,7.408669580303408e-05,random
0.5167877590649606,0.04020664244072292,0.13716525183777029,0.023214510999918177,0.17506225155613767,0.027724634418676824,0.0798389496818137,0.5304957115883078,7.408669580303408e-05,random
0.16576302281645008,0.0811892675626621,0.0029282924426824912,0.10064393267230737,0.37918170501785986,0.2680854835753922,0.0022082959126459704,0.5303990821326451,7.435274979045139e-05,random
0.10832188679794577,0.16068169064503826,0.003438160522685105,0.13788632595718397,0.2689279921308583,0.11925858500012022,0.20148535894616842,0.5303024526769824,7.461967799391391e-05,random
0.22030091965515727,0.03078802770880598,0.02318195913428993,0.1496147819505925,0.27451304637449575,0.20440343809313255,0.09719782708352606,0.5303024526769824,7.461967799391391e-05,random
0.23223833595033788,0.034239560632368084,0.03933325600923332,0.16011799918100053,0.1744090371208407,0.05359910871637326,0.3060627023898461,0.530254137949151,7.475347073491437e-05,random
0.2538720556930035,0.23094341146971367,0.12062130997708188,0.10432995833892333,0.151645173281658,0.053546254492164956,0.08504183674745464,0.530254137949151,7.475347073491437e-05,random
0.4449579435714727,0.08722233544259479,0.017224054367255975,0.1330159599901432,0.21314889484567345,0.08686596800403523,0.01756484377882487,0.530254137949151,7.475347073491437e-05,random
0.23147572059497204,0.08928119832694406,0.013231532418092771,0.06586288209659054,0.15882518502402632,0.06934819301326033,0.3719752885261138,0.5302058232213197,7.488748300066907e-05,random
0.26358782095401334,0.22759508008887364,0.021854504224514418,0.054481832206019744,0.30354219174318026,0.04816270781300884,0.0807758629703896,0.5301575084934883,7.502171511563644e-05,random
0.22203317533659842,0.13709099522640802,0.30243433965211297,0.007620499839610064,0.054772090812023035,0.1777366348515262,0.09831226428172117,0.5301575084934883,7.502171511563644e-05,random
0.04468296294311822,0.10414218428894137,0.057680046439725366,0.18917762566469265,0.4134887718264196,0.1387084355717421,0.052119973265360664,0.5301575084934883,7.502171511563644e-05,random
0.18930452098021902,0.11941692014932714,0.0004295508049663376,0.20362512419521828,0.12684688533705374,0.07223142688187578,0.28814557165133964,0.5301575084934883,7.502171511563644e-05,random
0.19352762879229313,0.26035692861859694,0.02797673675289414,0.09818583289158093,0.18904773855975981,0.1546951510433356,0.0762099833415396,0.5301091937656569,7.51561674046959e-05,random
0.08839401361179051,0.156547125047094,0.08407311320143147,0.16539022108547308,0.28752990511810905,0.12691394901740433,0.09115167291869745,0.5300608790378256,7.52908401931488e-05,random
0.618685870343123,0.17277900904417762,0.01910252933385252,0.01765884227942016,0.03258567870374296,0.07156215192728567,0.06762591836839808,0.5300608790378256,7.52908401931488e-05,random
0.21099526839867752,0.055152104648913826,0.12138060533291462,0.016700412786794114,0.47144733720591264,0.09817761355759043,0.026146658069196648,0.5299642495821628,7.556084857155528e-05,random
0.0932822682963454,0.14426188345428406,0.15781130531699059,0.14829063840184104,0.09845623663160383,0.13941070843808664,0.21848695946084856,0.5299642495821628,7.556084857155528e-05,random
0.34442647386820635,0.17846645037722164,0.014506919648035636,0.32021113672881846,0.008843414109267186,0.07056551986326076,0.06298008540519008,0.5298676201265001,7.583174286172943e-05,random
0.30753778828916445,0.24384589832858924,0.03476429356860597,0.035914182340822144,0.254605302689709,0.09194827440846626,0.031384260374642946,0.5298676201265001,7.583174286172943e-05,random
0.06233425366104477,0.020949985680970264,0.21800049495470075,0.21005345343200263,0.3940516415655269,0.09112004801682301,0.00349012268893165,0.5298193053986688,7.596752304148157e-05,random
0.37538335039770276,0.1564940758769962,0.052826876185055494,0.04680070936144473,0.2745624677254552,0.043277372714062595,0.05065514773928293,0.5298193053986688,7.596752304148157e-05,random
0.24303588791597505,0.2511180230904743,0.17864220693783278,0.010866026226987218,0.09683786597900883,0.14439409918461846,0.07510589066510322,0.5296743612151746,7.637619965480652e-05,random
0.34612755356373215,0.2432220704522953,0.10094617025662801,0.11644930067959765,0.048210601936898224,0.024677527049736733,0.12036677606111175,0.5296260464873433,7.651287164625484e-05,random
0.15879891697500173,0.1888378483655826,0.18370994255474032,0.10364545738900478,0.29846323950131926,0.048627588461698804,0.017917006752652703,0.529577731759512,7.664976741343268e-05,random
0.28825720425592255,0.06626984051804825,0.027686325926223845,0.05967112390991815,0.3329699332466842,0.20648064828537496,0.01866492385782783,0.529577731759512,7.664976741343268e-05,random
0.2131784696089882,0.19244301949124432,0.11972567892601158,0.029911773330301344,0.3531144973611016,0.02523951049023567,0.06638705079211729,0.5295294170316807,7.678688728631412e-05,random
0.40595062851848857,0.10533326679517549,0.08047267108061856,0.020098108070172923,0.2998685160815507,0.03711985636985451,0.051156953084139214,0.5294811023038494,7.692423159530341e-05,random
0.1730723875494027,0.10623194312995606,0.11125336872955575,0.08424642970578343,0.2864691801470256,0.04467311507584989,0.19405357566242665,0.5294811023038494,7.692423159530341e-05,random
0.2254598840823054,0.16194727143039755,0.29139376571073405,0.06849586438427108,0.02026717654599785,0.18403659548154644,0.048399442364747684,0.5293844728481866,7.719959484535997e-05,random
0.6828137221455028,0.13674325594334222,0.0432991837899687,0.04045706747799952,0.03638407172577913,0.025249548958085868,0.03505314995932187,0.5293844728481866,7.719959484535997e-05,random
0.23405589467909776,0.08453096065488504,0.02278266894332021,0.11755715993281345,0.18505557808158513,0.074711086210114,0.2813066514981844,0.5293361581203553,7.733761444937611e-05,random
0.11363872962503273,0.22127911141099113,0.021646590487186333,0.07907737973108366,0.15175348016254137,0.20513511546400506,0.20746959311915972,0.5293361581203553,7.733761444937611e-05,random
0.10153837320686473,0.1866570451107637,0.06211078848619957,0.028433418846248552,0.22876344956039849,0.14892370966771137,0.24357321512181349,0.5292878433925239,7.747585981539935e-05,random
0.16316122035939215,0.25269842840677786,0.15771967581688026,0.07180245638808994,0.015494763692223289,0.284804334737714,0.05431912059892242,0.5292878433925239,7.747585981539935e-05,random
0.36156497050424036,0.1653783930502613,0.017746211819038068,0.006758141933122327,0.29421715284494676,0.02135010975894151,0.1329850200894496,0.5291912139368612,7.775302916409306e-05,random
0.25297425211951236,0.03966568677782533,0.0447687814177926,0.33986263249797405,0.19362231153667095,0.1084184239916936,0.02068791165853114,0.5291912139368612,7.775302916409306e-05,random
0.20687961014123354,0.21839479791658784,0.021434980929754766,0.055322590844416306,0.13786645136047043,0.08023446804412954,0.27986710076340754,0.5291428992090298,7.789195381315341e-05,random
0.3435070812395799,0.17567053449636572,0.051429427566646424,0.11466116217823034,0.24867275475796208,0.02520954915452488,0.04084949060669053,0.5291428992090298,7.789195381315341e-05,random
0.2783178630711642,0.221931805529579,0.07405608372091498,0.20102426260139744,0.04202745241625509,0.0053802688387925325,0.17726226382189686,0.5290462697533671,7.817048472990859e-05,random
0.1144286303334585,0.06983887843998844,0.09021148379567617,0.07771017211810495,0.26101578243151,0.0524937204233289,0.3343013324579329,0.5289496402977044,7.844992670216525e-05,random
0.19750163452672662,0.21163771512625315,0.030863774779031045,0.043091072496231314,0.3852488522424541,0.1130719671801243,0.0185849836491794,0.528901325569873,7.858999017222457e-05,random
0.1824353662589525,0.05498887120101827,0.35440737066520933,0.015401525720289674,0.04984754676293199,0.1285455682711062,0.21437375112049206,0.528901325569873,7.858999017222457e-05,random
0.3141841306577228,0.04499176349329794,0.11859927579153334,0.019041353388747698,0.19406619008837378,0.037733242440961594,0.27138404413936273,0.5288530108420416,7.87302824127686e-05,random
0.16889784270414587,0.09656334973621847,0.0053726186893301746,0.012289154740712613,0.46445169667637987,0.20397731157754187,0.04844802587567121,0.5286597519307162,7.929374581511363e-05,random
0.37931912882094554,0.3061299668810934,0.017789871196963177,0.05924288467482112,0.02501889065436799,0.08846236411902296,0.12403689365278582,0.5286114372028848,7.943518696338497e-05,random
0.5211670525194111,0.3140221573695519,0.019217057419773906,0.014066715039755123,0.0949342401576471,0.011684301842146024,0.024908475651714845,0.5285148077472221,7.971876198595223e-05,random
0.18763807535347543,0.18320796478534138,0.10727718452932863,0.15352964751638476,0.20061388911951128,0.010635185969835145,0.15709805272612315,0.5285148077472221,7.971876198595223e-05,random
0.17754363586976593,0.0965237034796967,0.30911589420003144,0.02093281927786621,0.05082338494185272,0.16505307791792967,0.18000748431285743,0.5284664930193907,7.986089653879843e-05,random
0.15059988961043574,0.0963753970388274,0.025351997508189752,0.07617284328310468,0.4379496497987981,0.16272852524995432,0.050821697510690024,0.5284664930193907,7.986089653879843e-05,random
0.06308120109271373,0.12295391215211271,0.18945429232596347,0.008064427299544489,0.4323315833194177,0.08200139987706918,0.10211318393317888,0.5284181782915595,8.00032629057819e-05,random
0.39256820268431136,0.006335356785680835,0.05979753650910173,0.12775167357098133,0.23034831614190357,0.14233483442739123,0.040864079880630025,0.5283698635637281,8.014586142727334e-05,random
0.0755794213966264,0.053735834645185006,0.27172491585885444,0.23806885168831815,0.08645309560847271,0.1449473978505103,0.1294904829520328,0.528224919380234,8.057505332908134e-05,random
0.19994283542358218,0.1260484146522967,0.31693404631773026,0.0228634214187826,0.26420800542499695,0.05781285346013925,0.012190423302472048,0.5281766046524026,8.07185838810915e-05,random
0.3405958687308605,0.2498439401336292,0.03970996506895435,0.10584043403730299,0.10422337982150406,0.040136314548184164,0.11965009765956482,0.5281282899245713,8.086234829605424e-05,random
0.07479846730024825,0.12256651722798305,0.17376746958044245,0.076219985934523,0.41235234448111563,0.11994073230702618,0.02035448316866153,0.5281282899245713,8.086234829605424e-05,random
0.5769485405075628,0.027954579374000674,0.04562445228084898,0.08128053265257454,0.2026709302743452,0.06107109089425984,0.00444987401640788,0.5280799751967399,8.100634691698153e-05,random
0.4197113865789463,0.11760496070836748,0.07770598532798438,0.05477776692116244,0.2800132726444889,0.018551246024381626,0.03163538179466892,0.5280799751967399,8.100634691698153e-05,random
0.054219826619990655,0.12812459834829076,0.17943784602101795,0.17248774614675552,0.21690336509032204,0.15662724219993304,0.09219937557369,0.5279833457410773,8.129504815098334e-05,random
0.0730383142544745,0.12919549608924147,0.01740164806702756,0.310785061929469,0.30083790971550795,0.11009278908196413,0.058648780862315474,0.5278867162854144,8.158469033603603e-05,random
0.15170904878061492,0.0749110899535804,0.17059556741865506,0.3772477347508208,0.03844803412743415,0.08064942564904606,0.10643909931984846,0.5278867162854144,8.158469033603603e-05,random
0.21211295953142587,0.14934161308424174,0.04733695676052352,0.009818886181415095,0.45547528501232726,0.08156071778370388,0.04435358164636242,0.5278384015575831,8.17298651474367e-05,random
0.22582830080088379,0.14084601979176317,0.3099163078534937,0.04438890858074083,0.20691896536669216,0.061911492920969466,0.01019000468545695,0.5278384015575831,8.17298651474367e-05,random
0.061674079845029255,0.22907792092947116,0.12555854631950786,0.023197972260007825,0.11129861783622794,0.3117554809688496,0.1374373818409064,0.5278384015575831,8.17298651474367e-05,random
0.14481175918132208,0.2639951461100468,0.06279265193979458,0.07382173975584706,0.246935142590429,0.19953708179562063,0.008106478626939863,0.5278384015575831,8.17298651474367e-05,random
0.161665579668944,0.19885111620247542,0.017876380729844474,0.10971119815700536,0.2366635467256708,0.11140111496652609,0.16383106354953392,0.5277900868297518,8.187527623216653e-05,random
0.42974042821752156,0.15878681881421622,0.031626265092432895,0.22371345918004457,0.09117748239142515,0.039759662017121146,0.025195884287238596,0.5277900868297518,8.187527623216653e-05,random
0.056744527270670364,0.1134768326547304,0.26531116107772823,0.008595699617320643,0.3897894279695398,0.10379446599533843,0.06228788541467221,0.5277900868297518,8.187527623216653e-05,random
0.1283779135334995,0.28146333626323217,0.0951935039362152,0.09478354579194476,0.06625662844148109,0.2981011083191613,0.03582396371446595,0.5277417721019204,8.202092393633981e-05,random
0.1149511523219439,0.08933644529644437,0.004617968869781353,0.3849311134639366,0.18311095515702183,0.13003468346788752,0.09301768142298447,0.5277417721019204,8.202092393633981e-05,random
0.26861239407804927,0.18580804612901095,0.06531385082909874,0.09666342105884237,0.12120127784390156,0.047908872189071056,0.21449213787202612,0.5277417721019204,8.202092393633981e-05,random
0.12482679515239603,0.08953985622883033,0.3888917650722377,0.008730382155304575,0.16327743672697495,0.16556616579957223,0.059167598864684104,0.5276934573740891,8.216680860651618e-05,random
0.20149739672353736,0.07330076994041841,0.004140277639262342,0.4479487675249341,0.14994386514516403,0.014003547906230991,0.1091653751204525,0.5275968279184263,8.245929023334702e-05,random
0.18923169834722953,0.20884776323429718,0.05227715449943625,0.054715986172355804,0.06237285062549288,0.09727411840466148,0.33528042871652675,0.5274518837349323,8.28997986082682e-05,random
0.37023282509680155,0.15544873430973374,0.001395438407814677,0.06745920053208183,0.16408236303330712,0.060795717655552944,0.1805857209647081,0.5274518837349323,8.28997986082682e-05,random
0.31529051230609934,0.24196216023578737,0.1299000624295421,0.059880705757491826,0.1907671904326523,0.03201906505205432,0.030180303786372823,0.527403569007101,8.304711237721466e-05,random
0.5881629174461971,0.09899460066515203,0.01755058425491715,0.03456700828683055,0.10433894791408042,0.03547016700072716,0.1209157744320955,0.527403569007101,8.304711237721466e-05,random
0.06789509838958756,0.11288739532493405,0.20192899841438164,0.004234893039086165,0.44873432323332313,0.0906716450260035,0.07364764657268408,0.5273069395514381,8.334245847853662e-05,random
0.10089538876822876,0.33692087283630223,0.015046015540982453,0.04046428507638247,0.03021317518668787,0.4646748505078132,0.011785412083602948,0.5273069395514381,8.334245847853662e-05,random
0.04740156939820974,0.02564286898953354,0.13694182929511634,0.3508548106714881,0.2413265547967412,0.023381216196050977,0.17445115065286004,0.5272586248236069,8.349049151163898e-05,random
0.40688804006756996,0.018513477777897476,0.05160782985779538,0.0976136717378621,0.20847233130726517,0.0707620751405026,0.1461425741111073,0.5272586248236069,8.349049151163898e-05,random
0.3834929647644065,0.14409176632387777,0.04932343858994932,0.06520556746686446,0.2609028659220453,0.022353402292503106,0.07462999464035337,0.5272103100957755,8.363876500093791e-05,random
0.2176929184229651,0.19068302297448037,0.012514997888305296,0.05734662449790464,0.13157336175377982,0.06499617971011226,0.3251928947524526,0.5271619953679442,8.378727929792289e-05,random
0.0897324294915901,0.0533596290409506,0.01761737936105641,0.26565970861228533,0.28300045860607403,0.14126260293626058,0.14936779195178293,0.5271136806401128,8.393603475453393e-05,random
0.14839749900581467,0.16445344824937558,0.15489914624978462,0.04461876858929652,0.409035259264904,0.054715315818812976,0.02388056282201184,0.5270170511844501,8.423427055665558e-05,random
0.2743151099451747,0.21791145324873776,0.0021669226638731313,0.0036286403737753477,0.21080617020431705,0.0681503233588528,0.2230213802052693,0.5269687364566187,8.438375160830692e-05,random
0.04795920048294334,0.19704756688171388,0.06575428016182915,0.08080027128761738,0.43626691104993914,0.16811326358567877,0.0040585065502783315,0.5269687364566187,8.438375160830692e-05,random
0.05789046341172698,0.10926890532375992,0.06892723429951272,0.029355275122087115,0.5649293558546895,0.1587827571317181,0.01084600885650568,0.5269687364566187,8.438375160830692e-05,random
0.17654648098257944,0.056106650516053555,0.1731642324459014,0.05193412642828026,0.27285725721488896,0.014346322771929532,0.25504492964036685,0.526872107000956,8.468344178153716e-05,random
0.30321338361299144,0.11071830416369176,0.08071917576454965,0.10011213470046973,0.22615824187023498,0.04839311449685914,0.13068564539120345,0.5267754775452932,8.498410507829796e-05,random
0.037748489115505664,0.14041673651616493,0.26773894153420796,0.02289454755540781,0.22407380721649775,0.24677117923396139,0.06035629882825451,0.5267754775452932,8.498410507829796e-05,random
0.18094827155622503,0.2391004336541158,0.002039084398602329,0.35015421784682754,0.0338673601588322,0.17698501808646877,0.016905614298928562,0.5267754775452932,8.498410507829796e-05,random
0.3499270247700398,0.26559840423431885,0.11147406048870849,0.1876843553792461,0.0022903537195493586,0.057966592285286264,0.025059209122851176,0.5267271628174619,8.513480253606437e-05,random
0.016340895512200977,0.1434360898876879,0.21473233686181384,0.0018725533409572675,0.1652907264676668,0.2782728088832637,0.18005458904640956,0.5267271628174619,8.513480253606437e-05,random
0.262498619435046,0.05305752865248768,0.145456267086121,0.13000864939553933,0.37131561843852523,0.03131015896698432,0.0063531580252964666,0.5266788480896305,8.528574434130004e-05,random
0.21912977528186764,0.09594522403021945,0.006324215555209202,0.07643527402508965,0.3795311454117127,0.14220837239059542,0.0804259933053058,0.5266788480896305,8.528574434130004e-05,random
0.25283967294053755,0.22476864125009915,0.024922319049615005,0.031440369963786685,0.3141393448470903,0.11550036617690963,0.036389285771961544,0.5266788480896305,8.528574434130004e-05,random
0.3422883000281749,0.14238676998151453,0.06291597178409579,0.08916650409685604,0.24356883933052237,0.012867789711547327,0.10680582506728888,0.5266305333617992,8.543693085048164e-05,random
0.3946777310200435,0.3224185214088912,0.11359427996649125,0.029130405973399987,0.04475672247807871,0.07266793064994047,0.022754408503154792,0.5266305333617992,8.543693085048164e-05,random
0.3584344461371151,0.25625005390739375,0.08327673732567674,0.026493546185018934,0.13754398631322162,0.04884680969551899,0.08915442043605509,0.5266305333617992,8.543693085048164e-05,random
0.2211901336066623,0.08281544048069776,0.026636813431871832,0.17492570533348287,0.30661312693481313,0.16746261735509207,0.020356162857379952,0.5265822186339678,8.558836242054465e-05,random
0.5615879460559084,0.15652322347790715,0.06958151631534557,0.0026528804564017153,0.012521589724098708,0.03599538260254214,0.1611374613677963,0.5265822186339678,8.558836242054465e-05,random
0.051564995502448786,0.13547364179062527,0.11380411725106729,0.15778391165038896,0.08138787868626242,0.17719727929880955,0.2827881758203978,0.5265339039061365,8.574003940887875e-05,random
0.1429609382764215,0.13446355054090406,0.16010064696898127,0.2389016170511312,0.2285534994100124,0.061983402214201594,0.033036345538348104,0.5265339039061365,8.574003940887875e-05,random
0.19048637490204404,0.17205127101138756,0.17846685734743636,0.03129891356333727,0.2794406704232282,0.01934113017569828,0.12891478257686834,0.5265339039061365,8.574003940887875e-05,random
0.20345030275105874,0.3003929902752172,0.04087540386018762,0.05118177480181447,0.13648882249737504,0.20616619105102182,0.06144451476332506,0.526485589178305,8.589196217333408e-05,random
0.326440366517252,0.09004540516650539,0.04343782785322257,0.03307170667796351,0.17970296336713384,0.033250011622568555,0.2940517187953541,0.526485589178305,8.589196217333408e-05,random
0.12648141398895948,0.1053039517193623,0.0026174384526521017,0.44218429431312717,0.09853016321749801,0.07647233312908018,0.14841040517932086,0.5264372744504737,8.60441310722162e-05,random
0.24003845510240193,0.0658564457608498,0.016725627855572626,0.03738436102346957,0.19051134911405904,0.020233324386459608,0.4292504367571873,0.5263889597226423,8.619654646429025e-05,random
0.19134387973488015,0.2587810033331523,0.0372352488446066,0.055055509777090554,0.053336621330221386,0.19453055328497093,0.20971718369507789,0.5262923302669797,8.650211816536862e-05,random
0.1590078372920777,0.02586866291444831,0.41854449972234464,0.12135032130732014,0.07096368270474536,0.12877334916008498,0.07549164689897882,0.5262923302669797,8.650211816536862e-05,random
0.07775062631343185,0.07524426535368343,0.48813111770006873,0.04882239600815131,0.08054790482932311,0.21597003430676373,0.013533655488577764,0.5262440155391483,8.665527519419963e-05,random
0.22389688868804525,0.17145490134182237,0.06358647603649235,0.21809403816146994,0.2627109910553179,0.04503090889166552,0.01522579582518656,0.5262440155391483,8.665527519419963e-05,random
0.01962612207642367,0.09631961111549231,0.014788225328510663,0.053724614517485024,0.37153411922476415,0.16929890834359512,0.2747083993937291,0.5262440155391483,8.665527519419963e-05,random
0.3688060978509341,0.20417045540231554,0.03229089607269442,0.07665994877745445,0.2212979181686587,0.036883933378392186,0.05989075034955061,0.5262440155391483,8.665527519419963e-05,random
0.18556721937456833,0.04878205600190937,0.04803812123197536,0.07856038759322652,0.3899537451065829,0.1879056155735058,0.06119285511823154,0.5262440155391483,8.665527519419963e-05,random
0.08456879810803493,0.0019889978932686506,0.24380659340289493,0.4814423446750761,0.013599449616876277,0.0936198109303704,0.0809740053734786,0.5262440155391483,8.665527519419963e-05,random
0.16899358206651477,0.252321916476852,0.09121307072978273,0.04279526141892188,0.05079634532004867,0.21160597030242267,0.18227385368545737,0.526195700811317,8.680868015587585e-05,random
0.21065332979372955,0.08238884787725888,0.32220370037818713,0.019028958210453237,0.13564413887422744,0.0546221376463612,0.17545888721978253,0.5261473860834857,8.696233341146142e-05,random
0.38922822679905283,0.276629509882212,0.04212207947641264,0.023007069089045987,0.012151322794556333,0.05272319991630028,0.20413859204241977,0.5260990713556543,8.711623532248213e-05,random
0.327065411399709,0.16241265953137712,0.012579928085831419,0.02651321159646695,0.3591636940043216,0.0497282966142478,0.06253679876804605,0.5260024418999916,8.742478655924216e-05,random
0.07107130140609783,0.1488547694219343,0.15842582899613003,0.12562889098814056,0.36619380541414104,0.08030265175801411,0.04952275201554232,0.5260024418999916,8.742478655924216e-05,random
0.20999919193538177,0.26023617262277476,0.03847654709577596,0.005244369750071998,0.3364678930258684,0.1393841508625935,0.010191674707533696,0.5259541271721602,8.757943661034432e-05,random
0.25950772109053843,0.02452734010360805,0.05773080057113981,0.32764861316205157,0.24164280356164877,0.05143508645530666,0.037507635055706784,0.5259058124443289,8.773433676760687e-05,random
0.562702605414135,0.15548014934197235,0.050753269235786616,0.022037012798803067,0.015304516225068522,0.010171293385863067,0.18355115359837137,0.5259058124443289,8.773433676760687e-05,random
0.15627425466249564,0.11382510972036661,0.08012653128635187,0.36002544371608713,0.19609081157911276,0.02940559701966584,0.06425225201592005,0.5259058124443289,8.773433676760687e-05,random
0.18732482547664367,0.12220667378655235,0.19372797621553073,0.18075782267851606,0.04330601696174619,0.0895141479962206,0.18316253688479053,0.5259058124443289,8.773433676760687e-05,random
0.6778824964909901,0.011627973711698353,0.011244060019389733,0.0171789456537913,0.08921612043878199,0.06819388829914218,0.1246565153862063,0.5259058124443289,8.773433676760687e-05,random
0.16954933612657203,0.24034164637228683,0.09524897175046859,0.1403603945263308,0.07805855100153766,0.17029238499362642,0.10614871522917774,0.5258574977164975,8.788948739487106e-05,random
0.29088914771654795,0.027788774344790827,0.14797210751764112,0.07359994944903256,0.33827180328741385,0.1068379754684435,0.014640242216129971,0.5258091829886661,8.804488885644063e-05,random
0.44509153561864095,0.17767028375025656,0.048946226193594726,0.00717185478908752,0.28879275372619456,0.027631624661536732,0.004695721260688718,0.5256642388051721,8.851260189699704e-05,random
0.12034253369348058,0.05347785129096043,0.04609960195070895,0.06599166325103129,0.4586613518971288,0.22937013488126054,0.02605686303542942,0.5256642388051721,8.851260189699704e-05,random
0.13892886293962592,0.09704353889409513,0.11713336003901284,0.1361879858907779,0.3802746334859649,0.08548209854712335,0.04494952020340003,0.5256642388051721,8.851260189699704e-05,random
0.21494223180193844,0.05675129146885487,0.03942993286146603,0.1502724869748655,0.269855817067695,0.150202821000298,0.11854541882488227,0.5256159240773407,8.866901034813336e-05,random
0.130839712326732,0.19799801149113486,0.09462930361986005,0.12877290522917706,0.07446676693239367,0.15814280566045877,0.2151504947402437,0.5254226651660152,8.929717445410995e-05,random
0.26671092054047396,0.24200605481298318,0.044347806353113126,0.0759102613284994,0.05054089250981437,0.08089562338192975,0.23958844107318622,0.5254226651660152,8.929717445410995e-05,random
0.09765938941476524,0.1478474683263953,0.15016383128199892,0.01580289370534644,0.2187390492333941,0.10033213263726865,0.2694552354008312,0.5253743504381839,8.9454849894976e-05,random
0.16708932129076945,0.09704857494395233,0.05477726453227143,0.027738823571089744,0.4513117645566072,0.09866368882220175,0.10337056228310797,0.5252294062546898,8.992940471379393e-05,random
0.13115262478594394,0.15538869049261478,0.0012861828912918082,0.17371461841127886,0.2264621544769896,0.09996269429865721,0.2120330346432239,0.5251810915268584,9.008810038519047e-05,random
0.10540765312389226,0.1929197341639263,0.026002095005561485,0.12532746785610138,0.06421851204200792,0.1727111786297307,0.3134133591787799,0.5251327767990271,9.024705204018425e-05,random
0.20974787861146393,0.2132943521120921,0.017519500554320992,0.09177557937757551,0.33579202655546536,0.0850701871325228,0.04680047565655943,0.5251327767990271,9.024705204018425e-05,random
0.32320690651481093,0.22976949692112295,0.02683607555326278,0.2550795726634314,0.11995791782243602,0.03877798780602881,0.006372042718906874,0.5250844620711957,9.040626005010562e-05,random
0.16095610883950587,0.1018432706297994,0.03702299988609145,0.17248009293688712,0.1399594957069245,0.03945637049076351,0.34828166151002826,0.5250844620711957,9.040626005010562e-05,random
0.14234912404756153,0.15755635374293842,0.24844510162549754,0.026792521986626187,0.3072486308049238,0.07382810094053,0.04378016685192258,0.5250361473433643,9.056572478675555e-05,random
0.16656586377644947,0.21289495423305949,0.06076044969200523,0.2609120036244392,0.17925553813122774,0.09129624541665779,0.028314945126160878,0.5250361473433643,9.056572478675555e-05,random
0.20951575957404056,0.1065511281027203,0.2699965773021627,0.11307032045759097,0.13203260537398703,0.03493504655492301,0.13389856263457547,0.524987832615533,9.072544662240813e-05,random
0.07511892264501932,0.1553815811651878,0.19176813618914662,0.18886226319223054,0.07674982520574228,0.2196515150602789,0.09246775654239436,0.5249395178877017,9.088542592981099e-05,random
0.3000073827524225,0.16387349900204712,0.021200840959495537,0.20080568591417786,0.2542601401157654,0.004974081988644824,0.05487836926744672,0.524842888432039,9.120615845322855e-05,random
0.1722552339707549,0.22302061573440485,0.178638737227274,0.0927742446144119,0.010409515257754303,0.23615694260013512,0.0867447105952648,0.5247945737042077,9.136691241710889e-05,random
0.1686583955743227,0.14045279561027033,0.11215074275493248,0.18960705253241011,0.15492878065703855,0.014402815419512369,0.21979941745151324,0.5247462589763763,9.152792534847446e-05,random
0.11344670710682339,0.31422270668255975,0.06554017344997717,0.033009417274309616,0.037908324570288636,0.38333438820308396,0.05253828271295747,0.5247462589763763,9.152792534847446e-05,random
0.10468708233442431,0.028013203338670845,0.16107511702186497,0.2580718717293294,0.0779514748468716,0.017485263446081107,0.35271598728275777,0.5247462589763763,9.152792534847446e-05,random
0.1137602684476538,0.14486751109417959,0.20247071753884144,0.06247631208345817,0.05910150315026016,0.1805375813983696,0.23678610628723715,0.5247462589763763,9.152792534847446e-05,random
0.21448756578373612,0.12335085692037717,0.015810604062081544,0.0900866960412444,0.21735105423029685,0.034884994338519916,0.3040282286237439,0.5247462589763763,9.152792534847446e-05,random
0.07185391737131801,0.07483230999289947,0.3017480410655839,0.0951439044364566,0.14427006138084922,0.1767180807459648,0.13543368500692798,0.5246979442485449,9.168919762244628e-05,random
0.2669223041659675,0.10823003545818602,0.05158189405511224,0.15597886307110553,0.1834633394597048,0.07650510020327228,0.15731846358665175,0.5246496295207135,9.185072961462269e-05,random
0.18031959700147937,0.2461840944837036,0.12412124812301652,0.046828916139130435,0.1397103299997944,0.14359712704713903,0.11923868720573684,0.5246496295207135,9.185072961462269e-05,random
0.4298033709268543,0.047961966326645324,0.020443450232784457,0.03245463481518645,0.2898883819401313,0.11841082645887609,0.06103736929952236,0.5245530000650508,9.217457425836778e-05,random
0.06582206072675392,0.18264007282687839,0.012197068464588724,0.07622209600300489,0.3428984687125706,0.17087821631625422,0.14934201694994917,0.5245530000650508,9.217457425836778e-05,random
0.1747558994833659,0.16157425111402346,0.010157444372828867,0.07493759012488431,0.34639298439781924,0.06964500174824623,0.16253682875883207,0.5245046853372195,9.23368876635199e-05,random
0.17647428659585612,0.21964659074827164,0.1125495681958247,0.035988378827114476,0.05336166691467317,0.1465932330179309,0.25538627570032896,0.5244563706093881,9.249946229404435e-05,random
0.558461775801507,0.07570971977529257,0.01538693665375832,0.13795967145729607,0.14288438619532737,0.057390458848146926,0.012207051268671831,0.5244563706093881,9.249946229404435e-05,random
0.07777096059091775,0.17281289734474192,0.08632570585605787,0.047251379192303475,0.23806617554081425,0.12658798303618066,0.25118489843898406,0.5243597411537254,9.282539674364001e-05,random
0.06967506731649435,0.03770803479993843,0.047506407638901016,0.3845528401407718,0.1657871738524017,0.038835280089951504,0.25593519616154115,0.5243597411537254,9.282539674364001e-05,random
0.41493049763949,0.2600398316357991,0.07939871244994072,0.07412225597344796,0.12530676090412804,0.03168608260215381,0.014515858795040287,0.524311426425894,9.298875732012592e-05,random
0.20425132199391924,0.11033890663627877,0.022219320257668564,0.03076870134019515,0.14165294429565975,0.02644527068715011,0.4643235347891286,0.5242631116980627,9.315238063681392e-05,random
0.07872499887978959,0.11028236317303124,0.16016094410297402,0.13498556144178625,0.38706035230831976,0.09690994398985521,0.031875836104244,0.5242631116980627,9.315238063681392e-05,random
0.4148691345140467,0.30188881190790223,0.0034851446794404986,0.10918549618752266,0.04655231927677847,0.03667225715660181,0.08734683627770766,0.5242631116980627,9.315238063681392e-05,random
0.22603782989905177,0.31728309505803015,0.10965757042453675,0.03125361854030342,0.09081113825920072,0.2249100089215234,4.673889735356558e-05,0.5241664822423999,9.348041701091349e-05,random
0.039643426792883414,0.0702029543042721,0.13842818720438438,0.05198286661385284,0.5435876242143021,0.13592289149011708,0.020232049380188383,0.5240698527867372,9.380950891098762e-05,random
0.27476167330517587,0.17219756523011057,0.013702497346611922,0.09040217861990095,0.24811850193692297,0.07047864674442492,0.1303389368168527,0.5240215380589058,9.397445163695393e-05,random
0.2690565027155815,0.17864590764345215,0.19832330965581543,0.04102104637334794,0.04947286651099952,0.06713228610241355,0.19634808099838996,0.5239732233310745,9.413965938980681e-05,random
0.2793255107217229,0.09184014327412526,0.36180792514522564,0.06783873639217851,0.11772513296974485,0.031685922132833,0.04977662936416976,0.5238282791475805,9.463687664016146e-05,random
0.2439640241794464,0.19992385261361845,0.136862859322842,0.04653441072637926,0.07367784984761308,0.05151443974360625,0.2475225635664945,0.5237316496919177,9.496968697252428e-05,random
0.02771125260357999,0.006560485622619284,0.09478373461310075,0.05126986632694632,0.4129240630531713,0.11012968947862287,0.2966209083019594,0.5237316496919177,9.496968697252428e-05,random
0.21060524847004858,0.1514041249006381,0.029784691718887427,0.05906492023695366,0.41144630847933344,0.09171566989579649,0.04597903629834229,0.5236833349640864,9.513649294258342e-05,random
0.14351456421149336,0.16870753783807652,0.2448022021989371,0.012940158004164695,0.16828173305262897,0.12382611584302554,0.13792768885167367,0.523635020236255,9.530356662935966e-05,random
0.31566346676912227,0.09950297267623641,0.06259576113621387,0.1475872992501405,0.24199470174275114,0.0404196426247382,0.09223615580079754,0.5235867055084237,9.547090841905983e-05,random
0.3548127513213206,0.30815108741635294,0.05609423559360705,0.0008955096375259454,0.10171305638176441,0.07518782645583622,0.10314553319359293,0.5235383907805923,9.563851869838105e-05,random
0.11386604159196782,0.04500787806234234,0.11356842131150932,0.19094624051880932,0.4064532711413444,0.07019615421748553,0.05996199315654115,0.5235383907805923,9.563851869838105e-05,random
0.28346266249565283,0.02869060643061379,0.03832098260855134,0.15835544805133855,0.2644715296422376,0.15996073600032773,0.0667380347712783,0.5235383907805923,9.563851869838105e-05,random
0.16265610140777811,0.09445442169974895,0.2399714945111871,0.04755128103416497,0.03758116118664353,0.08666635056703478,0.33111918959344244,0.5234900760527609,9.580639785450726e-05,random
0.29516062634500795,0.04819969181318039,0.007057743411107572,0.15113900255577722,0.27717586965793845,0.20976447582793362,0.011502590389054759,0.5234417613249296,9.597454627511224e-05,random
0.11038579863008853,0.12251110925241102,0.009555008461612252,0.28453992383192067,0.32434677887940677,0.1002170325048234,0.048444348439737335,0.5234417613249296,9.597454627511224e-05,random
0.11564153810443,0.19956524008781693,0.23114320881924794,0.002779525210130544,0.14547988043292256,0.24230700910811803,0.06308359823733392,0.5233934465970982,9.614296434836049e-05,random
0.40756463808990095,0.03345178643090208,0.1304940172267641,0.050595922096851084,0.33396469002835094,0.030034936489450124,0.013894009637780775,0.5233934465970982,9.614296434836049e-05,random
0.10158381871148539,0.14550924286017114,0.13387528274209642,0.10955540056978126,0.39161882618236116,0.09105689399057172,0.02680053494353282,0.5232968171414355,9.648061100789017e-05,random
0.2593687990315013,0.1234746494066308,0.016303010977702655,0.10766295642512554,0.38144454310109915,0.05004169372801961,0.06170434732992098,0.5232485024136041,9.6649840372953e-05,random
0.06423091068408653,0.04132474930100699,0.10894492616130613,0.29800059118685407,0.1874894169671652,0.008698877888137347,0.2913105278114437,0.5231035582301101,9.715915729233868e-05,random
0.29984020553523444,0.10608067218385647,0.05164467337334074,0.12030173528836584,0.1887203065064896,0.07703600355533305,0.1563764035573797,0.5230552435022787,9.732947384391046e-05,random
0.17073378685663823,0.15771904738388207,0.12805769579301457,0.23604597646275793,0.2507611361448835,0.010754660902767246,0.04592769645605647,0.5230069287744474,9.750006317112532e-05,random
0.17384326037413103,0.11977663817877415,0.2989325222956629,0.14576102006766958,0.05684112531865634,0.13189253802128392,0.07295289574382201,0.5230069287744474,9.750006317112532e-05,random
0.32721299255809083,0.12535668748736034,0.09059684459084222,0.025150395961883648,0.35456492808442386,0.013002452102848812,0.06411569921455026,0.5230069287744474,9.750006317112532e-05,random
0.154303775844787,0.04128107785818488,0.2083593260221911,0.03858997748709692,0.3367875486435844,0.019530717693806682,0.20114757645034895,0.522958614046616,9.767092566657724e-05,random
0.11389695058345495,0.03267761871828923,0.049806722833965325,0.26501627036052855,0.2745470650308408,0.07659410420568799,0.18746126826723303,0.522958614046616,9.767092566657724e-05,random
0.39508221991296916,0.0074499361201157315,0.05202754503211567,0.029362141743667525,0.25055781587326925,0.08865241409419575,0.1768679272236669,0.522958614046616,9.767092566657724e-05,random
0.29247929620668894,0.04853514041182763,0.057397895454225134,0.12096784246727331,0.2948334966318547,0.14943986370242504,0.036346465125705066,0.5229102993187846,9.784206172335657e-05,random
0.29172280988698224,0.06794250064385547,0.11176475837142132,0.03143994919629964,0.4083782766511816,0.07480714468783214,0.013944560562427549,0.5229102993187846,9.784206172335657e-05,random
0.22455401125794006,0.12920749828856204,0.0113444293922608,0.18422723645029307,0.2270519061675412,0.0789917374824986,0.14462318096090426,0.5228136698631219,9.818515609572849e-05,random
0.27585216114869976,0.138444335073123,0.05449317532983527,0.23496595533936745,0.2312419984901811,0.04451670983301416,0.020485664785779203,0.5228136698631219,9.818515609572849e-05,random
0.1670800521176688,0.03347810339566144,0.05163696702924904,0.0002961046236932072,0.40148911905640405,0.21287731335300966,0.13314234042431386,0.5228136698631219,9.818515609572849e-05,random
0.23359449621018538,0.06939818250474976,0.1624103587334159,0.019633672030746657,0.3576726118958035,0.0029108505320908527,0.15437982809300796,0.5227653551352905,9.835711519998025e-05,random
0.47717267344895153,0.07652434408122141,0.01005088233266963,0.04501804416027315,0.267908108788393,0.06158423175103027,0.06174171543746094,0.5227170404074593,9.852934944287427e-05,random
0.28238106261803364,0.12830511802266079,0.05266744780412637,0.1602922871704783,0.3003408469254137,0.05806591702251188,0.017947320436775542,0.5226687256796279,9.87018592199833e-05,random
0.4685391691632907,0.00916159290996738,0.04333472878275107,0.007053164898504046,0.22006330947515793,0.039293010821125476,0.2125550239492034,0.5226687256796279,9.87018592199833e-05,random
0.24058600853271955,0.07839795656568498,0.006228017639011474,0.12060537425991535,0.2625427944273606,0.1337673653187314,0.15787248325657655,0.5226687256796279,9.87018592199833e-05,random
0.27538395502672514,0.10577471612350374,0.055776340299873176,0.060883782959518205,0.31729870772655583,0.033912088913794304,0.15097040895002967,0.5226204109517965,9.887464492737655e-05,random
0.11524756306993676,0.04698429803953504,0.14312107138334845,0.043155423510372236,0.4631532125059491,0.10023429153385362,0.08810413995700482,0.5225720962239652,9.904770696162229e-05,random
0.08854303810338476,0.17697821472180827,0.07534530307952012,0.037829171362444125,0.43241092237899614,0.08769153889573512,0.10120181145811138,0.5224754667683025,9.939466159944055e-05,random
0.14456500778636952,0.17902827927052342,0.052665555553309304,0.04798401764767716,0.2989104780891851,0.06479192736487006,0.21205473428806534,0.5224271520404711,9.956855499864739e-05,random
0.17115653306070552,0.08432776759010047,0.020702402284923118,0.1420676030568114,0.37873663555058984,0.12460162430293824,0.07840743415393134,0.5223305225848083,9.991717595049515e-05,random
0.3121866261251023,0.09258251862059232,0.04786204187601782,0.01466240914449373,0.43755551301768675,0.06780636681068102,0.027344524405426177,0.5223305225848083,9.991717595049515e-05,random
0.2891986543911014,0.23964507840501048,0.002847169126416414,0.004802563184309096,0.21453009858591912,0.047724949833201843,0.2012514864740418,0.522282207856977,0.0001000919043017747,random
0.33310718173895904,0.19756489149681572,0.020015062916853014,0.1423733541128602,0.22454723663130624,0.04478426817056742,0.03760800493263839,0.5222338931291456,0.00010026691176988932,random
0.42219549913618193,0.13015488335720782,0.02105305152459792,0.11882740157705707,0.09783289710766117,0.019763652584990413,0.19017261471230373,0.5222338931291456,0.00010026691176988932,random
0.37605409823063474,0.06445498508654374,0.04221497214904762,0.28214187615585856,0.030747268762813997,0.059638532493959714,0.14474826712114167,0.5221855784013143,0.00010044219875541326,random
0.39127877630634367,0.0058579112890490646,0.04030682357524377,0.08579187555119185,0.1381557663178629,0.03131558202170502,0.30729326493860354,0.5221372636734829,0.00010061776565942642,random
0.10671919994880533,0.11541657569539912,0.28092131127076525,0.1164582940345887,0.10979236312973832,0.18641600875408015,0.08427624716662313,0.5220889489456516,0.00010079361288351164,random
0.08451229324939179,0.09160983116215843,0.05224875836677942,0.21977637250018056,0.2144372296332228,0.07127770428273544,0.26613781080553156,0.5219923194899888,0.00010114614990075144,random
0.5274286934860261,0.18334454525870839,0.028006457630214636,0.006100144248079189,0.09174686295405383,0.022658079045375902,0.14071521737754208,0.5219440047621575,0.00010132284049959577,random
0.13409528513119867,0.01801724828297981,0.41013087930260395,0.05852256495402023,0.17518364167627448,0.12086800516358037,0.08318237548934244,0.5218956900343261,0.00010149981302989258,random
0.10396359295417701,0.18462158887991367,0.059268400223345286,0.1401027198532821,0.11412738828355468,0.13501938674261427,0.262896923063113,0.5217990605786634,0.00010185460550179015,random
0.25576339008589705,0.14838412506961812,0.06831342078668375,0.054133480291124476,0.3530773955101977,0.060186442652428875,0.06014174560405016,0.5217990605786634,0.00010185460550179015,random
0.09370607665388835,0.031727794873362844,0.21253641845393284,0.1635483794774499,0.39591158493611944,0.01929067374261268,0.08327907186263411,0.5217990605786634,0.00010185460550179015,random
0.22743633830532858,0.26242825660899394,0.093596494852229,0.025592282142124244,0.31555244050702114,0.043288564867906894,0.032105622716396394,0.521750745850832,0.00010203242625313263,random
0.06340324966504444,0.1387206853453208,0.06371631834199414,0.04667632943071451,0.3019209498041567,0.08138340430405754,0.3041790631087118,0.521750745850832,0.00010203242625313263,random
0.27580941046569846,0.17209018823652084,0.25522436265002063,0.028914882058056056,0.11731718962180822,0.02927615174406627,0.12136781522382951,0.5217024311230006,0.0001022105305554116,random
0.29468305496606034,0.28039948512272367,0.031150533366813716,0.02336136179381612,0.08226742803859739,0.07581621385735227,0.2123219228546365,0.5217024311230006,0.0001022105305554116,random
0.19251577856955773,0.17632791839436504,0.13870354869334175,0.2895513143930233,0.11573326015798557,0.057727376058717826,0.029440803733008926,0.5217024311230006,0.0001022105305554116,random
0.25270309153111603,0.26389864097982235,0.10750433036872963,0.04803331897483073,0.03759011841613104,0.13495938346700254,0.15531111626236763,0.5217024311230006,0.0001022105305554116,random
0.28557011980250724,0.2438019647099522,0.19616863561808653,0.09938950265372115,0.01400978297159494,0.1372499407859366,0.023810053458201322,0.5216541163951693,0.00010238891881476837,random
0.2740669417417368,0.2978040550480604,0.0710686413301532,0.024528776803718597,0.15208406438199512,0.10731354722479998,0.07313397346953597,0.5216058016673379,0.00010256759143785438,random
0.15343120437053082,0.10319269814518184,0.47949694402082343,0.011758557145105653,0.024897254787435506,0.19826414348876825,0.02895919804215458,0.5215091722116754,0.00010292579140436093,random
0.42283423908102435,0.10982821883859395,0.06960304214350699,0.16494691932474406,0.18702827433272795,0.03275153659725671,0.013007769682145889,0.521460857483844,0.0001031053195636344,random
0.18366398876321458,0.12252879420957345,0.13947010478200583,0.0054080223764044495,0.4371066394206489,0.059541549945952184,0.05228090050220047,0.5213159133003499,0.00010364562165137744,random
0.2598250666676495,0.04491550619762571,0.08496833430258081,0.019127882096018723,0.3992167117683208,0.06385046596526407,0.1280960330025403,0.5212675985725185,0.00010382629624965559,random
0.28761453500974393,0.09356837184935347,0.06656217552122992,0.16738422610520565,0.2736515288763188,0.0878470938369452,0.023372068801203235,0.5212675985725185,0.00010382629624965559,random
0.18179740235281777,0.13279828693144533,0.05711630270774649,0.00793984208030427,0.487216348187912,0.07782351387650319,0.05530830386327096,0.5212192838446872,0.00010400725848325923,random
0.2977578218534115,0.014484155832082513,0.04937265375288133,0.05696412671615816,0.3868293842868988,0.16084273866483456,0.033749118893733034,0.5211709691168558,0.00010418850876344515,random
0.25038890076593245,0.19686205447183439,0.22977230016871303,0.10839713694976644,0.1586815704634686,0.051824697755249415,0.004073339425035436,0.5211226543890244,0.00010437004750198564,random
0.24139462951890456,0.17282975950837026,0.09278952983803714,0.07450406178438085,0.37702245483623853,0.032966353929023105,0.008493210585045659,0.5211226543890244,0.00010437004750198564,random
0.14282181698782398,0.16986721860837653,0.13973726286816388,0.01819300766714608,0.43830472713532986,0.058071870797595425,0.033004095935564214,0.5210743396611931,0.0001045518751111658,random
0.28637584416794104,0.07077220429170725,0.13233557260147913,0.08197176728976445,0.2912921621919553,0.04910564299681062,0.08814680646034219,0.5210260249333617,0.00010473399200378898,random
0.5662186316463023,0.15804439298123152,0.0147036210567236,0.1075490325498576,0.1423420458803235,0.0008582821713555026,0.010283993714206064,0.5210260249333617,0.00010473399200378898,random
0.30309356883946414,0.18294937442809256,0.025188872582754967,0.08531548007921683,0.2210169644590206,0.08020035201256603,0.10223538759888481,0.5210260249333617,0.00010473399200378898,random
0.30772432045007775,0.11638577588788386,0.10436803995457435,0.01716705725884658,0.3340793426233667,0.008025007036786993,0.11225045678846414,0.5209777102055303,0.00010491639859317219,random
0.21830338918228503,0.0024577384141722504,0.06497753309653963,0.014014354670936644,0.44375625288774445,0.14419140748296913,0.11229932426535286,0.5209777102055303,0.00010491639859317219,random
0.13059684405885563,0.03309955422497666,0.00974115025900178,0.10416285162204313,0.43536160005034696,0.24227035548172238,0.044767644303053536,0.5208810807498676,0.00010528208251807552,random
0.19049706216912848,0.19291902376289782,0.03481721052035665,0.0018955992020220308,0.2522049314940121,0.06883574837238292,0.25883042447920007,0.5208327660220362,0.0001054653606828183,random
0.06568883487770902,0.02050294453057071,0.23045153306516747,0.3727949153957837,0.23583939642216767,0.06458293366619358,0.010139442042407725,0.5207844512942049,0.00010564893020276521,random
0.1603208816675044,0.1580070291988053,0.1105686131938692,0.06452214939372655,0.3556157410974111,0.04169531796912542,0.10927026747955802,0.5207361365663735,0.00010583279149382477,random
0.1149333669190351,0.06122825882489111,0.03984829889884634,0.24822947781213095,0.3571328844570767,0.07601619009007414,0.1026115229979456,0.5206878218385422,0.00010601694497242148,random
0.0981566033924996,0.1897483206918412,0.17197042826471656,0.07150884302815033,0.09579920257585045,0.22613661152871867,0.1466799905182231,0.5206878218385422,0.00010601694497242148,random
0.10720348195147063,0.13373659550712988,0.12636048933170435,0.01928303258489611,0.21299619484921947,0.03272291648305571,0.36769728929252365,0.5206878218385422,0.00010601694497242148,random
0.12084853023047762,0.08351179660506758,0.13589280437555235,0.002264715757716503,0.3776469749580764,0.0758882479346702,0.20394693013843923,0.520542877655048,0.00010657116270550405,random
0.14969495674412875,0.08542390415198645,0.188459002490436,0.11736386395133859,0.40652669351388804,0.03055822123669499,0.021973357911527235,0.520542877655048,0.00010657116270550405,random
0.14127364360780204,0.19343631980890003,0.050676000568234035,0.09758990707417914,0.30157042530779593,0.08349174876119358,0.13196195487189538,0.5204945629272167,0.00010675648910892021,random
0.23292411192455856,0.20023277746778317,0.26109595562912585,0.022760673799028065,0.03169168051599936,0.18368326152244335,0.06761153914106145,0.5204462481993853,0.00010694210978981513,random
0.18233796985322784,0.1383754766602574,0.25160405129742264,0.11780010933652565,0.06372504154601523,0.10472329944042802,0.1414340518661232,0.520397933471554,0.00010712802516774118,random
0.2278161919570491,0.18369991706596203,0.1886754700242232,0.12838930768843743,0.06992975106349159,0.07905136894035285,0.12243799326048369,0.520397933471554,0.00010712802516774118,random
0.37163804927309385,0.13178941192631344,0.03841528723958138,0.11665340886237917,0.19550341676723448,0.01831651077069995,0.12768391516069771,0.5203496187437227,0.00010731423566277659,random
0.16787842398061684,0.1566731557949031,0.07543814781501282,0.08207310783158298,0.43745635907632696,0.07189562027698095,0.008585185224576351,0.5203013040158914,0.00010750074169552113,random
0.14556695752554633,0.09764689004927511,0.0024315318952920642,0.06494583884860783,0.327943100598883,0.08021884971827911,0.2812468313641166,0.52025298928806,0.00010768754368710028,random
0.23453241748258874,0.08887722642915698,0.15195527846454196,0.026464347123732888,0.3465606711124543,0.023197911987105958,0.12841214740041912,0.5202046745602286,0.00010787464205916319,random
0.1898444584077618,0.20148008311380788,0.24833623736843335,0.0015920051189420579,0.06398641988958799,0.20452942367014074,0.09023137243132615,0.5202046745602286,0.00010787464205916319,random
0.43505428964525866,0.3618744000324147,0.0007539323088139699,0.008153454969714825,0.10934375742118416,0.06487441519178164,0.019945750430832063,0.5201563598323973,0.00010806203723388439,random
0.26444854872402257,0.10803436877519723,0.06858035389184138,0.05464788162256081,0.3963815684908816,0.08196902937035946,0.02593824912513707,0.5200114156489032,0.00010862600780364219,random
0.03885596483417629,0.03527959005779901,0.3567420639085906,0.015637588937457175,0.3404218277991581,0.1521546807892375,0.06090828367358128,0.5199147861932404,0.00010900347996033992,random
0.2372090721777192,0.23892508508907892,0.0405632128667697,0.0357724083742834,0.2450373133653129,0.046513329298460034,0.15597957882837585,0.5198664714654091,0.00010919266484617568,random
0.31591961790338946,0.24661077268382767,0.19934499999174232,0.013706795985515913,0.20604263882178112,0.012217898291485002,0.006157276322258506,0.5198181567375778,0.000109382149504651,random
0.10100481883737494,0.15731289061796835,0.02499575906988796,0.1430733168978801,0.38819734042301296,0.09209787762919745,0.09331799652467812,0.5197698420097464,0.0001095719343621627,random
0.24794519550155744,0.22423448821863753,0.19896946515290026,0.032621410731658654,0.13378483796799662,0.06827420763269312,0.09417039479455643,0.5197698420097464,0.0001095719343621627,random
0.25576108866273317,0.014934227438045112,0.11916651042752666,0.11211703174186954,0.44374005055120075,0.02341923318783922,0.030861857990785557,0.5196732125540837,0.0001099524063825367,random
0.16843080925696255,0.016851858870330694,0.07847399117761454,0.007349522477699453,0.4130428745918576,0.05505491660757706,0.26079602701795795,0.5196732125540837,0.0001099524063825367,random
0.2176193023736923,0.26854594798094056,0.04974223480091492,0.09011996072914769,0.051323899549034845,0.17009768551914164,0.1525509690471279,0.5195765830984209,0.00011033408432909266,random
0.0669365615729565,0.20945284760255353,0.14764493380629162,0.050175532849740315,0.1675874979286811,0.24250206005444144,0.11570056618533545,0.5195765830984209,0.00011033408432909266,random
0.32784655634797105,0.09668807945159379,0.03431331522854213,0.09232385435810318,0.3963449049627631,0.02104705507701332,0.031436234574013455,0.5195282683705896,0.00011052537659632515,random
0.32814880265350643,0.24010019135573546,0.22947185243128465,0.003864650336113464,0.11549662635307976,0.05846388634997544,0.024453990520304912,0.5194799536427582,0.00011071697163213424,random
0.26113106930046315,0.14979331680515548,0.02135021530452336,0.13381621667918012,0.2026528300005413,0.05384627730010283,0.17741007461003375,0.5194799536427582,0.00011071697163213424,random
0.6184412707646578,0.14792155002726146,0.02539816452498621,0.06130666386747479,0.07284928422363793,0.013011986481413797,0.061071080110567964,0.5194799536427582,0.00011071697163213424,random
0.1515661182523615,0.08025909086027326,0.08659475456495298,0.0031376014310506703,0.5191563439240854,0.1074425824431053,0.05184350852417105,0.5192383800036015,0.00011167950341274842,random
0.10659523303396107,0.19343604026718525,0.08706763612614064,0.08422347850023791,0.4029586662767726,0.08984897682892923,0.03586996896677337,0.5191900652757702,0.00011187292411126199,random
0.3404869044280558,0.26350894115814766,0.13066292716579508,0.001080094356708071,0.13872879988562514,0.023116211465371496,0.10241612154029674,0.5190934358201074,0.00011226068331413576,random
0.4715031720292596,0.21860395603917893,0.0015700556350859698,0.04764735352848431,0.12647388487499983,0.018702936626325835,0.11549864126666552,0.5190934358201074,0.00011226068331413576,random
0.1734802718212618,0.05377147421019844,0.5642371666896321,0.01569762249162968,0.011573028368280346,0.15559540267900993,0.025645033739987697,0.5190934358201074,0.00011226068331413576,random
0.01831662242327188,0.051332914816170465,0.31471106850411473,0.15553905001557317,0.0804881002194913,0.19370473537468022,0.18590750864669803,0.519045121092276,0.00011245502268677498,random
0.05077803231909697,0.21138367810551956,0.1306245420381942,0.11967405174858674,0.13118475981001673,0.26444373597698273,0.09191120000160317,0.519045121092276,0.00011245502268677498,random
0.2409073072196095,0.21946788628147923,0.031398594668069,0.004912453846806268,0.3766734743487744,0.0681255846174754,0.05851469901778603,0.519045121092276,0.00011245502268677498,random
0.15920784878684785,0.18830574757715984,0.08221749939648589,0.2096873777192459,0.08438859701693517,0.07314188759654498,0.2030510419067804,0.518900176908782,0.00011303988511049988,random
0.1861132488852895,0.1926011315970215,0.19278557895771864,0.03504823474434642,0.22826870873654306,0.04599788147718006,0.11918521560190083,0.5188035474531193,0.00011343133467610784,random
0.22750025246299713,0.1855290121317286,0.08763523439379832,0.02532092929624304,0.3834360863623931,0.05410960405529817,0.036468881297541604,0.5188035474531193,0.00011343133467610784,random
0.08968562705514785,0.12471634479236776,0.06574454723376241,0.13021392253420896,0.3400752764625987,0.0721581257054722,0.17740615621644218,0.5187552327252879,0.00011362752315517379,random
0.22566234835441945,0.182059939449232,0.015649546741713125,0.16198336145617206,0.05076546413561094,0.02410792137701128,0.3397714184858411,0.5186586032696251,0.00011402082969678505,random
0.19648183187065302,0.2121996481311034,0.045320576073182975,0.0506584396875069,0.2244811257777662,0.06168850118518914,0.20916987727459838,0.5186586032696251,0.00011402082969678505,random
0.09846619471818555,0.16822992681333487,0.07036133166275871,0.2515050017008533,0.28527966121152515,0.09833963298995559,0.027818250903386802,0.5185619738139624,0.0001144153786106409,random
0.22899849167909464,0.05087681826783601,0.030055965579354613,0.07761615411791513,0.40378588003276034,0.1535918710234733,0.05507481929956608,0.5185619738139624,0.0001144153786106409,random
0.06682033976766633,0.13213667268511406,0.1924288614893763,0.09984738938153433,0.4328063928987758,0.03882597244746675,0.03713437133006634,0.5185136590861311,0.00011461312005705093,random
0.24877013779542043,0.19907994972746487,0.26747893927711774,0.055904056793097255,0.18071247605117435,0.04345616798128434,0.004598272374441014,0.518368714902637,0.00011520821764675745,random
0.13109962209063747,0.08557987551769883,0.19801448512851555,0.004995352238916906,0.30983373081025734,0.00416606503816602,0.266310869175808,0.5182720854469743,0.00011560651483666008,random
0.2919049234687474,0.14176036757628058,0.039467655879886196,0.03854655810477571,0.44730735769979446,0.010799266523196877,0.030213870747318936,0.5181754559913115,0.00011600606853412755,random
0.22717881234709802,0.11303128673971341,0.02110145892784452,0.0024747275782041347,0.43976376327560307,0.053300066762500035,0.14314988436903675,0.5181271412634803,0.00011620631768401387,random
0.1200463976400581,0.08433454558924591,0.2063852417309092,0.015848117520375484,0.15724133740929483,0.04242371047508149,0.37372064963503493,0.5180788265356489,0.00011640688229486803,random
0.24317916904619036,0.1805723025878751,0.2865522946314421,0.01188442992764662,0.0658945869100033,0.1217464758950451,0.09017074100179741,0.5180305118078176,0.00011660776281252514,random
0.39010700765760437,0.36612049677689157,0.027908418728560237,0.008695745064620442,0.06459556481359588,0.11285771452114696,0.02971505243758041,0.5179821970799862,0.00011680895968337516,random
0.38840295791875756,0.12207221828952514,0.07155319362824031,0.12032668631628113,0.2583260790234886,0.034016669650044636,0.005302195173662654,0.517692308712998,0.00011802280939265643,random
0.21799046314269727,0.15200852499996667,0.011961118767720984,0.16254503195348674,0.21627330825139277,0.05196261442190389,0.18725893846283165,0.517692308712998,0.00011802280939265643,random
0.17048949237838912,0.13281146586173972,0.04185468894858729,0.09891997472370546,0.38152256124051775,0.08955105938263559,0.08485075746442507,0.5176439939851667,0.0001182262332810309,random
0.4547893355250426,0.05858655369213456,0.023739320573543,0.28382495085776255,0.051737234866359005,0.05202301208328694,0.0752995924018713,0.5176439939851667,0.0001182262332810309,random
0.18966774856615523,0.2048737336300792,0.09117097446097629,0.059624628441978,0.24670068690321892,0.005335188481315306,0.202627039516277,0.5176439939851667,0.0001182262332810309,random
0.19241785129538697,0.1256532136623068,0.030940437615932768,0.210211922276375,0.3558296558970606,0.0740340136552884,0.010912905597649401,0.5175956792573353,0.00011842997711357474,random
0.222967195530324,0.07452327085518251,0.09905329701672888,0.005405396564943252,0.4790436791116237,0.06639234166188655,0.05261481925931127,0.5175956792573353,0.00011842997711357474,random
0.18424473874335787,0.12465178159994265,0.03342769418066767,0.2619971757075326,0.2221621742116176,0.0669370479391438,0.10657938761773755,0.5175956792573353,0.00011842997711357474,random
0.14438263244333954,0.21149076773289832,0.19742603485306665,0.17290610958712183,0.09562267668830315,0.16809366835145484,0.010078110343815611,0.5175473645295039,0.00011863404134165195,random
0.16074816236657102,0.06499771033543492,0.11999037396045989,0.031888300307854285,0.5442551998033337,0.07417890818430914,0.003941345042037179,0.5175473645295039,0.00011863404134165195,random
0.15128623089809265,0.18483724440189564,0.06066076776106312,0.040728116385925946,0.4225134858252511,0.07765025139125996,0.06232390333651158,0.5175473645295039,0.00011863404134165195,random
0.2557690219908244,0.271446190511489,0.08733935175000569,0.015981791454941486,0.21817096559452123,0.06993099545035955,0.08136168324785853,0.5174990498016726,0.00011883842641718408,random
0.11941905015802474,0.10538676409758913,0.019927422237227384,0.06855841584409425,0.5288174985125277,0.11246440058629936,0.04542644856423746,0.5173541056181785,0.00011945351125608237,random
0.12681231557219683,0.008538382223158955,0.027550525370689402,0.044556087599927706,0.35055649337151595,0.1448651870663656,0.29712100879614567,0.5173057908903471,0.00011965918425179393,random
0.06661673205420186,0.12710891020686488,0.2254625826396585,0.2233987166728296,0.17032205983007714,0.16619496003886836,0.020896038557499705,0.5171125319790217,0.00012048511194437186,random
0.15446307605713833,0.18533005348938872,0.020678634326378217,0.018210659362994975,0.19895670660441578,0.06983507452540233,0.35252579563428166,0.5170642172511903,0.00012069240507550186,random
0.15842238088002855,0.1388068415734432,0.1449529503174861,0.06819868091808048,0.39199838839074275,0.05687321602073277,0.04074754189948617,0.5170642172511903,0.00012069240507550186,random
0.06784044652675451,0.22106481311514245,0.0066350055999447296,0.09959115491894667,0.3678122087429278,0.20696894367456906,0.03008742742171484,0.5170642172511903,0.00012069240507550186,random
0.30103970955669074,0.013230658895850164,0.0717942928173157,0.011435735902394507,0.446383861916653,0.01754231577972567,0.1385734251313701,0.5170159025233589,0.00012090002360401012,random
0.04857449173930744,0.08395633447194382,0.1428530607820066,0.018937365129304527,0.47996322539843306,0.06244440492441058,0.16327111755459392,0.5170159025233589,0.00012090002360401012,random
0.24194841774488152,0.2321659637432012,0.052116122631606,0.08124643401932233,0.1742259985368465,0.037742740560818125,0.18055432276332445,0.5170159025233589,0.00012090002360401012,random
0.0783857601695606,0.0750323336827144,0.1379657552633462,0.285333477986712,0.266469251592431,0.02805282838343166,0.12876059292180414,0.5169675877955276,0.00012110796798797135,random
0.06576387394333272,0.12896186364169057,0.3141824376069219,0.027755589704095713,0.1295182524700243,0.2644128479176971,0.06940513471623773,0.5169675877955276,0.00012110796798797135,random
0.2282737942147762,0.1421339284029567,0.016892705511763785,0.22946543520781487,0.2320246543026146,0.003518651356343106,0.14769083100373054,0.5168709583398648,0.00012152483615737387,random
0.31415785007238983,0.13298760143814656,0.025531008815503287,0.1481915372980778,0.20601260595022217,0.06250630302480648,0.11061309340085367,0.5168226436120336,0.00012173376086178148,random
0.027135745978114398,0.04792856737708663,0.09154898911360713,0.37738818929165596,0.14942810215808783,0.09724029821226703,0.20933010786918096,0.5167260141563709,0.00012215259381166354,random
0.2730494756172372,0.2812897832402277,0.07868914984162571,0.05623151727271929,0.05014580342568334,0.12324474939367197,0.13734952120883467,0.5166776994285395,0.0001223625029794957,random
0.11064719836401359,0.07766725644096148,0.22507874612694104,0.0023267897879238075,0.5137755087140194,0.01331899327973569,0.057185507286405014,0.5166776994285395,0.0001223625029794957,random
0.10991650854764769,0.21718701382909145,0.013205073684716028,0.03257156448699708,0.2979422283633179,0.15797546371946544,0.1712021473687644,0.5166776994285395,0.0001223625029794957,random
0.2656571745360803,0.07308432230316518,0.4269558338166553,0.0068332882632212355,0.035359362196800616,0.1181743432577344,0.07393567562634308,0.5166293847007082,0.00012257274122510228,random
0.10670593451123078,0.30431463653056817,0.049261127335691206,0.10623003503729431,0.08154273429483994,0.33076947349527136,0.021176058795104105,0.5165810699728768,0.00012278330901108035,random
0.15874263570454614,0.14307158359794425,0.2563497758481108,0.1990612889322139,0.022839970779338123,0.16962565055348305,0.05030909458436351,0.5164844405172141,0.00012320543505736146,random
0.0535446137626881,0.11725307209577478,0.024520470736729128,0.1753521177794556,0.4788929170929418,0.13114487398779928,0.019291934544611273,0.5164361257893828,0.00012341699424569486,random
0.39258273272877514,0.30655847263320934,0.15615378406564942,0.018586446405831385,0.008154320772340051,0.0955572073451691,0.02240703604902556,0.51633949633372,0.00012384110727708958,random
0.22387679655566706,0.08550567173382423,0.013530676293016356,0.11599377899518658,0.3640223292685036,0.12263714260788727,0.07443360454591481,0.51633949633372,0.00012384110727708958,random
0.16342770423622757,0.02882168961576973,0.02315337270207392,0.5391331449756033,0.16206480467108378,0.07583616731622338,0.007563116483018406,0.5162911816058886,0.00012405366205159679,random
0.04251559183615235,0.15520334292349308,0.20392894950986265,0.06293951002622768,0.405475102596247,0.08869527071211857,0.0412422323958987,0.5162428668780573,0.00012426654962055853,random
0.11527273933006403,0.10872174765378423,0.12457874773190976,0.11909348494620262,0.44257871044462216,0.0266554123453206,0.06309915754809643,0.5162428668780573,0.00012426654962055853,random
0.40052727855778936,0.15363725227964103,0.010057895547697347,0.14512989060794243,0.18883519800778045,0.051054169983917166,0.05075831501523213,0.5161945521502259,0.00012447977045112747,random
0.1822738787111017,0.21866631039984577,0.1344253596047569,2.8839013982478284e-05,0.20843630180648026,0.07846441602310095,0.17770489444073173,0.5161945521502259,0.00012447977045112747,random
0.2072662854288728,0.1836430700015027,0.01612169931351792,0.16542880700165552,0.3191211867455948,0.011211799067851254,0.09720715244100489,0.5161462374223946,0.0001246933250110253,random
0.19992956812722162,0.21721427429526777,0.019369450036336406,0.061134125725740715,0.18221537277651925,0.06743199803767548,0.25270521100123866,0.5160979226945632,0.00012490721376854792,random
0.30488511644626204,0.25613218935264004,0.1468567006067071,0.07222760030317772,0.031380546240212345,0.07809580748881909,0.1104220395621819,0.5160979226945632,0.00012490721376854792,random
0.03494004015201868,0.22993667709076732,0.08275823181682312,0.022189032618604807,0.365437415846077,0.24798346126571003,0.016755141209999037,0.5160012932389005,0.00012533599575251892,random
0.19279225995016597,0.13647328915825477,0.3455498130639163,0.10216541990632413,0.07980014653413778,0.13872199371328692,0.004497077673914312,0.5160012932389005,0.00012533599575251892,random
0.20411048117852904,0.22269154780855727,0.03971611392706755,0.018981933915485496,0.41571691097891694,0.06085554328828838,0.03792746890315528,0.5159046637832377,0.00012576612016088363,random
0.15555173519959997,0.18082728590955696,0.045895482209245504,0.12806141403590626,0.3876750235631642,0.0626822478119377,0.03930681127058941,0.5159046637832377,0.00012576612016088363,random
0.15081625932409642,0.3245647443631951,0.05776298479258907,0.08856727347213517,0.012566463145588708,0.34874626311244805,0.016976011789947523,0.5158563490554064,0.0001259816869510538,random
0.10260123382894819,0.11049960836755003,0.02299018145244934,0.07362545651048721,0.19745209065369448,0.030049323723813855,0.46278210546305687,0.515808034327575,0.00012619759076068366,random
0.25339205709283585,0.20977807154174888,0.08903773410240721,0.24423421407021087,0.15343865764239706,0.030875559230150854,0.01924370632024941,0.515808034327575,0.00012619759076068366,random
0.1391940942915652,0.07608899512615151,0.02660610606001144,0.18472241331905342,0.3470148427840536,0.11512267249198083,0.111250875927184,0.5155664606884183,0.00012728218165218328,random
0.09858233778045275,0.1201941677662165,0.070164143049856,0.072558626052769,0.4092165060170341,0.07232262178613365,0.15696159754753797,0.5155181459605869,0.0001275001175175424,random
0.3990000330947247,0.10243580889329244,0.0015962247653978307,0.0038338444389935116,0.43054040701096896,0.051671227084981376,0.010922454711641228,0.5154698312327555,0.00012771839372075383,random
0.20941001102912962,0.17980673095764033,0.011968990007960569,0.25890696528120327,0.08399379685360542,0.0523589559227351,0.20355454994772557,0.5153248870492615,0.00012837526912416622,random
0.08513542067832146,0.21407116039148202,0.011633274477990474,0.14578794167789746,0.3216066966314876,0.18505561807792872,0.03670988806489228,0.5152282575935987,0.00012881489649810228,random
0.2992177959032115,0.19901069149614672,0.2436486644425313,0.0197806523056427,0.13452027697601904,0.0014755753122712746,0.10234634356417753,0.5150833134101047,0.00012947691279643865,random
0.18919621281085208,0.19627473933380699,0.1544793105865633,0.015612433875330744,0.2193072389237896,0.017891116050131585,0.20723894841952584,0.5150349986822734,0.00012969827354711346,random
0.3233034691930615,0.299541627048884,0.01413665133449595,0.05661131454200186,0.053676302065804024,0.07306719024979531,0.1796634455659573,0.514986683954442,0.00012991997942563195,random
0.15577518085886524,0.13016302362420376,0.03259481082503681,0.046281712935051726,0.28065506078339286,0.015559596945124866,0.3389706140283247,0.514986683954442,0.00012991997942563195,random
0.08183650509688851,0.06633251644551555,0.0794984588435182,0.09429058455880224,0.4965685954334677,0.06756660167676552,0.1139067379450422,0.514986683954442,0.00012991997942563195,random
0.23914466735454995,0.08801151683129374,0.0382938253129139,0.019795983585293924,0.38713146275798976,0.026226190437766597,0.20139635372019218,0.5148900544987792,0.0001303644284956537,random
0.16741321851833657,0.12109353011793453,0.1874311497413496,0.19811363645016047,0.031062158184780867,0.09781547890168237,0.19707082808575563,0.5148417397709479,0.00013058717265335222,random
0.2280199356770774,0.216922993496927,0.08310469773545423,0.02186976045190344,0.36604381750720366,0.01939433747626746,0.06464445765516695,0.5148417397709479,0.00013058717265335222,random
0.3803370030346124,0.039656745134755866,0.06039769643056171,0.17697194379424624,0.2000835929582322,0.062096410900743235,0.08045660774684849,0.5147934250431165,0.00013081026387128813,random
0.17892342336299816,0.2704650081490873,0.1603905572893501,0.00011566024082612923,0.057466949682482275,0.2451575709395771,0.087480830335679,0.5147451103152852,0.00013103370263403103,random
0.15720692879365358,0.19892454484341,0.025866828087944264,0.33960265064241735,0.11806167191413126,0.11097181228513418,0.04936556343330934,0.5146484808596224,0.0001314816247351681,random
0.4285676705441838,0.03197054050937325,0.024167643514143255,0.24677996756239798,0.11584466224827611,0.04113547845065384,0.11153403717097166,0.5143585924926344,0.00013283378269233407,random
0.07586014317152906,0.055600964824482596,0.10248313849568755,0.113141282980381,0.5488817916153947,0.09389943070008804,0.01013324821243701,0.514310277764803,0.00013306037126150163,random
0.09698702011598613,0.10928807613596159,0.058126934401697285,0.3614341181784615,0.2864043751852716,0.02421494073204366,0.06354453525057821,0.5142619630369716,0.00013328731225371336,random
0.20645280798788668,0.22567171748641782,0.020795268417504627,0.12206494750125729,0.27799891762074996,0.0700170917615113,0.07699924922467222,0.5142136483091403,0.00013351460616005932,random
0.19895776824986247,0.26017946306134065,0.10530891387621168,0.031119633988893235,0.14576470633510497,0.1177537425204692,0.14091577196811783,0.5141170188534776,0.00013397025468249769,random
0.4788381771327053,0.011077230323375363,0.04265856618123719,0.0677077995132601,0.2825485481126834,0.09004805191675597,0.027121626819982658,0.5140687041256462,0.00013419861028375632,random
0.23069836774897323,0.09008322151201659,0.13132679602414518,0.05446817796629587,0.3514639722201053,0.0464440311839403,0.09551543334452356,0.5140687041256462,0.00013419861028375632,random
0.12189797602810415,0.11080113023845208,0.009686413525684674,0.29815839670677324,0.2727632182164906,0.023171735747039606,0.16352112953745568,0.5140203893978148,0.0001344273207694808,random
0.3464007706382653,0.015599630651655967,0.04271452819431316,0.2523238341041737,0.2115837733386014,0.009613754057486603,0.12176370901550408,0.5139720746699834,0.00013465638663374903,random
0.21652367175327858,0.2109322818963734,0.031803728551906024,0.17391865635179482,0.1194310702836075,0.0559842258230564,0.1914063653399831,0.5139237599421521,0.0001348858083712384,random
0.06124997218874921,0.11418528944193529,0.03724043758053453,0.15441706162047666,0.3994487876598352,0.07232007906718073,0.16113837244128829,0.5138754452143207,0.0001351155864772282,random
0.16336304774059734,0.15797740476659536,0.01870892330681622,0.2701823617820149,0.026383618438324253,0.030212215736719953,0.333172428228932,0.513778815758658,0.0001355762137788192,random
0.26389869458216547,0.26303681740388496,0.03459293195589976,0.09182285814339927,0.31779120759229257,0.020317221688438854,0.00854026863391891,0.5136821863029953,0.00013603827251276566,random
0.29707341267759374,0.0634553624698993,0.048687882124060534,0.17713763276840722,0.22674134271469357,0.0521276098679464,0.1347767573773991,0.5136821863029953,0.00013603827251276566,random
0.2643363255114158,0.10103267934720249,0.014184308627834695,0.038178993497198506,0.4529797708536338,0.0023849366030691322,0.1269029855596457,0.5135855568473325,0.00013650176666295036,random
0.19337259106743449,0.18779779211030595,0.2815424609177367,0.058043393015612836,0.10517287654527273,0.140428452175991,0.03364243416764628,0.5135855568473325,0.00013650176666295036,random
0.06853302748177288,0.11996305308428987,0.14014362651324733,0.14716403648171683,0.2987449408385344,0.01373481613681402,0.21171649946362464,0.5135372421195012,0.0001367340532667336,random
0.09127793851654592,0.07172633810876122,0.4041668265759281,0.07635874524564322,0.1623917082163445,0.18054553737495455,0.013532905961822553,0.51348892739167,0.00013696670022290906,random
0.1391293667006472,0.2771163839685266,0.08051077849403113,0.006533941028102347,0.30283906994615156,0.19310763341398265,0.0007628264485584318,0.51348892739167,0.00013696670022290906,random
0.21766468786572846,0.02615595848087574,0.08100328623866661,0.24151959137399165,0.4065375356505847,0.019835481257526533,0.007283459132626504,0.5132473537525132,0.00013813535783555262,random
0.2710124756810357,0.255212889139334,0.017676897209196987,0.040639180315683934,0.07736307274958823,0.06304709058492777,0.2750483943202333,0.5132473537525132,0.00013813535783555262,random
0.2803532275063323,0.1317620544170235,0.2855954422908202,0.16974834722613366,0.0320552739185447,0.02570047156646679,0.07478518307467875,0.5132473537525132,0.00013813535783555262,random
0.4512132302087394,0.31412193709637287,0.020506174453495063,0.004464567754308077,0.13364486434952436,0.013755324999723135,0.06229390113783713,0.5131507242968504,0.00013860536091873607,random
0.26209602529065307,0.22270556603693975,0.06605579635995397,0.001272136815359093,0.07890697267372847,0.02845211008483592,0.34051139273852965,0.5131507242968504,0.00013860536091873607,random
0.25200127532316385,0.2877967381325786,0.12218205551273967,0.03278035916032354,0.04335106476876898,0.15423606524676772,0.10765244185565756,0.512957465385525,0.00013954974363430923,random
0.02162842026325875,0.01858235927267774,0.24883357650179258,0.1148052397595137,0.11095695289706942,0.11507035195832113,0.3701230993473667,0.512957465385525,0.00013954974363430923,random
0.23780296843470164,0.27239455566349846,0.2084849686883837,0.02120008511278608,0.12516933777588934,0.13070773882307105,0.0042403455016696645,0.5129091506576936,0.000139786754047902,random
0.20941009641115704,0.16944413661431956,0.08171197426094377,0.24414073778820058,0.13772494293949067,0.028225506292696927,0.1293426056931915,0.5128608359298622,0.00014002413137048923,random
0.01709993689039575,0.04685167598044318,0.03389073098519831,0.04474181867352659,0.5844283270292048,0.2271363941892959,0.0458511162519355,0.5128125212020309,0.0001402618761107022,random
0.08642090050773393,0.09146863167557655,0.2481202951132318,0.2609463483215089,0.09765023092609865,0.1195895913491876,0.09580400210666246,0.5127158917463681,0.00014073846988159442,random
0.26564313160102154,0.30415541373950783,0.07029950472279434,0.0074078130828496985,0.08721872224559997,0.13552113203955274,0.12975428256867386,0.5126192622907054,0.00014121653944191144,random
0.06657288670681674,0.10079598727341216,0.3146736621520141,0.07413254488677118,0.016241761050855202,0.22468439537015597,0.20289876255997485,0.5126192622907054,0.00014121653944191144,random
0.28000265813810254,0.03376074315763954,0.016720246763869413,0.33874065590061836,0.1993008917402066,0.0023282593464954743,0.12914654495306827,0.5126192622907054,0.00014121653944191144,random
0.05980890236704981,0.02745520530730118,0.11871890708194158,0.2202034034551357,0.4696743646531091,0.045233475364421294,0.05890574177104156,0.512570947562874,0.00014145612892121342,random
0.13495554497175022,0.15478513327661556,0.037450708313198446,0.06125359728466368,0.38743529367304413,0.04663220988711151,0.17748751259361645,0.5123776886515486,0.00014241819679413793,random
0.23803784561081986,0.1169866974945308,0.03173698426130606,0.013933895603282578,0.48570961124882717,0.02113712825505819,0.09245783752617526,0.5123776886515486,0.00014241819679413793,random
0.2023076906558963,0.01904615062602821,0.013258605704376007,0.034020879480454895,0.28273203921073226,0.12848502114061897,0.32014961318189344,0.5123293739237174,0.00014265964382064163,random
0.26018160721143657,0.24306338622766005,0.09325730081901502,0.2146033471453752,0.040848066670366924,0.04919672996002164,0.09884956196612484,0.5122810591958858,0.00014290146390036072,random
0.3375503894805409,0.33330545413669177,0.023295595730514016,0.033428445287581716,0.12432409711849898,0.0926175964235076,0.05547842182266481,0.5122810591958858,0.00014290146390036072,random
0.08411563970445302,0.13832964255750357,0.09881272523164468,0.10941967906052463,0.41868061230152986,0.014265505942964562,0.13637619520137953,0.5122327444680546,0.00014314365754933059,random
0.05789248234720036,0.1755398711717162,0.10035453222676986,0.07954594486182742,0.20590673329775905,0.1517219289669292,0.22903850712779786,0.5122327444680546,0.00014314365754933059,random
0.28966034318118045,0.011073035923921693,0.11936370456565579,0.1498159629979801,0.3031023300648279,0.026278502497703582,0.10070612076873046,0.5121844297402232,0.00014338622528421342,random
0.1103071870985704,0.18701952878911166,0.04079587660009087,0.23283303357118984,0.15841822509544318,0.10770980764633861,0.1629163411992552,0.5120878002845605,0.00014387248508146433,random
0.07047255222380903,0.07686676487492473,0.11393478477949247,0.46653919974128644,0.024715102280552213,0.14585644333426837,0.10161515276566667,0.5119428561010664,0.0001446046933739667,random
0.20297462167480942,0.07727891058874675,0.04646118184930071,0.1314659091101181,0.37160831801563127,0.04920139110204198,0.12100966765935173,0.5118945413732351,0.00014484951650904645,random
0.11480238484391336,0.0594920373032162,0.06203731179933273,0.19256089169343646,0.2967044723422584,0.03762895619063023,0.23677394582721267,0.5118945413732351,0.00014484951650904645,random
0.2273533730592113,0.23852361265529037,0.04430005684179741,0.16233928128503627,0.1377431889828715,0.07083728662275625,0.11890320055303684,0.5118462266454038,0.0001450947173641053,random
0.14675509883733806,0.2828059109722966,0.00720108835419734,0.07988136332450872,0.20789224795183742,0.23866481951508706,0.036799471044734855,0.511749597189741,0.0001455862543213973,random
0.43597800885352117,0.33408855328097853,0.10877906709231905,0.028027618212666867,0.05133034350786206,0.029986081620805263,0.01181032743184712,0.5116046530062469,0.000146326405718878,random
0.3375714998500808,0.0889150598784189,0.046982348918729884,0.15307735476106524,0.25004344390742206,0.056036126369805365,0.06737416631447778,0.5115563382784156,0.00014657388387047802,random
0.04990308265153946,0.17003214699891397,0.04193920058250206,0.09735549129307725,0.4148915499710229,0.10693016804575138,0.11894836045719309,0.5115563382784156,0.00014657388387047802,random
0.37775235666723606,0.0466434271673404,0.08176448442462696,0.05393606052977793,0.34263192792610386,0.010923730276378585,0.08634801300853634,0.5115080235505842,0.00014682174340681226,random
0.09016302037109312,0.12714466095739935,0.13991916947050115,0.048283054720966855,0.4510204003451027,0.07456668873273968,0.06890300540219717,0.5115080235505842,0.00014682174340681226,random
0.21993699011133272,0.08895200333094673,0.04640100386416461,0.040084258156888854,0.34927478496394065,0.028597122955198968,0.22675383661752743,0.5114113940949215,0.00014731860873852908,random
0.3363590108132032,0.033796250345074844,0.028262824681382193,0.32510133192617396,0.15238775939961413,0.07597446683599351,0.048118355998558134,0.5112664499114274,0.000148066780293495,random
0.24010802341237478,0.024276150694240967,0.023930517299139985,0.03177723426660641,0.25445121282190947,0.103596116111067,0.32186074539466136,0.5112664499114274,0.000148066780293495,random
0.09016370966954902,0.108878658400904,0.5037831512915747,0.0012247829751476117,0.011092317214057826,0.23218797168373068,0.05266940876503602,0.5110248762722707,0.0001493214309754129,random
0.3013738285815256,0.024314595573972954,0.08665673702822917,0.03389863833141242,0.4243472593680673,0.03043961896267608,0.09896932215411644,0.5110248762722707,0.0001493214309754129,random
0.11196697945109786,0.14059202696303053,0.07678899641199563,0.03992258590568644,0.3649364797933372,0.04450595664408463,0.22128697483076773,0.5110248762722707,0.0001493214309754129,random
0.34666977586225406,0.1201332073515024,0.031214928603769364,0.09278465929086885,0.3903800880121513,0.0038754208942919323,0.014941919985162266,0.5109765615444393,0.00014957352060258625,random
0.3940087034614718,0.06837853357121713,0.08456837196155366,0.12332638176107368,0.26054179817205003,0.04926144947802212,0.019914761594611616,0.5108799320887766,0.0001500788636081623,random
0.08688728333682191,0.04813417275395218,0.3364366396046445,0.07866892430029528,0.21858789637489107,0.11393788893356856,0.11734719469582647,0.5108799320887766,0.0001500788636081623,random
0.07113690052830483,0.03146676308990959,0.07475665066014182,0.055207661902627665,0.5480767860703231,0.14498566508877025,0.0743695726599228,0.5107833026331138,0.0001505857618430466,random
0.21321320887878692,0.1451212599835321,0.16911074081548275,0.24110754968488593,0.05509911331205697,0.01984436766755531,0.15650375965770003,0.5107349879052825,0.00015083979550925225,random
0.19532790980223774,0.09329573826017448,0.06721432286137409,0.11084674451242114,0.4367967578562431,0.05558369545753775,0.04093483125001175,0.5106866731774511,0.000151094219589393,random
0.02458609350798124,0.12743646474316384,0.2544693140360745,0.009063356923110465,0.04074228333273303,0.2515494616694951,0.2921530257874418,0.5106866731774511,0.000151094219589393,random
0.16544855899168362,0.20451406672924516,0.02330464111521138,0.08210304251983469,0.028624943420088974,0.11576148518732837,0.38024326203660774,0.5106866731774511,0.000151094219589393,random
0.15063293916779402,0.01668655657126195,0.11271791136020691,0.007722937329985482,0.5448991577512114,0.05508573191034833,0.11225476590919181,0.5106383584496198,0.0001513490346203416,random
0.1644775873000664,0.18737558088774628,0.07778320702312161,0.038312517824375364,0.4191582484096092,0.01657067310256725,0.09632218545251386,0.5106383584496198,0.0001513490346203416,random
0.08799080500320987,0.12392949325563653,0.05488839288525975,0.0013771166538880668,0.5655359538846116,0.09148342201892996,0.07479481629846434,0.5105900437217884,0.0001516042411396103,random
0.2280448352728149,0.06681895110723955,0.13575615060896526,0.013066737440662063,0.3598888658038326,0.0407145045273562,0.1557099552391293,0.5105900437217884,0.0001516042411396103,random
0.12178187013135745,0.139319109504334,0.009784777633699166,0.06022816909804712,0.19600060727212743,0.009550306230116412,0.46333516013031834,0.5105900437217884,0.0001516042411396103,random
0.28178290846020204,0.2273440288021126,0.1137634808471865,0.026372663698085226,0.141768014074149,0.00444369829048995,0.20452520582777473,0.5104450995382943,0.00015237221501211554,random
0.09538034059785358,0.2688754290954214,0.04298969294608354,0.006018680543430093,0.08132204339009236,0.2828602842383217,0.22255352918879748,0.5103001553548003,0.00015314373169174943,random
0.048532190301919395,0.06937430851835263,0.27915494826504705,0.04480292326852388,0.45545859126588445,0.03840722722502578,0.06426981115524681,0.5102035258991375,0.00015366005158725665,random
0.17090685650528184,0.17199804745357858,0.08096136274348774,0.004162821987258806,0.14121868105995922,0.03786547641798817,0.39288675383244565,0.5101552111713062,0.00015391880579575286,random
0.23381864617056272,0.03043184630970737,0.06643588365780176,0.08288777740249367,0.45515517214258305,0.0733867303177878,0.05788394399906374,0.5100585817156436,0.0001544375054540709,random
0.21814947257089848,0.2997419067121114,0.07869085238310192,0.03718367785633388,0.10433836734237928,0.1786130649174941,0.08328265821768104,0.5100102669878122,0.00015469745199377745,random
0.16553360229554723,0.08377109525170266,0.26158499311260414,0.048443516173962545,0.09804685407782975,0.04862736613059511,0.29399257295775866,0.5099619522599808,0.00015495779706818825,random
0.3299483035403231,0.25956678641640996,0.14568421186023509,0.06761252296237194,0.10456680327839653,0.012582356671444353,0.08003901527081903,0.5099619522599808,0.00015495779706818825,random
0.10958199351917107,0.08550823122109259,0.31588402473562105,0.03529679423416065,0.28513128212933947,0.06901162931827151,0.09958604484234354,0.5098170080764867,0.00015574122896857987,random
0.12745178319363473,0.12617650760669066,0.16665102051092606,0.0006409781010147045,0.5017145314327118,0.05826011728218212,0.019105061872839727,0.5096237491651613,0.00015679141755465032,random
0.22764983597296115,0.050222460033128656,0.04368917456218971,0.08447263116497997,0.42755534474044565,0.09317524388012767,0.07323530964616712,0.5096237491651613,0.00015679141755465032,random
0.1610831371608053,0.009163433990361356,0.4092200421974183,0.07349045908856214,0.2636193175992916,0.018442685274492422,0.06498092468906874,0.5094788049816672,0.00015758328778896764,random
0.21816655239089663,0.07039665110729429,0.03146063502411352,0.12190998311507267,0.15643339644291898,0.034364402608823494,0.3672683793108806,0.5094304902538358,0.00015784805296225907,random
0.13014292762350288,0.24112943425528952,0.022205323336679496,0.014284649706625187,0.35874092694665516,0.14431617018121473,0.08918056795003303,0.5094304902538358,0.00015784805296225907,random
0.056728488983924644,0.10130626337988852,0.03130187612241434,0.1811172092897106,0.23993686242864787,0.06542710670413132,0.3241821930912827,0.5092855460703417,0.00015864478152047512,random
0.09420556167139828,0.17224603458541002,0.00796675556386957,0.18035147946837046,0.4578263191662801,0.06830555558989604,0.019098293954775535,0.5091406018868477,0.0001594451712999866,random
0.14530582739786363,0.060770715530749336,0.03989901723948801,0.021889445244201257,0.4906682195103935,0.08837246263809162,0.15309431243921257,0.5090922871590163,0.000159712784096006,random
0.19171125007950576,0.11467711889571602,0.12732154715508945,0.028510735343667392,0.4731467439960817,0.043165830929287115,0.021466773600652782,0.5089473429755222,0.0001605180789101314,random
0.11582982260196605,0.08588026005706616,0.4103412602163565,0.0064567769989832165,0.09973359820715563,0.1897171783450936,0.0920411035733788,0.5089473429755222,0.0001605180789101314,random
0.35938823660839136,0.07458958210932627,0.005894401762108379,0.24394480082418998,0.17888976319404926,0.005055542158016097,0.13223767334391853,0.5088990282476908,0.00016078733118926605,random
0.19233799302811677,0.05876175199611411,0.06351508163140086,0.0020415239105079698,0.33819788622661023,0.022625221321386595,0.3225205418858635,0.5088507135198596,0.00016105699474014144,random
0.5835676010435269,0.04350440743362459,0.02307861295072539,0.12226785792315138,0.055469048821727956,0.011686336671385987,0.16042613515585785,0.5087540840641969,0.00016159755790465168,random
0.22848870754031467,0.3177638275555095,0.024490324996885488,0.02221136930724685,0.10466294573772873,0.20029007917213165,0.10209274569018305,0.5087540840641969,0.00016159755790465168,random
0.08967040524188107,0.03434201719434473,0.2776553437486396,0.044803162295516,0.15790638889236633,0.09023816926177301,0.30538451336547945,0.5087057693363655,0.00016186845864371805,random
0.08259474868437475,0.031446869526138566,0.21253118261494935,0.4281210924080297,0.14445716645614368,0.06439851871685284,0.036450421593510876,0.5086574546085342,0.0001621397729053909,random
0.23351112060210844,0.2860384879075641,0.08256838815329542,0.13585777115581246,0.05657732025974629,0.14616730336943454,0.05927960855203878,0.5086574546085342,0.0001621397729053909,random
0.023949804611622594,0.08146506379620067,0.23423368157283406,0.21428265844310931,0.31163460519428504,0.09936769330281095,0.03506649307913734,0.5086574546085342,0.0001621397729053909,random
0.12261900780212591,0.2669424482335974,0.10658006617482438,0.023719334347049016,0.1570391170386296,0.217645348696419,0.10545467770735448,0.5085608251528714,0.00016268364425477055,random
0.1917985517700614,0.2695133407045156,0.11837165298848654,0.015718226937851184,0.3070109975643552,0.08815714497105644,0.009430085063673757,0.5085125104250401,0.00016295620247325557,random
0.11142635861605288,0.08942574899423923,0.44698039167446985,0.03544028734927689,0.0947499427633271,0.20623417256404009,0.01574309803859383,0.5084641956972087,0.00016322917647590654,random
0.28082730264622147,0.12100777526824685,0.3439744161128819,0.08112508517566654,0.0530166907696649,0.02737075044029709,0.09267797958702136,0.508367566241546,0.0001637763741026369,random
0.15586645699992946,0.13160305756072296,0.16689454602033388,0.42378282060341727,0.05075294535037801,0.05416498022544422,0.0169351932397741,0.5082709367858833,0.00016432524167955012,random
0.17811857607503034,0.03163536458742949,0.09692886443210008,0.02048174359835542,0.37151103060196533,0.029637069173751137,0.271687351531368,0.5082709367858833,0.00016432524167955012,random
0.37218445967513974,0.03543657941530685,0.06184040425315215,0.024832822595635278,0.454918020422829,0.02318069525373727,0.02760701838419972,0.5082226220580519,0.00016460030312245077,random
0.4421091658312926,0.35099684998172453,0.10323931192136546,0.016728042799003372,0.014965370255290768,0.020212816348650867,0.05174844286267231,0.5082226220580519,0.00016460030312245077,random
0.2133475757700439,0.11453210030898985,0.023858013078331654,0.13409852938102357,0.4530200999702502,0.042500353504658,0.018643327986702894,0.5081743073302206,0.00016487578376199534,random
0.17135055114800213,0.021237771245520492,0.0218173913877868,0.18539219008327742,0.4465744599524451,0.10720580330734261,0.04642183287562541,0.5081259926023891,0.00016515168416929182,random
0.13987118622257802,0.19659382335106718,0.1688175284616642,0.10444370427792861,0.3201258243564031,0.0031203969340906643,0.06702753639626821,0.5080776778745578,0.00016542800491611422,random
0.11263887439553881,0.027854924707201204,0.16897178952928027,0.001065747993466835,0.5034156396894998,0.10007965348714486,0.08597337019786805,0.5080293631467264,0.00016570474657492552,random
0.0690149138146015,0.27251883689349815,0.013960022568451911,0.01646615358391481,0.234699601108093,0.2974296601886074,0.09591081184283345,0.5079810484188951,0.00016598190971885422,random
0.10447136520877763,0.13878585245887254,0.06265016320157249,0.2454427959037259,0.2765708485079475,0.06480218933682824,0.10727678538227554,0.5078844189632324,0.000166537502757992,random
0.19153543370618634,0.21520956387927678,0.17345894818030627,0.2300234143568936,0.049427801636383904,0.11457569284379382,0.025769145397159278,0.5078844189632324,0.000166537502757992,random
0.24683420395612946,0.24296271308154072,0.14688066697717994,0.014992820086444836,0.08839401111052392,0.06589097503582188,0.1940446097523593,0.5077394747797384,0.00016737406782241844,random
0.20313934588518814,0.1752152997550091,0.3185058029272487,0.02660687783273354,0.08119706376897523,0.16440185669709673,0.03093375313374861,0.507691160051907,0.0001676537719508485,random
0.12514756684747527,0.14827339225538,0.35594741428168475,0.02281020462476494,0.052273209285788706,0.2263180715977689,0.06923014110713747,0.5076428453240756,0.00016793390159533858,random
0.22897335231256188,0.1491940920887877,0.2822443485531326,0.16280064701006622,0.10272124906643809,0.049479370643248505,0.024586940325765118,0.5075462158684129,0.00016849543974746683,random
0.07142648467241215,0.16970704826963234,0.08883704429891057,0.11891625296930365,0.2594695546230161,0.108342258795356,0.18330135637136905,0.5075462158684129,0.00016849543974746683,random
0.20615804357222167,0.220741705264867,0.026888246099726888,0.27160633044710286,0.21382309556250217,0.04069750899128767,0.020085070062291894,0.5073046422292561,0.00016990677224257324,random
0.5547403308447654,0.08493897975213935,0.015698897210762466,0.19229210153123397,0.06492415149224785,0.0006118658414165725,0.08679367332743465,0.5073046422292561,0.00016990677224257324,random
0.12000784957513858,0.11514767584524177,0.1282101059779901,0.05183988964114971,0.5482799856006573,0.016402210868454968,0.020112282491367553,0.5072563275014248,0.00017019032690155834,random
0.2754592593655383,0.054108497037928825,0.035129816062959576,0.09325873426627627,0.36682975952168395,0.09317245329369726,0.08204148045191584,0.5072563275014248,0.00017019032690155834,random
0.14332898235644012,0.25364149994967,0.09550442151977652,0.04018194078956183,0.04162728874201707,0.2212243820266802,0.20449148461585412,0.5072080127735933,0.00017047431230838675,random
0.10928473403982457,0.1992515597365758,0.10140361385524681,0.027946776766926244,0.31789881586169993,0.07056771107546789,0.17364678866425878,0.5072080127735933,0.00017047431230838675,random
0.05442582299646352,0.10685007342114462,0.10531425073621255,0.019517088941800563,0.41110729782474503,0.034622498620791003,0.2681629674588428,0.5070630685900993,0.00017132885886676926,random
0.11931879192128698,0.1292200739016345,0.12594409413045266,0.03704206628314687,0.4782995298150404,0.03845309849554942,0.07172234545288933,0.5069664391344366,0.00017190072105019116,random
0.11337410536976093,0.11880885427496486,0.04354931884809414,0.22057503318113506,0.20750658351689324,0.010039723044637924,0.2861463817645136,0.5069664391344366,0.00017190072105019116,random
0.2978338586011115,0.021893109581800175,0.04318461110445446,0.0704576067876841,0.24606113620833323,0.024048853855310404,0.296520823861306,0.5068214949509425,0.00017276177279899337,random
0.3175183636773914,0.29151756976471327,0.08734584248327305,0.05124191728739441,0.1602120513356032,0.046526841018024845,0.04563741443359974,0.5068214949509425,0.00017276177279899337,random
0.18442047697939185,0.21323902959721966,0.26263112362211716,0.07518232838231882,0.10692067157611813,0.15288131307913816,0.00472505676369637,0.5067248654952798,0.00017333798649236636,random
0.3628415935001194,0.03554923971276854,0.06760292536996737,0.16175209714372646,0.1753164428797889,0.031078048170420765,0.16585965322320845,0.5066765507674484,0.00017362674887019667,random
0.14373740673781402,0.04773181841186109,0.044330213646889674,0.285444884750299,0.3906044253145972,0.027803796324683692,0.060347454813855284,0.5066765507674484,0.00017362674887019667,random
0.37205732788708656,0.04281524396523576,0.1301948020756996,0.027983030190880935,0.309963260012209,0.021697119600429193,0.0952892162684589,0.5065799213117858,0.0001742055876499137,random
0.09823981111784627,0.2351301801270625,0.2170009762882657,0.008587460361656479,0.05590161852745788,0.326979070160433,0.05816088341727824,0.5065799213117858,0.0001742055876499137,random
0.15807150448277624,0.1952323105801144,0.229861596908261,0.10242770065585557,0.059217570393295296,0.18014777378165786,0.0750415431980395,0.5065316065839544,0.0001744956652385972,random
0.2501017309474372,0.07950214306917078,0.12988603414527305,0.08122363454305376,0.3770205217660625,0.010713463363639734,0.07155247216536281,0.5064349771282917,0.00017507713978583695,random
0.2810910017396951,0.08241797366957959,0.11863016464673265,0.03315489325735817,0.4278212170772306,0.04585746234901062,0.011027287260393112,0.5064349771282917,0.00017507713978583695,random
0.0862664604307627,0.1541243538062028,0.26569107702905165,0.06345332312645714,0.1370052339561101,0.19458356174627006,0.0988759899051456,0.5063383476726289,0.00017566037746401708,random
0.08864104519465534,0.09346005160210663,0.027247204500925052,0.43737008973264624,0.11915326499775485,0.07453411164061997,0.1595942323312921,0.5062417182169662,0.00017624538304826504,random
0.06072343695655736,0.023316886130801392,0.010844870223704301,0.0977831578564697,0.4458625520589243,0.1464539226720579,0.21501517410148502,0.5062417182169662,0.00017624538304826504,random
0.21514345642561702,0.0571333130897062,0.047029786609216334,0.10046206938797975,0.3954195397599092,0.04474953300114788,0.14006230172642353,0.5060967740334722,0.00017712621672170674,random
0.2536773811946677,0.25302672536950144,0.03622910193810147,0.005146497331712985,0.06298414943615166,0.07833935439171834,0.3105967903381463,0.5059035151221467,0.00017830689405765079,random
0.31095674945703317,0.19242983715801706,0.18811625453841968,0.02330169206010875,0.00831719287426931,0.012850077215623819,0.2640281966965282,0.5058552003943154,0.00017860318034140752,random
0.33933002742416896,0.10050248065125754,0.02737353029898316,0.18570390484196378,0.08813476538040782,0.03405956560804513,0.2248957257951735,0.5055653120273272,0.00018039032697886523,random
0.17364022580108,0.21891878906093493,0.14232167574903964,0.05430680483668078,0.2621714501446247,0.036999739274287576,0.11164131513335247,0.505130479476845,0.00018310157317154608,random
0.2016503416383696,0.10930985413069638,0.013756332669798617,0.19883037191169675,0.31226304914253245,0.007499165372805564,0.1566908851341006,0.505130479476845,0.00018310157317154608,random
0.12858332473352216,0.26014472474392136,0.06935909872165584,0.0009045574710671006,0.3717543751336152,0.1633589473825672,0.0058949718136510525,0.505130479476845,0.00018310157317154608,random
0.3421189499418458,0.30205863807073136,0.019619061107532983,0.006802685652331044,0.03707918624861666,0.05874525938139065,0.23357621959755143,0.5050821647490137,0.00018340510025016378,random
0.1639400537458983,0.2849335081187954,0.10259297900757983,0.04925050287783276,0.1510911358843648,0.2069618611158086,0.04122995924972029,0.5050821647490137,0.00018340510025016378,random
0.14767066527852196,0.2630150993188873,0.14066889060166202,0.009129057693901467,0.2737031503847307,0.1331720479239037,0.0326410887983928,0.504985535293351,0.00018401352828153661,random
0.02568791377618509,0.033875474330541305,0.11375807303944115,0.017658303281874163,0.27063996168270454,0.015764282167264745,0.522615991721989,0.5049372205655196,0.00018431843046781213,random
0.371842547484345,0.30958008686266436,0.07707593634154711,0.04022274079548,0.055215039170520494,0.024031895846792405,0.12203175349865088,0.5049372205655196,0.00018431843046781213,random
0.1039625666676926,0.22345287139675674,0.14386441149712778,0.008977899233401981,0.19247164983217224,0.16931344156740938,0.15795715980543923,0.5048889058376882,0.0001846237922580307,random
0.1718281892994735,0.11347679857985951,0.3434763167312527,0.03026500758411481,0.07492500139057533,0.12359835040188923,0.1424303360128349,0.5047439616541941,0.0001855426414415486,random
0.059810874925504035,0.18991440983137217,0.13327077226182632,0.3013184322124003,0.024106192841984144,0.28332117896148645,0.008258138965426487,0.5047439616541941,0.0001855426414415486,random
0.05800765677898328,0.19924277243704594,0.034437732124420924,0.10928595560749203,0.4265640794973095,0.12458825865981996,0.04787354489492839,0.5046956469263628,0.0001858498478403582,random
0.07512452049541353,0.051097694021546805,0.028704130184772796,0.0001678511122779367,0.446106033919029,0.12612639653301352,0.27267337373394634,0.5046473321985314,0.0001861575169431365,random
0.0929773016525972,0.17049423689634652,0.1221902739409313,0.13164777002063796,0.09915496705206919,0.11937864455462945,0.2641568058827885,0.5046473321985314,0.0001861575169431365,random
0.1244292860363562,0.025179954026836687,0.12665817594891046,0.007159907626750104,0.368137716669377,0.04956316892183409,0.29887179076993553,0.5045990174707001,0.00018646564937205336,random
0.0769939324488031,0.17890686005587725,0.15140886873868148,0.051443939437788765,0.3134799381324462,0.07829077492807847,0.14947568625832477,0.5045990174707001,0.00018646564937205336,random
0.16205998983288136,0.06967284773114017,0.03229576430258704,0.13446281185926884,0.43720801444410806,0.11141633620918337,0.0528842356208313,0.5044540732872059,0.0001873928328482816,random
0.09754978534234093,0.19192584072281568,0.05207461289799344,0.03300077398240688,0.20909369434983402,0.12072354329362031,0.29563174941098874,0.5044057585593746,0.00018770282481801615,random
0.08829794219443293,0.03288348095765376,0.35133380226816063,0.17274871890722948,0.07694662574161305,0.11969239871338734,0.15809703121752272,0.5043574438315432,0.000188013283235651,random
0.21002921404662897,0.02950597707117279,0.3718146235489504,0.014317580628655605,0.007781251591131168,0.05531437716109661,0.31123697595236455,0.504309129103712,0.00018832420872771813,random
0.29866609788002907,0.058638807995892654,0.029864138588749093,0.20199059567132296,0.2865707872974629,0.03763370566730604,0.08663586689923733,0.5042608143758806,0.0001886356019214791,random
0.04816252522045085,0.11043893480596019,0.15903591108323428,0.048221850206610926,0.48394887644205575,0.04155316337300347,0.10863873886868469,0.5040675554645552,0.00018988586428426502,random
0.14785167903677132,0.007942181374447433,0.10086072796236731,0.26566779813534425,0.40020759839426506,0.010358133549488273,0.06711188154731634,0.5038259818253984,0.00019145929110154234,random
0.26959837297218164,0.07091952319223921,0.023660389024228762,0.08600156104274682,0.3648262139833693,0.0532233934139415,0.13177054637129257,0.5038259818253984,0.00019145929110154234,random
0.11862023770558004,0.29137035256887467,0.00925882075115769,0.012500169636943415,0.34249549438138593,0.2248199612356234,0.0009349637204348246,0.5038259818253984,0.00019145929110154234,random
0.42627977987172944,0.3647640211493499,0.026496452955781836,0.005492418806460971,0.027291611022149356,0.07486538359734762,0.07481033259718087,0.5036810376419043,0.00019240903030019388,random
0.24346515344861197,0.12779437595988288,0.1178556019331235,0.02538868098034484,0.4404381650511685,0.021717726677880134,0.023340295948988187,0.5035844081862416,0.000193044568319596,random
0.11413745999741409,0.07636628827590496,0.291243744797736,0.28264753894073624,0.10370995509293256,0.08327693498590288,0.04861807790937326,0.5035844081862416,0.000193044568319596,random
0.15170547944910132,0.05034721153398619,0.03253689310857068,0.32908650400759104,0.3434547452392249,0.04794813867563502,0.04492102798589082,0.5035844081862416,0.000193044568319596,random
0.04363303247405594,0.15045113234374952,0.10025979735011577,0.065535578910792,0.44720374601142493,0.04826759567512371,0.14464911723473822,0.5035844081862416,0.000193044568319596,random
0.3139094925046102,0.2900630502572812,0.08571224749498617,0.010764870352168485,0.05926122506611067,0.039036714120982335,0.201252400203861,0.5034877787305788,0.00019368201513400435,random
0.06816159636963079,0.2050620919135352,0.19555409994273354,0.04016041145946301,0.23428099748423079,0.19836158355698122,0.05841921927342545,0.5034877787305788,0.00019368201513400435,random
0.251932467208443,0.26602125170079105,0.15596057059533144,0.01981775961078546,0.09351954143636416,0.09383556056917425,0.1189128488791106,0.5033911492749161,0.000194321375858535,random
0.19514461869369873,0.1411387172374123,0.09699978609299433,0.05126134635132329,0.45271211169981407,0.006337604428280244,0.056405815496477,0.5032945198192534,0.0001949626556201669,random
0.06976165552809946,0.13110758930024316,0.03394632300959672,0.01989163437059967,0.5026570349168424,0.06882226933938017,0.17381349353523845,0.5032945198192534,0.0001949626556201669,random
0.20401864498704084,0.07333729085826324,0.3696289027626727,0.11083996223110189,0.04568390092611735,0.07467959950346062,0.12181169873134338,0.5032945198192534,0.0001949626556201669,random
0.16034165436102457,0.1519453036977818,0.3200461199938686,0.01451689112336154,0.09981870989840015,0.14129253803755046,0.11203878288801292,0.503246205091422,0.00019528401674532742,random
0.2320250121760388,0.248025062178309,0.07951196172829551,0.2651927972423318,0.05162690394639028,0.06878844630854633,0.054829816420088225,0.5030529461800965,0.0001965742845646849,random
0.10572702788812087,0.10505909583066836,0.031680901004574026,0.037118070277830935,0.44397722580792465,0.03337921794597217,0.243058461244909,0.5029563167244339,0.00019722232150294231,random
0.25215882381080673,0.2828933042513044,0.04443588690921853,0.003723441192300606,0.18837922904671997,0.07635546179544857,0.15205385299420127,0.5029080019966026,0.00019754706799378306,random
0.450936202979803,0.04934878393638767,0.032570180296205904,0.1659769095944295,0.2559425675613993,0.04083550251404848,0.0043898531177262385,0.5029080019966026,0.00019754706799378306,random
0.10835699585648588,0.1757576396759996,0.2469007818385244,0.020510622372306032,0.06749096282470146,0.20989881718506984,0.17108418024691285,0.5027630578131085,0.00019852422733984974,random
0.2911702942876495,0.03396376605684589,0.04621780157454499,0.16564675051694913,0.319892155241373,0.1002388334870024,0.04287039883563502,0.5024731694461203,0.00020049174406592616,random
0.12987745593556754,0.13896286856594484,0.2973085287321851,0.047648702454092536,0.22626965724469605,0.0979703408961918,0.06196244617132207,0.5023765399904576,0.00020115151266969486,random
0.24978764032912149,0.24598059489294535,0.0866543334197709,0.19938043952534334,0.13965603372790591,0.03665844534860528,0.0418825127563077,0.5023765399904576,0.00020115151266969486,random
0.07388540084025949,0.18635176444659307,0.16252375728357177,0.16753500328989135,0.21727340565419787,0.14529310918733943,0.04713755929814703,0.5022315958069636,0.00020214486770576162,random
0.10447182818285428,0.24686612874107944,0.03906322695495139,0.011724306744121768,0.05487061686467614,0.24876576441333595,0.2942381280989812,0.5021832810791321,0.00020247697591917034,random
0.1194111696726189,0.2293221029235488,0.1898415315912983,0.09463950911632371,0.2031443702005408,0.1547607997940293,0.008880516701640294,0.5021832810791321,0.00020247697591917034,random
0.08395033130305797,0.17829818260823083,0.23382762502107388,0.00862402648301528,0.20747634839860743,0.16564997757409022,0.12217350861192453,0.5020866516234694,0.00020314268110708053,random
0.09059565838072241,0.08135067941052526,0.36508652445843387,0.038336922825766916,0.2645959186856227,0.11292833375644609,0.047105962482482895,0.5020383368956381,0.00020347627940392238,random
0.28963139664123355,0.3555460877020101,0.03492085196922392,0.0035963664016609056,0.14365084170949055,0.15820314160857726,0.014451313967803721,0.5020383368956381,0.00020347627940392238,random
0.16094092011181868,0.2030546593359738,0.038176819496868956,0.08578731079307718,0.4104880280349625,0.016830280039705815,0.0847219821875932,0.5019900221678067,0.00020381037571884646,random
0.033682503063861016,0.06246398408259044,0.043450484073905594,0.057338974700478135,0.4839327491463721,0.058774734661102106,0.26035657027169057,0.5019417074399755,0.0002041449707149265,random
0.037778687750209684,0.17893772812395264,0.03650371571389263,0.045447902802443804,0.5894076848571499,0.1010574654911985,0.0108668152611527,0.5018450779843127,0.00020481565940667194,random
0.22633231834810308,0.23829143754164764,0.23169278602141213,0.08312235174264661,0.039556769981254555,0.16795327686251946,0.013051059502416546,0.50174844852865,0.00020548835079902596,random
0.05117460924992221,0.1706116241968317,0.09015123581981616,0.008963865226313098,0.38762518666375867,0.07866199485250715,0.2128114839908509,0.5016518190729873,0.00020616305022410516,random
0.07535606044219699,0.13719946355458867,0.09295199575246511,0.009593951078373237,0.03404271172869589,0.13797960116116872,0.5128762162825112,0.5015551896173245,0.0002068397630263038,random
0.012470154371583117,0.11393470458181981,0.03453554246997158,0.19559258763385176,0.5054219534317863,0.10872735794385852,0.029317699567128933,0.5015068748894932,0.00020717887611730498,random
0.2647240328260069,0.29297568105960586,0.01824139686802698,0.0043274362549599946,0.2523104594250512,0.03236635705902966,0.1350546365073195,0.501216986522505,0.0002092241906271784,random
0.2843332802024004,0.3144647578233093,0.029980582775999503,0.010806011551164457,0.24187664835425982,0.059241027307189255,0.059297691985677276,0.5011686717946736,0.00020956685532492003,random
0.10609317129374583,0.1137989544155149,0.24638162036906575,0.014183445310642329,0.17547071876108478,0.06828470572540372,0.2757873841245427,0.5010720423390109,0.00021025371560972348,random
0.12824152661871213,0.1821489297020797,0.3002394792888257,0.02323886420442797,0.2293251570467093,0.13125541648399483,0.0055506266552502745,0.5010720423390109,0.00021025371560972348,random
0.06061348095025669,0.18983443047966084,0.15160808304223125,0.22762779151084994,0.1467645710658773,0.1979671930601997,0.025584449890924465,0.5009754128833482,0.00021094262159700554,random
0.09231405965040035,0.07332775970433428,0.02654511973329814,0.13554607335511715,0.502299316381702,0.16884706457362136,0.0011206066015267118,0.5009270981555168,0.00021128784342575938,random
0.1617593606684357,0.18069831315892362,0.05241596490285586,0.004227387663909347,0.16422760513540535,0.015213254342367494,0.42145811412810263,0.5009270981555168,0.00021128784342575938,random
0.10452745943681468,0.0656801632337515,0.03893342815795864,0.18016647443258785,0.4309060629467978,0.06262950641157866,0.11715690538051088,0.5006855245163601,0.00021302166814548542,random
0.11206523332763445,0.1899176517052894,0.07697870079231288,0.05362916250647624,0.4373099060740115,0.015385320705560781,0.11471402488871495,0.5006372097885288,0.00021336998098125503,random
0.0504167952996835,0.16635138500429167,0.2429788455681477,0.02027514161505331,0.2729690020016341,0.17852982898056965,0.06847900153062016,0.5005888950606974,0.00021371881137682576,random
0.15808229225250683,0.16973457302521466,0.1966434528735505,0.25925389907971674,0.11025839756617815,0.07329791305628773,0.03272947214654532,0.5005405803328661,0.00021406816001770423,random
0.18680856466998,0.3360994251037996,0.07802792237253682,0.015228285473701687,0.10946635173973912,0.2622243315856148,0.012145119054627878,0.5003473214215406,0.00021547075077188384,random
0.25838254163569013,0.0348574767686147,0.01612681325625125,0.04274369736491578,0.4200737460093039,0.0954896507555171,0.13232607420970713,0.5001057477823838,0.0002172357323218214,random
0.22133240119048916,0.24821334386940153,0.2284361692677112,0.0576210558258846,0.04991575517375571,0.17038546394904655,0.024095810723711277,0.49981585941539564,0.00021937104761854523,random
0.044212947582159504,0.12059979721287735,0.029869886389824015,0.05154744453976442,0.48213474203370854,0.10906246402342616,0.16257271821824001,0.4997675446875643,0.00021972878205550812,random
0.14419109903178892,0.22705132602292027,0.03762089989103681,0.021895491019114015,0.5071696985879562,0.0516758844891679,0.010395600958015852,0.4997675446875643,0.00021972878205550812,random
0.10492396486973543,0.10942920433705637,0.13940377074435203,0.3746259786042693,0.136497916850274,0.0321665568806816,0.10295260771363124,0.4997675446875643,0.00021972878205550812,random
0.051036124431231074,0.05901246231776309,0.20741077088261262,0.35050472668637517,0.24950117800242785,0.04780458579546579,0.0347301518841243,0.4997675446875643,0.00021972878205550812,random
0.13828017313443014,0.16239607535238906,0.24064742307298134,0.002960039359783096,0.3038075324254137,0.012318657707113028,0.1395900989478896,0.49971922995973295,0.00022008704651199746,random
0.04302082296723749,0.03741574509513236,0.10217127511532698,0.05823691487798173,0.49807358791796924,0.05225147062556026,0.20883018340079193,0.4995742857762389,0.00022116502699999819,random
0.1510699090490023,0.2122088772999082,0.09068773521333522,0.017594475495327833,0.06468078188672928,0.11215821529639715,0.3516000057593001,0.4995742857762389,0.00022116502699999819,random
0.3036487662404888,0.2943371744723785,0.047991631359876365,0.11897010203268128,0.08583366045285493,0.04851634266881935,0.10070232277290075,0.4995259710484075,0.0002215254185399569,random
0.19634414141245243,0.2572291788188137,0.022852298705670536,0.04966476476387309,0.43474092257951874,0.014994290964988749,0.024174402754682953,0.4995259710484075,0.0002215254185399569,random
0.22907695214613713,0.23536292650037763,0.1467772046493501,0.1621206243566325,0.09539369971612698,0.05277043420902308,0.0784981584223527,0.49947765632057617,0.00022188634360611673,random
0.2689038778542884,0.05343908413345159,0.37514088958470404,0.10930855634567409,0.01900375401209541,0.043508503241104876,0.13069533482868154,0.4993810268649134,0.0002226097971327772,random
0.08638496867036034,0.3153195611510158,0.06415758187400701,0.05600571366336346,0.0808932241406806,0.3489692848737427,0.04826966562683009,0.4993327121370821,0.00022297232700315033,random
0.27099946860589774,0.26289878888625245,0.05263623241430691,0.1064857649870258,0.1878003433566887,0.021485312225043324,0.09769408952478507,0.4993327121370821,0.00022297232700315033,random
0.18800358417417798,0.09761650400827769,0.008577715728362204,0.09692978907852437,0.37199444797365183,0.04907746481636434,0.18780049422064152,0.4993327121370821,0.00022297232700315033,random
0.04235983706359704,0.011823201841936994,0.10375939977979795,0.06826306830674442,0.6233502416261731,0.12198147238461683,0.028462778997133644,0.49923608268141934,0.00022369899648868246,random
0.24712201318422508,0.0425805067112174,0.02154990815149329,0.14493286445320905,0.34475714468338203,0.0907300900913517,0.10832747272512135,0.49923608268141934,0.00022369899648868246,random
0.1244292168019962,0.24300136038794065,0.18086177087543662,0.0753857197002214,0.13522893655081236,0.2340615820346924,0.007031413648900238,0.49923608268141934,0.00022369899648868246,random
0.15855694034401469,0.022712112812503873,0.0577881377057334,0.154853360965003,0.422481345926911,0.02487383996069985,0.15873426228513407,0.49923608268141934,0.00022369899648868246,random
0.052279765485866166,0.14526790668783696,0.08297495190330927,0.09326957627735578,0.23144910027742244,0.0885502700522619,0.30620842931594755,0.49913945322575665,0.00022442781701757648,random
0.3058380654556938,0.13367100491289924,0.3893355771023607,0.05886699240726208,0.05653947452365036,0.03617374116332902,0.01957514443480469,0.4989945090422626,0.00022552509342748203,random
0.14612581705061253,0.03368089246852761,0.3830112207146603,0.1271553921318355,0.011967351072921932,0.0686085278291172,0.22945079873232482,0.4988978795865998,0.00022625931640648424,random
0.11282290754115423,0.12554209346989365,0.20035116601022615,0.31444748769093034,0.1930785553434776,0.01725127961735354,0.03650651032696435,0.49865630594744303,0.0002281043842723837,random
0.07802360732027495,0.053347000607936644,0.03411749575340023,0.02791004157591839,0.4126792507803606,0.09646592380285782,0.29745668015925136,0.49851136176394895,0.00022921797506313945,random
0.11190625858150298,0.20190266335392915,0.1292310736643487,0.024285474244010025,0.22092655787734486,0.10041972448782455,0.21132824779103973,0.49851136176394895,0.00022921797506313945,random
0.15383325075420556,0.10873589253185408,0.3968360813606001,0.009819522996175126,0.07005689735243133,0.14751500155809852,0.11320335344663529,0.4982697881247922,0.0002310849388207621,random
0.15419765241333933,0.11265862055589719,0.1640933002945013,0.4935467937100377,0.003082175520485972,0.05621875517990803,0.016202702325830466,0.4981248439412982,0.00023221173632277078,random
0.3509742732668548,0.039136959375488264,0.014171715491693541,0.11009473748383841,0.259519245522128,0.11384361753108606,0.11225945132891094,0.49807652921346685,0.00023258844304688614,random
0.2241247910183892,0.12542525418402276,0.3862586936707592,0.08602032952798608,0.013855478843434377,0.13750498239152414,0.026810470363884186,0.4980282144856354,0.00023296570476083532,random
0.05918530387582383,0.048707705469276975,0.1633729896910977,0.011899691321964383,0.6306894839657665,0.05440861655450672,0.03173620912156373,0.49773832611864727,0.0002352409706622554,random
0.0224542050802153,0.17433614496940342,0.23437478582128904,0.002881593920186182,0.39383456457949506,0.13100504276199437,0.04111366286741667,0.49773832611864727,0.0002352409706622554,random
0.125899935604143,0.09140011273225877,0.42613477378090464,0.019201772801950977,0.11310674740628214,0.11267566656181018,0.11158099111265028,0.4976900113908159,0.00023562213773799077,random
0.2863648733995525,0.05917941084274154,0.009128841135673459,0.1782791865343442,0.3572279564229246,0.05258226472585946,0.057237466938904254,0.4974967524794905,0.00023715242176954824,random
0.2442085494661535,0.13161028814192904,0.3697751392061957,0.00021015551204659705,0.02982877799334872,0.10811412145464744,0.11625296822567896,0.4974967524794905,0.00023715242176954824,random
0.3316943535222659,0.040274346577610365,0.02107178389508642,0.20299725748236905,0.2323516820020464,0.051717904223480604,0.11989267229714133,0.4974484377516591,0.0002375364003893734,random
0.18877818508650468,0.22771784386731422,0.1384000268392187,0.03151415712657571,0.214951096492118,0.035325670690801274,0.16331301989746744,0.49740012302382774,0.00023792094352879578,random
0.18598391636528613,0.05302934757632315,0.4936460653005109,0.03761854439487204,0.050633905879606186,0.08226702263876266,0.0968211978446389,0.4972551788403337,0.0002390779674574931,random
0.20986818326103077,0.022874601770763885,0.02664306211706479,0.295063118953717,0.291818336820732,0.09845196642958971,0.055280730647101796,0.49720686411250237,0.00023946477607232432,random
0.018934511828988445,0.09330976676280489,0.4534468276464253,0.00542713415267603,0.02045993819986088,0.20178688801583317,0.2066349333934115,0.4968686610176828,0.00024218838826918236,random
0.08541336281754794,0.27020904894771525,0.08109641734149974,0.017482813857995116,0.09833292239959265,0.2876238513994289,0.15984158323622052,0.49682034628985144,0.0002425797635144601,random
0.10082293932382777,0.24381317591228077,0.052851434320234966,0.15373283010756572,0.1664801086964899,0.19034587487110333,0.09195363676849758,0.49677203156202016,0.00024297171294986573,random
0.03540733745284753,0.09231390559760677,0.06394279609007815,0.06517387246324124,0.5099795981144799,0.0073620859077884095,0.22582040437395798,0.4967237168341888,0.00024336423732516617,random
0.08492279152320302,0.14262611374044742,0.30359786391231347,0.07312806390174253,0.19358046806706514,0.1475830419776685,0.05456165687755986,0.4966754021063574,0.0002437573373909708,random
0.2227301003160291,0.025395523469508765,0.5377602587072833,4.569734449594503e-05,0.13487433048337105,0.07132785196777629,0.00786623771153561,0.49662708737852607,0.00024415101389873244,random
0.34628911990424155,0.03190904109987689,0.0004880858008861803,0.03673988490679465,0.43861364975597417,0.12562566735506056,0.020334551177165937,0.496482143195032,0.000245335509600979,random
0.030190841490639365,0.01816384848822455,0.22823588071888842,0.12737028551556662,0.23666569165117216,0.014948622273094505,0.3444248298624144,0.4963855137393693,0.0002461280694269828,random
0.09471290056645518,0.01626115703706218,0.19994899113061823,0.09213694221142918,0.570823792266835,0.00840824963493423,0.0177079671526663,0.49628888428370654,0.00024692295312765927,random
0.2171015863403959,0.18805749764627983,0.21596693700498296,0.01209836673151835,0.046158219574933504,0.09999202557680206,0.2206253671250875,0.49628888428370654,0.00024692295312765927,random
0.17299766914000594,0.053426382171762835,0.5185667935600732,0.018505580404259855,0.11207821245873828,0.10006517510926873,0.024360187155891222,0.49624056955587514,0.0002473212683249958,random
0.15899972064958753,0.135942302630686,0.020482126551250816,0.0017307034748221743,0.5181990006172037,0.027263102960375277,0.13738304311607455,0.49624056955587514,0.0002473212683249958,random
0.04383722377448528,0.17427027972313622,0.2900601886345585,0.056433582850110534,0.08856140586294176,0.31748763454423495,0.029349684610532587,0.4960956253723811,0.0002485197164166188,random
0.3342872291063378,0.024246875736692788,0.034451299503857634,0.14489192379888013,0.38195659255794523,0.03403978840727359,0.04612629088901291,0.4960956253723811,0.0002485197164166188,random
0.20690146092385167,0.09007503311491902,0.0018041195604781345,0.011082814020134184,0.49717998178631373,0.03512371941601065,0.15783287117829256,0.4960956253723811,0.0002485197164166188,random
0.1444539609596921,0.206488148459021,0.12121204564688384,0.32368996627635094,0.011758220173113915,0.15925353099734643,0.03314412748759178,0.4960956253723811,0.0002485197164166188,random
0.27351190815273224,0.0642205628934973,0.006671666366145537,0.03765598609904084,0.4174154667327957,0.05752309379497806,0.14300131596081042,0.49604731064454977,0.0002489203691496747,random
0.2795891091157166,0.2295747320874968,0.22498776424510827,0.13892165287236785,0.039509497518225675,0.06154601203926411,0.025871232121820773,0.49604731064454977,0.0002489203691496747,random
0.09595797569081703,0.03869974531755925,0.1418330324287542,0.12084912340458838,0.47909327941555013,0.019821668273980637,0.10374517546875055,0.49585405173322433,0.00025052885060022277,random
0.07739756225701072,0.24767369287678268,0.18019951602066886,0.0016393422799129236,0.07628722595540556,0.31951869353231865,0.09728396707790064,0.495805737005393,0.00025093244241564545,random
0.09839488800364184,0.08477432335538251,0.03394879250020328,0.11638397190981703,0.5138006090438725,0.06313620524472666,0.08956120994235621,0.4956124780940675,0.0002525527184920595,random
0.2647877243386045,0.14447944572827293,0.3505073887591783,0.0030482065594065267,0.03401824156652984,0.07421980929496298,0.12893918375304492,0.4956124780940675,0.0002525527184920595,random
0.03757072224263136,0.17243376112142467,0.07649754434108444,0.0653122831860951,0.5208565967775008,0.0446636594570396,0.08266543287422408,0.49546753391057347,0.00025377415134705735,random
0.03717184083761339,0.1863703168549875,0.02835316746955999,0.02127759597212068,0.5473638668666699,0.10140886746044332,0.07805434453860516,0.4953225897270794,0.00025500094375217105,random
0.27571327655954564,0.29470948977311273,0.05024209503021532,0.0002018070472761748,0.03726264323286766,0.10887561532656133,0.23299507303042116,0.4953225897270794,0.00025500094375217105,random
0.03146890357598117,0.10232854970920545,0.07032033369206309,0.18669442555251792,0.31409607545305746,0.043771330310057456,0.2513203817071173,0.49493607190442857,0.0002582987516734964,random
0.06770317729290666,0.12273579938441362,0.1936734133773564,0.0937974133090819,0.04417942640640335,0.18654768191444754,0.2913630883153906,0.4948394424487659,0.0002591292286667138,random
0.16919465857014654,0.09099615583200829,0.02427770209373394,0.12629700272430175,0.5529994191852089,0.022644734552738435,0.013590327041862228,0.4947911277209344,0.00025954537521709055,random
0.039550878790497596,0.1918466660762811,0.07372557548281064,0.20174175130707545,0.06452178945750463,0.2323083420955362,0.19630499679029445,0.4946461835374404,0.00026079745650579975,random
0.19601833031758834,0.2630366544437666,0.1741377722068692,0.004565958908126565,0.29059651435186185,0.02384566514925786,0.047799104622529384,0.4945495540817777,0.000261635219932543,random
0.03666377731399059,0.12508352032695452,0.027324138348947095,0.41980161551192824,0.19757973901045955,0.1870179314223957,0.006529278065324147,0.4945495540817777,0.000261635219932543,random
0.14732506395848305,0.06711128543638999,0.4251891189639055,0.015249673668759125,0.05424112416025134,0.06745496857077413,0.22342876524143704,0.4945495540817777,0.000261635219932543,random
0.14068847867735687,0.12272569868386703,0.37853611985330615,0.03543507233867481,0.030816826798962256,0.16080271051878753,0.13099509312904542,0.4945012393539463,0.00026205501678168983,random
0.17204456525597964,0.060827119127616805,0.0011857778924076238,0.007827518372068602,0.6078562536075625,0.12000440635861846,0.03025435938574649,0.4944046098982836,0.00026289644470280793,random
0.16508624078834655,0.15269000386360018,0.29532559557321325,0.0013071954274771207,0.1216944167467622,0.09022642823711152,0.17367011936348914,0.4941630362591268,0.00026501075112015196,random
0.11551225229262828,0.16363987237441308,0.14573800427799335,0.24921813696359396,0.2106964911203788,0.058564660082664255,0.0566305828883283,0.4940664068034641,0.0002658607850208897,random
0.05247888691290552,0.06208008952472412,0.40865726475349734,0.08816700992032206,0.1626169734506748,0.15651052708194318,0.06948924835593295,0.4937765184364759,0.00026842575142960136,random
0.339726028591022,0.37166996179545386,0.036938975585280726,7.066663236797655e-05,0.06301927740300672,0.12436364254004037,0.06421144745282839,0.4935832595251505,0.0002701481804318491,random
0.09097375914245255,0.21227477798364472,0.15099231278507882,0.006831288238079956,0.04182567477783048,0.24900480515595844,0.24809738191695507,0.4933900006138251,0.00027188063068258765,random
0.14107616817822505,0.26911243990546646,0.07357188194290148,0.00044383004222733717,0.0879046860240649,0.20194919212822543,0.22594180177888937,0.49329337115816235,0.00027275062995433077,random
0.10503887150284563,0.1266690764302556,0.2790924357919122,0.006594035728819503,0.3100575999473269,0.043853937126135153,0.12869404347270502,0.49329337115816235,0.00027275062995433077,random
0.0686397747189318,0.04102017749088325,0.012377795299424909,0.0038249675202617094,0.3415689089895639,0.023007502365549104,0.5095608736153854,0.49319674170249966,0.0002736231539807493,random
0.09884975207988378,0.24919836541186752,0.12096980093915378,0.09304702521618613,0.21819740354619077,0.1696930529236818,0.05004459988303632,0.49319674170249966,0.0002736231539807493,random
0.12067269293603318,0.23188906658153044,0.1135627895565261,0.11158251654928589,0.1838950139744135,0.12315291883668755,0.11524500156552343,0.4931484269746683,0.0002740603648110289,random
0.07159709391280616,0.10785233245981218,0.48946742115318326,0.02070553296433698,0.07116031754471511,0.22115529958665994,0.018062002378486208,0.4931484269746683,0.0002740603648110289,random
0.2839910477094989,0.05975029060901424,0.44652869572794424,0.044783712023709746,0.061960696852150575,0.02986364337731945,0.07312191370036278,0.493100112246837,0.00027449820927266064,random
0.13309961056873057,0.2148428203711727,0.18520684131151585,0.21390211311058702,0.1446926747097566,0.09661218218078046,0.011643757747456737,0.4929068533355115,0.0002762559397684038,random
0.09283982070066156,0.1988985978640727,0.02721929057430095,0.09301267521314349,0.4746324002586815,0.02119389885816478,0.09220331653097501,0.49271359442418605,0.0002780238738171467,random
0.15070743605969664,0.14015747845446708,0.2286179381810291,0.2826095150178082,0.14891389452976567,0.036924732101719586,0.012069005655513746,0.492568650240692,0.000279356552073424,random
0.059797652185061785,0.155175964625522,0.18472439769322443,0.22265149624004435,0.17232446883572708,0.14769885403070446,0.05762716638971581,0.4924237060571979,0.0002806950216951296,random
0.061449299150096726,0.1657025930789157,0.18734297532321248,0.049894947717664465,0.34305180420538406,0.05759090036720996,0.1349674801575167,0.4924237060571979,0.0002806950216951296,random
0.21272010897534113,0.006171029091822382,0.4160048113399926,0.10770284643517876,0.13413074001521758,0.014848955991254976,0.10842150815119259,0.49237539132936653,0.0002811424690672666,random
0.14830938510499678,0.04439225815687868,0.06500320316522522,0.003447431966867162,0.6646121573505784,0.05656639661150648,0.017669167643947298,0.4922304471458725,0.00028248869529478606,random
0.10109244792928201,0.008804086308226017,0.16995041784056644,0.015195096224637081,0.6646634520576339,0.030986994280431755,0.00930750535922267,0.49213381769020975,0.00028338942452377534,random
0.28097903027597376,0.23891428516595564,0.2638491336415612,0.0011712467478422765,0.1846462165689292,0.0050264059697175175,0.02541368163002042,0.49208550296237835,0.0002838407651616953,random
0.09181306580334013,0.17670640218845166,0.12111349508310931,0.20585182536073923,0.22703983702305183,0.0875633578718411,0.0899120166694666,0.4916989851397276,0.00028747502526253364,random
0.15220004776791976,0.14004414509611876,0.013478261248940436,0.030118438313238127,0.5410982411064353,0.042998157577542266,0.08006270888980538,0.4916989851397276,0.00028747502526253364,random
0.3187953858297739,0.26920780382286613,0.209396145129864,0.07725650500812761,0.03011625911005824,0.07224097391437453,0.02298692718493562,0.49155404095623345,0.0002888487151050393,random
0.1405604728956829,0.05154728285631911,0.2818938410115739,0.004113826502885181,0.1759754605451056,0.007238693272916385,0.338670422915517,0.4913607820449081,0.00029068956014248514,random
0.10343098357699618,0.19754588677651194,0.10024521026855399,0.10419394453890957,0.3993508501752817,0.029638425840385615,0.06559469882336101,0.49131246731707673,0.0002911514303683694,random
0.14691594108437478,0.2474184156385403,0.0671754575471036,0.017061578120870006,0.3174741628686892,0.07353245599377141,0.13042198874665076,0.49126415258924533,0.0002916139658796113,random
0.0439207965048742,0.16143876416116776,0.1575096942888803,0.012161524083184095,0.3180680663279245,0.0521044617701603,0.25479669286380885,0.49126415258924533,0.0002916139658796113,random
0.03244975039511315,0.13098563607920544,0.289758225072142,0.05717178383912855,0.14727752137271413,0.2227964876788081,0.11956059556288881,0.491215837861414,0.0002920771675272199,random
0.16467603302568284,0.25900603815596357,0.01591934635556554,0.09822606938975982,0.28632004788315274,0.1125238333775636,0.06332863181231198,0.49102257895008855,0.00029393665253418555,random
0.19700854530338818,0.047935298375051456,0.3957104290321376,0.044928524982383394,0.20042400669490773,0.02240810383745021,0.09158509177468148,0.49102257895008855,0.00029393665253418555,random
0.08180975507751656,0.01905822546105224,0.4278752377545107,0.1548380680088813,0.14777962599892538,0.09147849345848463,0.07716059424062913,0.4909742642222572,0.00029440319766147014,random
0.030441567133376167,0.10129163461683327,0.08612246046846417,0.024691500239966527,0.5225139296137533,0.029909044699246996,0.20502986322835973,0.4908293200387631,0.0002958068640469009,random
0.10515553856209948,0.21508919359777548,0.1345528520204483,0.21869981665494187,0.11230367643627416,0.1664966547211498,0.04770226800731088,0.4907810053109318,0.00029627609937158994,random
0.2750556422702394,0.04147699391017318,0.011078177443638672,0.1577333382658885,0.42401515862412403,0.0674644004452014,0.02317628904073471,0.4905877463996063,0.0002981597962680634,random
0.30808372448615584,0.22974701250786458,0.25763791112659185,0.0068546310638647676,0.12399674194091849,0.0076371850669270155,0.06604279380767751,0.49053943167177494,0.00029863241370534647,random
0.062332617070206486,0.12647540820926406,0.2863806228159318,0.07871603018435523,0.026557937985223008,0.20653343327769072,0.21300395045732884,0.4904911169439436,0.00029910571015669574,random
0.10764827827104483,0.23728356763186662,0.22268407121018866,0.04216681793460976,0.07854698163344204,0.26004383068716463,0.051626452631683445,0.4902978580326182,0.00030100570343812353,random
0.02650733218235476,0.20486330529775143,0.013078331178591961,0.07375754178591527,0.1132049394404824,0.23657871132259015,0.332009838792314,0.4902978580326182,0.00030100570343812353,random
0.13737510163685812,0.08838122912431538,0.262504241815713,0.3683545449882764,0.04953032200857158,0.04949802000409626,0.04435654042216924,0.4902012285769555,0.0003019597967257681,random
0.23094257850062916,0.038804545091460085,0.5496108519799593,0.05029211317853533,0.04999566136848415,0.048534956467184386,0.0318192934137476,0.4900562843934614,0.00030339607706433586,random
0.0736109340390095,0.1077073614116531,0.2813142197570297,0.09045259560489376,0.27071244896440616,0.07791908413177422,0.09828335609123358,0.4900562843934614,0.00030339607706433586,random
0.0828097098190478,0.2289389043246791,0.058080025416430876,0.03659757852057669,0.4228601006065785,0.08690828357544375,0.08380539773724327,0.4900562843934614,0.00030339607706433586,random
0.14021596994054053,0.16566798419522288,0.07898549857891568,0.19363727431168973,0.1449334083631955,0.02849177350298299,0.2480680911074528,0.48991134020996735,0.0003048385468650278,random
0.09826972492081973,0.2033147658140478,0.10730829953100411,0.03875881788730593,0.38791241844133245,0.043786146312237796,0.12064982709325218,0.489863025482136,0.00030532074965618027,random
0.18899700622715576,0.33543821673885027,0.07136010893165992,0.012316731254511175,0.1676846481868069,0.22357042713020026,0.0006328615308158,0.4896697665708105,0.00030725648187355376,random
0.23843761044756212,0.1751920353888043,0.3166399574987991,0.016754772998795447,0.025900865142556368,0.10118109031868285,0.12589366820479977,0.48962145184297917,0.0003077421495952827,random
0.05662323240907769,0.10181970121214508,0.1656172135870077,0.21870103331209112,0.25493804652999774,0.013783943439444366,0.1885168295102363,0.4895731371151478,0.0003082285129490057,random
0.1987126596197033,0.30724196510143426,0.07798631483992903,0.09566316438873433,0.09528237564417184,0.18603339083869672,0.039080129567330514,0.4895248223873165,0.000308715572818927,random
0.14190302564015314,0.16652808100269295,0.27327266325744054,0.07370990524614458,0.022635474165719514,0.17982881896627187,0.14212203172157759,0.4894765076594851,0.000309203330090215,random
0.09619962839643044,0.18900420675341323,0.16471318547679123,0.09537663594706905,0.3694062430600116,0.017634991710998422,0.06766510865528591,0.4893798782038224,0.00031018094038238173,random
0.11447492801280597,0.2133266800074023,0.09678632517182778,0.11971159030009103,0.34744040763772494,0.06740607235258313,0.040853996517564904,0.4893798782038224,0.00031018094038238173,random
0.20590239658060433,0.1270599468864197,0.26668020901187806,0.2618848494153391,0.08013692375081788,0.01442924886943633,0.04390642548550455,0.4889450456533402,0.00031461494268944366,random
0.10754230324851245,0.1680348561479632,0.2799963554687616,0.00564437422260261,0.176818384993606,0.1261125705948892,0.13585115532366487,0.48880010146984604,0.00031610565702583284,random
0.14539819505902246,0.016513316965468774,0.07359820424292017,0.06033555422562348,0.6352329946962991,0.02920648349431485,0.03971525131635103,0.4883652689193639,0.0003206162804644442,random
0.22586507328063618,0.2205271970650039,0.3039214861917207,0.05610582307746857,0.029011812932350178,0.162834353780058,0.001734253672762523,0.4882203247358698,0.0003221327298360607,random
0.2691410250410089,0.3299209560405095,0.03631665795984508,0.003224624561552081,0.09608527265488373,0.14269807457600825,0.12261338916619256,0.4880270658245444,0.0003241647699557773,random
0.08245099301968936,0.21017514760632483,0.05334267678673115,0.0817949053252779,0.42609190787779216,0.07869733541772123,0.06744703396646339,0.4879304363688816,0.00032518513830163395,random
0.12920367877278152,0.23561126315555553,0.1405678622279208,0.04421589656352591,0.14063219530871307,0.1410017589936521,0.16876734497785098,0.4879304363688816,0.00032518513830163395,random
0.08642277332859082,0.17883688358341615,0.09605909803375147,0.2254414110524736,0.042495880037011026,0.14800813959963016,0.22273581436512668,0.4878338069132189,0.00032620841528025076,random
0.1038513965774215,0.2152281021574711,0.2131837747696548,0.07456452788336998,0.09237678425179771,0.2315990378427038,0.06919637651758119,0.4878338069132189,0.00032620841528025076,random
0.2731122808751599,0.3149973647556089,0.01077366492329841,0.013222231928905507,0.07366406476552442,0.11695045144885759,0.1972799413026455,0.48768886272972484,0.00032774880052016545,random
0.2419602634078317,0.35596084490746527,0.0018181756362099792,0.08259466020444306,0.11052642384558571,0.18333382503825776,0.023805806960206632,0.4876405480018935,0.0003282637245573224,random
0.048363352941881696,0.16957336933979317,0.09528324518177915,0.0015513722121217714,0.31982832939152595,0.0829077293043559,0.2824926016285424,0.48730234490707397,0.00033188875979004915,random
0.16556947191399765,0.06310930600131347,0.36744551613912524,0.08960142265082957,0.01655488360438833,0.04044552154886521,0.2572738781414804,0.48720571545141134,0.00033293112278442126,random
0.10348035428534762,0.26890022098455035,0.13419383215881667,0.07324385044017061,0.039746718063751955,0.29827942057659257,0.08215560349077022,0.48715740072358,0.0003334534153740003,random
0.039186758315742,0.11277316429760871,0.4365915152492748,0.08685515085501981,0.07143087851833563,0.2137859890281494,0.03937654373586973,0.4869641418122545,0.0003355500148064247,random
0.17550255181360758,0.2308810677944496,0.23736110523215329,0.10793106952028386,0.030547935665565976,0.19013583590569286,0.027640434068246827,0.48691582708442316,0.000336076026612736,random
0.2568640578278397,0.2607132375406339,0.11626429489753469,0.26180929013375404,0.024803767442569416,0.06462509078013938,0.014920261377528778,0.4865776239896037,0.0003397790682690691,random
0.05697402640731039,0.16044197077447878,0.1068053778904904,0.0018653746383962178,0.25752565233251057,0.061514991276915315,0.35487260667989834,0.48643267980610955,0.00034137736602972527,random
0.19634448955517245,0.07819645659779147,0.459724650955291,0.0364761530296386,0.12380244606129252,0.05850477236790331,0.04695103143291036,0.48623942089478417,0.00034351901948369165,random
0.02558906090644719,0.15254394158334175,0.1491081596560129,0.13185410149770824,0.4750821280168924,0.036400217768916075,0.029422390570681387,0.48619110616695277,0.0003440563302156998,random
0.11545223134525999,0.19374641965605804,0.11407769184895475,0.2512489687410279,0.015449311004897461,0.15627892606288943,0.15374645134091225,0.48609447671129,0.00034513323519429553,random
0.09363041257022776,0.1284248438249186,0.3711007261288492,0.05194055479794504,0.18826828661739406,0.13293597190423478,0.03369920415643058,0.4860461619834587,0.00034567283135136415,random
0.14191849018215014,0.16376778137957515,0.217956751992865,0.09927025505633753,0.14995356922224523,0.06803425551600258,0.1590988966508244,0.4860461619834587,0.00034567283135136415,random
0.06541854506448817,0.2859373375137481,0.06348972167426281,0.0004124099882374034,0.2034233297535043,0.2965765503445667,0.08474210566119236,0.485949532527796,0.0003467543157849409,random
0.042885561733766356,0.10106959135542404,0.3565995574125703,0.17639871155601267,0.051629260299434904,0.17577925983661924,0.09563805780617239,0.48585290307213325,0.00034783886276827035,random
0.0799022794424596,0.17933790916087106,0.15359003677125954,0.19843237415917556,0.19148390716379116,0.09550964327621093,0.10174385002623215,0.48575627361647056,0.00034892647998434236,random
0.11940821099876628,0.20709118691562445,0.11222936230290392,0.11936562055791501,0.092908110506828,0.12102393719663891,0.22797357152132325,0.4857079588886392,0.0003494714423350982,random
0.1334697443394082,0.11707918058157316,0.3701156421707335,0.00445721640423447,0.16914149954124644,0.0982872510692076,0.10744946589359662,0.48536975579381975,0.0003533078054131483,random
0.11885517508923966,0.10278620308702177,0.005021136975010087,0.0038137442276997783,0.39850677222537345,0.021364318192297088,0.3496526502033582,0.485273126338157,0.00035441088961543735,random
0.09222830538305597,0.33058593724830415,0.03168458834524623,0.01404480977797778,0.10228843571275922,0.3467555686158581,0.0824123549167984,0.485273126338157,0.00035441088961543735,random
0.27719894907463116,0.2603817332786041,0.2151907681017835,0.0017732597810855646,0.10971444257669141,0.05750923938689471,0.07823160780030947,0.485273126338157,0.00035441088961543735,random
0.11428526969260619,0.1850949422288441,0.1379249774955227,0.03479947666359771,0.24279030623431944,0.036831573110932866,0.24827345457417704,0.48459672014851796,0.0003622201839130146,random
0.11491202720219286,0.17823153981335882,0.18840339920468663,0.1229127154194814,0.11949491016688822,0.11393201868415677,0.16211338950923546,0.48450009069285527,0.00036334842084146513,random
0.0811090379438326,0.17823290659064048,0.18093060575804543,0.008280338129117588,0.009551357594833674,0.22384301647873656,0.31805273750479357,0.484065258142373,0.0003684649484797628,random
0.2856973940491118,0.05516310645593464,0.5337641113094693,0.046464129997933826,0.04706897016879916,0.021930416457409146,0.009911871561342085,0.484065258142373,0.0003684649484797628,random
0.20773165920972914,0.08987806556398695,0.46415035980824787,0.05844640565553273,0.01466476718679867,0.07550212105538658,0.08962662152031826,0.484065258142373,0.0003684649484797628,random
0.18243616683396865,0.35498320555842294,0.010484480990792454,0.0443887440853184,0.034008314678501766,0.2909145856292095,0.08278450222378608,0.484065258142373,0.0003684649484797628,random
0.07212952031813522,0.09421571519700632,0.004799716049582241,0.14432947080437755,0.4209692160588301,0.08127080039568424,0.1822855611763843,0.4838719992310477,0.00037075981745762304,random
0.1516538610868459,0.08847804731023254,0.45305055807606653,0.005478368489786171,0.15153560301876756,0.0750125622482123,0.07479099977008884,0.4838719992310477,0.00037075981745762304,random
0.37036596536456573,0.23070563913832812,0.2983008457975647,0.01125286443928953,0.030952122144106323,0.04196765639778871,0.016454906718356952,0.4837753697753849,0.00037191209504102546,random
0.13270587911604234,0.2867655653621376,0.03701507535939534,0.04700884049972916,0.25560519512465973,0.17230688770437325,0.06859255683366264,0.4836787403197222,0.0003730676120729618,random
0.11070699066837732,0.0702819215740029,0.42193049475820954,0.11310459567795987,0.16128903718872412,0.11316603054429382,0.009520929588432316,0.4835821108640595,0.00037422637661394724,random
0.1863434450045827,0.2822508003357799,0.14804036342099833,0.03247563656700136,0.08500313157290178,0.15787353584307245,0.10801308725566351,0.4835821108640595,0.00037422637661394724,random
0.2690867356573282,0.14485728175021406,0.34835928025492424,0.0476027057116266,0.018931013531323874,0.0656384585354599,0.10552452455912321,0.4834371666805654,0.00037597063017939043,random
0.05337941825155811,0.18699604183248938,0.08676198194331931,0.11541927671797803,0.25817866973606923,0.1263819164348335,0.17288269508375237,0.48338885195273407,0.00037655368055072126,random
0.1018687253479257,0.14444836876087155,0.27649748980507804,0.06260105577481768,0.1328003456097105,0.13765116208958664,0.14413285261200995,0.48334053722490267,0.0003771375488701319,random
0.05515831864890457,0.0613404465125745,0.02280707891252368,0.08182130478215022,0.6088482756946083,0.11382083259181543,0.05620374285742331,0.48334053722490267,0.0003771375488701319,random
0.10266987366709159,0.15733101289296217,0.06725029482919778,0.42987270944705114,0.022567171662267585,0.13528579126519308,0.08502314623623679,0.4829540194022518,0.0003818380636550224,random
0.16649699167620075,0.1411003974090938,0.31452323576986735,0.17123126709242284,0.11289507775552116,0.07227956867090062,0.021473461625993426,0.4829057046744204,0.0003824293393386666,random
0.25185909011767554,0.16672476321668345,0.3663113607735622,0.09255465503434329,0.051794909224268326,0.05695084897614364,0.01380437265732353,0.4829057046744204,0.0003824293393386666,random
0.14386453438754765,0.2362176436793188,0.1940045832000933,0.006390512938533097,0.17899191723443275,0.1201057253491579,0.1204250832109166,0.4826641310352636,0.00038539816059105945,random
0.11419495111146512,0.009853720915213358,0.07558414251623093,0.01577161378477451,0.6717380733669907,0.008858416655702897,0.10399908164962259,0.48222929848478147,0.00039079462343624027,random
0.07479549708984858,0.09472871273965151,0.2905551035486387,0.10417562180695585,0.3499881382584073,0.008121665669003084,0.07763526088749494,0.4821809837569501,0.0003913984296771113,random
0.2277237372646131,0.219495292422317,0.22935165006919575,0.016830950792279902,0.09194072875166545,0.06873056554993644,0.1459270751499923,0.4821326690291188,0.0003920030795810462,random
0.09828490929738853,0.10159655652423855,0.2309090786986509,0.15215815741506086,0.1856026022571918,0.023291018046020465,0.208157677761449,0.48203603957345603,0.0003932149145503121,random
0.19325925513895936,0.26728632092618093,0.02232725757153764,0.04798487083431774,0.31420092542424344,0.04532839176091761,0.10961297834384315,0.48203603957345603,0.0003932149145503121,random
0.12155566935774495,0.27682499837621505,0.009424819281825376,0.22951354088556486,0.20203853652416975,0.15407889773028793,0.0065635378441921315,0.4819394101177933,0.0003944301366994301,random
0.15188274970487078,0.015654682619802632,0.021847850435332314,0.023326518058679187,0.6492362010627826,0.0566826050157307,0.0813693931028018,0.4816978364786365,0.00039748306597530407,random
0.0112245824441278,0.14069234017011578,0.08657638163276238,0.020443354889592393,0.6443745074089134,0.012670788671151761,0.08401804478333647,0.48164952175080517,0.0003980962100441162,random
0.0369579825775429,0.17667201756458353,0.06705383613945137,0.04996463671962522,0.5090727714388751,0.021293614419423408,0.13898514114049854,0.48164952175080517,0.0003980962100441162,random
0.23801495351557364,0.3024055532310693,0.021604438645881352,0.05669761471651807,0.09134268121655952,0.11038183752250448,0.17955292115189353,0.4814562628394797,0.00040055734881573455,random
0.07703496673913975,0.18116103645437295,0.07408596635378038,0.16377667556684847,0.3719863643397016,0.042410311666424574,0.08954467887973236,0.48140794811164833,0.00040117477941560646,random
0.0984192544079346,0.15407878440795386,0.05524875259137952,0.20403369830885199,0.193256927880271,0.025878101750375877,0.269084480653233,0.48116637447249155,0.00040427486083831153,random
0.035943883185585924,0.14892161319945327,0.07108827077618478,0.29156388625377994,0.22780390469579814,0.12681789562609455,0.09786054626310342,0.48116637447249155,0.00040427486083831153,random
0.1333587243597532,0.1419906788755078,0.06581492388319546,0.28231311252820407,0.10123339976406391,0.005063199656194023,0.2702259609330815,0.4811180597446602,0.00040489747024636684,random
0.06906065368345263,0.21440996170449217,0.1924050734136199,0.08913390258509206,0.3031049990493053,0.11858636974437799,0.013299039819660005,0.48102143028899746,0.0004061452907076198,random
0.1417679883929945,0.2125770951940027,0.1069051194099555,0.05373379052699009,0.1784585096604694,0.06770731292967529,0.23885018388591223,0.4809248008333348,0.00040739658714903883,random
0.13760882438693406,0.27721418182676777,0.13956468236388966,0.07231345292211724,0.05643310549142445,0.21617089536709186,0.10069485764177484,0.4808764861055034,0.00040802354153650567,random
0.16973462864906627,0.2618941372447107,0.06789154142827343,0.13002670334550634,0.2656463702930913,0.05443097912513625,0.05037563991421571,0.48082817137767203,0.00040865136813028694,random
0.03969560583873009,0.06014971802679298,0.0543602747502394,0.31973460632873346,0.032375962313482255,0.08586541861452508,0.40781841412749686,0.4807315419220094,0.00040990964222896616,random
0.11800336052562727,0.17217487087035496,0.2857497299345613,0.023575320953646887,0.1400617746570069,0.10701610402866094,0.15341883903014172,0.4807315419220094,0.00040990964222896616,random
0.02087724626942406,0.15741920564697895,0.1940024789095951,0.06057948446513777,0.1207460421527979,0.23854626228889475,0.20782928026717154,0.48068322719417805,0.0004105400918827601,random
0.17496571886335482,0.06584867051459885,0.42428344511832966,0.048127855882320894,0.13301316390306928,0.05733007685839194,0.09643106885993467,0.4805382830106839,0.00041243670417896635,random
0.23580086512203158,0.26321653939894385,0.09472048786132989,0.05907068659629532,0.027173303584639995,0.08616149982306945,0.23385661761368978,0.4803933388271899,0.000414341234135426,random
0.10296750111953758,0.15604418752741905,0.35209182472039957,0.07246526683393377,0.06644211865318671,0.17425315414450943,0.07573594700101392,0.48034502409935853,0.0004149778419799584,random
0.03673235409677005,0.07861625694365831,0.00922464395625118,0.15235503868332487,0.4628178892660397,0.08708069673523404,0.17317312031872195,0.4799585062767076,0.00042010262250481516,random
0.11173548629601888,0.19003667550510325,0.23417254304145033,0.062340483165860196,0.007825514986538102,0.23532405355359798,0.15856524345143122,0.4795236737262254,0.000425936326817203,random
0.24187732331249195,0.1953883600972425,0.20953665493196275,0.17593901758506794,0.01950532880499798,0.03443698050317584,0.12331633476506106,0.4793787295427313,0.0004278971033691923,random
0.17092426725477128,0.21960246954628246,0.012955390938455253,0.14717081282282873,0.20193729262829396,0.05668105631233522,0.19072871049703305,0.47933041481489996,0.00042855250605487206,random
0.12039485750812746,0.176984091162583,0.2593547989920098,0.09861836849796371,0.1368670142963659,0.12126849486703378,0.08651237467591638,0.47894389699224915,0.00043382847633400943,random
0.04118025613169502,0.015130878870744746,0.05416891468978642,0.007043453526532478,0.7418639881051873,0.11963392851566444,0.0209785801603897,0.478798952808755,0.0004358220485632463,random
0.18381507310402556,0.26164395658790124,0.01861881824520223,0.07306116986690424,0.020301174361334905,0.15302172619381527,0.28953808164081635,0.4785573791695983,0.00043916307115425947,random
0.002226294414406471,0.1515014699981139,0.2772598134181261,0.10652195818782785,0.08152281679817058,0.3249084166534239,0.056059230529931225,0.4785573791695983,0.00043916307115425947,random
0.19382200233456123,0.29117600581443154,0.06673595083467324,0.00776375376568244,0.3255605897107274,0.03694536546694908,0.0779963320729753,0.4782674908026101,0.0004432028351772706,random
0.1132323115898108,0.2896293482542108,0.10627487460884633,0.007389667630051385,0.1754569401468514,0.21240601740421775,0.0956108403660114,0.47817086134694736,0.0004445568652393609,random
0.0612262821799404,0.10793381396793564,0.014080554141690535,0.5265491461272083,0.1702562920081095,0.11019682417926686,0.009757087395848624,0.47817086134694736,0.0004445568652393609,random
0.19498901393906892,0.12108997257798784,0.3739722426793201,0.033300915664928515,0.17054868798387116,0.04693780815208554,0.05916135900273781,0.4780742318912847,0.0004459146314511564,random
0.06040486723126926,0.05726005559256545,0.2812192191662687,0.1212897955324326,0.05647382798032805,0.09287568804502443,0.33047654645211155,0.47802591716345333,0.00044659491845673615,random
0.14596874752328348,0.30573873176325,0.03198878089364983,0.0027564825312039127,0.20692182924455726,0.19350512013421647,0.11312030790983928,0.477977602435622,0.0004472761429143481,random
0.1535449768103787,0.20390926632797254,0.2635159428361738,0.0052534883906409134,0.14811750701486034,0.08901755501865469,0.13664126360131892,0.47783265825212784,0.00044932545241179996,random
0.153364256267658,0.2172165032397046,0.012203539524519214,0.07277122220711646,0.23927556671785388,0.044469317602650216,0.2606995944404977,0.4777843435242965,0.00045001043809586735,random
0.2828458406388666,0.31499460530544376,0.02811633934509552,0.016315775854770103,0.170647903232551,0.0712164425689542,0.11586309305431895,0.4773495109738143,0.0004562178896080425,random
0.05900178942833295,0.1895215348623979,0.03100038576975549,0.25556405512767916,0.331342362970014,0.09699089208513341,0.03657897975668705,0.47720456679032025,0.0004583041621023077,random
0.142929098226417,0.028721442279108434,0.049782808093484676,0.027200796626487774,0.6161090947507445,0.05816139866764064,0.07709536135611697,0.4769629931511634,0.00046180043851492777,random
0.03703967745793828,0.06332957350280723,0.1376490757795527,0.2432824964535729,0.17299554820026086,0.018519779333811697,0.32718384927205635,0.47672141951200664,0.00046532078549432374,random
0.16875175588559863,0.24948760031807263,0.061360282486466966,0.007125069373435357,0.27327606527687104,0.029329135373346974,0.21067009128620823,0.4763832164171871,0.000470289988235386,random
0.0613049404902637,0.11949308450477134,0.4128829155450244,0.03179370154244669,0.16846893408115413,0.1420627125930489,0.06399371124329112,0.4762865869615244,0.0004717185348848991,random
0.15366577313289942,0.2667461746714892,0.047312304826961055,0.06182703676848183,0.11682258876997229,0.15342786275135345,0.20019825907884256,0.4762382722336931,0.00047243427651632246,random
0.23632931799597795,0.1942304389182806,0.27792813604353805,0.028978199588694603,0.09339559543706498,0.050950391454104474,0.11818792056233915,0.47614164277803034,0.00047386870231103735,random
0.08498114829224547,0.12303153752206224,0.2413907158173636,0.2508698984434864,0.1540817433514445,0.07936451392194503,0.06628044265145262,0.47614164277803034,0.00047386870231103735,random
0.23535785378309665,0.15417518885272605,0.39122402267822737,0.0004951221200778465,0.1223552974156413,0.03363217114639012,0.0627603440038407,0.47565849549971684,0.0004810999908715356,random
0.19195469973753673,0.024351549776436762,0.45366743758373407,0.006876520964172721,0.1946063767116742,0.002860814309970931,0.12568260091647462,0.47546523658839135,0.00048402029232484916,random
0.08434243165764427,0.12731199046223068,0.012115803092944157,0.4975186072533763,0.14552707414126972,0.08856870029114101,0.04461539310139396,0.47546523658839135,0.00048402029232484916,random
0.10779248698911174,0.0989836229357369,0.40740422389885794,0.15356650821597018,0.12722265838250077,0.10006938105519926,0.004961118522623205,0.47541692186056,0.00048475286356673057,random
0.29279031488946455,0.31279703690718114,0.13634214482617557,0.06012182021128324,0.02866147821833258,0.09007586866956017,0.07921133627800277,0.47541692186056,0.00048475286356673057,random
0.09224022120946426,0.24475215583797702,0.1085987613299669,0.040999640635892794,0.33232851503203004,0.1279012117888905,0.05317949416577841,0.4752719776770659,0.0004869565866676154,random
0.21388513461648373,0.2841359248879413,0.1526993188872578,0.08018448604936997,0.01614987921059636,0.1702611921079922,0.08268406424035844,0.4751753482214032,0.0004884307552866949,random
0.16234724797484296,0.27586837794907376,0.0521303672908244,0.18147247877162417,0.19886454784229785,0.1100931823567622,0.019223797814574645,0.47488545985441505,0.0004928774631561033,random
0.10265516002068745,0.22301775736734022,0.016402222504443096,0.17606105397648072,0.3285781303755241,0.09728859815226706,0.05599707760325729,0.474740515670921,0.000495114490878875,random
0.23608927317125575,0.06713453660166366,0.39310195320459373,0.05623543148003773,0.03825722768693198,0.0211980825021266,0.18798349535339046,0.4741607389369447,0.0005041545304810397,random
0.1989504699635036,0.3350506212238086,0.07382424018823641,0.0413882752105435,0.15049211649970706,0.17628789402754355,0.02400638288665737,0.4739674800256193,0.0005072008121026291,random
0.07769671589102131,0.026034568102452353,0.06121352442503813,0.11721797323192225,0.6084643581242711,0.0400673957398107,0.06930546448548415,0.47382253584212525,0.0005094964124119813,random
0.2169225150066076,0.31726468403564334,0.007750299052402738,0.0009669378520455626,0.0698519073625952,0.15492567832939666,0.23231797836130894,0.4736775916586311,0.0005118013835505006,random
0.05797813028428068,0.1719776390607411,0.1633211397850744,0.06673553844924848,0.09014439984039904,0.18018405515378383,0.2696590974264725,0.47362927693079976,0.0005125717954914681,random
0.29685534718042594,0.3228497672977669,0.09318645170956227,0.02747682464303101,0.07505463235755595,0.05959199228179108,0.12498498452986666,0.47353264747513707,0.0005141157592176566,random
0.13637226940831862,0.20527741779894948,0.34981211356528435,0.00023127770621403438,0.07363650081878499,0.17962218988103304,0.055048230821415495,0.47353264747513707,0.0005141157592176566,random
0.19583956163726352,0.19980356475557756,0.17908043879351768,0.026528557896692513,0.05749244935664652,0.0473256697073609,0.29392975785294123,0.4734360180194743,0.0005156639177553648,random
0.11945486850917662,0.2656521373656109,0.06584996939832306,0.09954789355438495,0.1681675356129982,0.16165305693887258,0.11967453862063371,0.47304950019682346,0.0005218987011423728,random
0.10074419771052522,0.24211153512420508,0.13029365567074186,0.0004902121351218023,0.36494839473212365,0.06796769960572879,0.09344430502155364,0.47304950019682346,0.0005218987011423728,random
0.14280423205024645,0.0920209289799947,0.36709649084972557,0.055710841269012275,0.11051721937413592,0.05200796836261442,0.17984231911427082,0.472856241285498,0.0005250415237329638,random
0.26951412165265715,0.2633310626962456,0.04548521462142543,0.2194347526607338,0.04121686984520795,0.016378014322779084,0.1446399642009509,0.47251803819067856,0.0005305825680429465,random
0.08562347814321485,0.025977525989410766,0.029877664547359704,0.04382467600667198,0.4624744457911222,0.01021270171415737,0.3420095078080631,0.4724697234628472,0.0005313784368312846,random
0.2092397067355468,0.265093848323122,0.0490083918742809,0.11850636669923394,0.027581485529024497,0.11425993756919789,0.21631026326959418,0.47217983509585904,0.0005361763030080316,random
0.061788789378229486,0.19727753864456474,0.08984996055717359,3.8608419203732064e-05,0.2569072002156979,0.11294406716247528,0.28119383562265526,0.472034890912365,0.0005385898569196863,random
0.311265829363859,0.34980819444453165,0.004590691565717322,0.040982383560367375,0.2572914378320797,0.015163954531679954,0.020897508701764905,0.47179331727320817,0.0005426342277801831,random
0.05168724065395641,0.07341844157011568,0.17288614353171877,0.30589592305575425,0.1583465731797171,0.03628545534811584,0.20148022266062193,0.4716966878175454,0.0005442596297306442,random
0.12728055284306203,0.27515109142903604,0.00037926007876311135,0.061756255188826235,0.349080784297048,0.14515299392287248,0.04119906224039219,0.4716966878175454,0.0005442596297306442,random
0.2896760461477663,0.1654397616568733,0.33714460047767264,0.008665697832894611,0.05114314981257922,0.011479100206515559,0.13645164386569833,0.47140679945055725,0.0005491622119049571,random
0.2871283388122157,0.3535524096723066,0.08424456436537098,0.004725887079327045,0.06980709390160772,0.1228383307094893,0.07770337545968257,0.47131016999489456,0.0005508052329161993,random
0.24034397294581206,0.26271472749406094,0.028913044930149654,0.21138397299853579,0.13551932945517964,0.0024535799327399265,0.11867137224352214,0.47106859635573783,0.0005549321938694005,random
0.09766967330847659,0.22546293613234308,0.056067603377288326,0.2503284172508156,0.14999822360373877,0.1446530481937822,0.07582009813355553,0.4710202816279065,0.000555760923748487,random
0.1366066929568113,0.3174794763270921,0.06806454274077059,0.04138811339586909,0.14735293933016963,0.23632401568661876,0.05278421956266854,0.47077870798874966,0.0005599213342148454,random
0.22012291504981904,0.22464404453168102,0.19922057439068153,0.17106494661843913,0.11928428152255725,0.008955961656806666,0.056707276230015424,0.4706337638052556,0.000562431037056835,random
0.06287541830929207,0.09535968035629028,0.20994004242296413,0.13954105295554678,0.22713445685251954,0.01127889768965651,0.25387045141373055,0.4706337638052556,0.000562431037056835,random
0.024467104577583675,0.11460949685061694,0.3861456996668577,0.0025764534791072073,0.16807247379564694,0.17087992294914392,0.13324884868104356,0.4706337638052556,0.000562431037056835,random
0.08009781159120466,0.14011834080175362,0.39670055230689394,0.007611396020630629,0.11882159047190576,0.1392143212665654,0.11743598754104592,0.4704888196217615,0.0005649508761817573,random
0.12644582313921296,0.05676631539248776,0.5240511137269229,7.423377507193969e-05,0.07971115284971309,0.03830227064401879,0.17464909047257265,0.47044050489393013,0.0005657930812852598,random
0.11212725479791302,0.32661899721463394,0.08189127651692767,0.0007320746492308444,0.032257217975014664,0.3578043985541835,0.08856878029209621,0.4703921901660988,0.0005666364179793336,random
0.09866283148076777,0.1897027094346699,0.24102600105407415,0.006471681658190087,0.26059412508091084,0.07252644740156584,0.1310162038898214,0.47019893125477336,0.0005700211074369331,random
0.09623889560107893,0.06564487537701691,0.4633895432120848,0.11156751706603968,0.14704502464922384,0.0775820023405653,0.038532141753990536,0.47005398707127927,0.0005725715719156271,random
0.16779965102803152,0.1947011239408482,0.014777024976952284,0.282264808905128,0.16733434558674812,0.013283362302076893,0.15983968326021494,0.47005398707127927,0.0005725715719156271,random
0.10366196231488643,0.14214131812464392,0.33603181202866433,0.024513846149930626,0.17212584058264802,0.09803015939779855,0.12349506140142799,0.4699573576156166,0.000574277590976328,random
0.12850899767324714,0.05701448152223139,0.44314177717022857,0.14594047683647932,0.15093947230231472,0.04173471698955111,0.03272007750594753,0.4699090428877852,0.000575132317374622,random
0.30689338855593123,0.3899308829701031,0.0038956821696714454,0.0881169650742253,0.03576492993837311,0.16388390334720448,0.01151424794449117,0.46976409870429114,0.0005777033802594233,random
0.28511683587477027,0.17107238445655834,0.3227163712647471,0.005153599257383473,0.017406129357103388,0.03948698485303733,0.15904769493639997,0.469474210337303,0.0005828766046335653,random
0.030149533985155567,0.23862986891332305,0.0019056051599587944,0.008531181062685656,0.5211857017142423,0.17415485271490644,0.02544325644972806,0.46923263669814624,0.0005872194740626445,random
0.18877970226289548,0.22252878446928973,0.15633042762830954,0.035565293350321936,0.09234540319167578,0.06336033304084,0.24109005605666747,0.46903937778682075,0.0005907147393050333,random
0.2596210927265295,0.3060751176535251,0.03618258327295844,0.01449391963968498,0.11700386510537072,0.06570085136978511,0.2009225702321461,0.46894274833115807,0.0005924693920206428,random
0.2921263807795749,0.28546024361864253,0.20168405255082883,0.030821912766418026,0.07401635850772378,0.050131477230279047,0.06575957454653264,0.46894274833115807,0.0005924693920206428,random
0.0920347188035308,0.20267135799685831,0.28017577638970614,0.043865422519606054,0.08861198125583362,0.22353667235355154,0.0691040706809137,0.4688944336033267,0.0005933484782200569,random
0.025738495968272688,0.18862220292475704,0.28685057201843567,0.07103390295161258,0.04628586531211918,0.3122117572888993,0.06925720353590342,0.46870117469200123,0.0005968765875028077,random
0.2704439853419675,0.28284462782823666,0.01726785724521431,0.08387477818725053,0.08867461353820727,0.04011315493353072,0.21678098292559292,0.46850791578067585,0.0006004235863981563,random
0.12167399032525214,0.22693667376599588,0.12228804213728177,0.030551901971217363,0.17191758222406453,0.09220672861648567,0.2344250809597028,0.46845960105284445,0.0006013132980303722,random
0.10492602469537307,0.09922414871177831,0.39906267939020773,0.03808159117417056,0.17847496124504497,0.06906292530671958,0.11116766947670592,0.4683146568693504,0.000603989563773406,random
0.17787754108129392,0.22853092678290626,0.01974422378303387,0.1094964597604054,0.20983433623770686,0.025302369497976315,0.22921414285667746,0.4680730832301936,0.0006084738599336304,random
0.12948257788326192,0.21619680682202178,0.2567154969383804,0.0071215436152621565,0.0738886894383042,0.19084467956641613,0.12575020573635337,0.4680730832301936,0.0006084738599336304,random
0.13327475356504864,0.24509263066172987,0.2173818060091333,0.037714308974066066,0.13626372395428898,0.16862557455587,0.061647202279863283,0.4679281390466996,0.0006111788111944147,random
0.14353640134466258,0.2263908679634104,0.03841402214682922,0.10338094647151723,0.3077988156493462,0.013339329915886494,0.16713961650834783,0.46783150959103686,0.0006129881244328735,random
0.14624971383871974,0.2003105606321821,0.03885446940757875,0.2825917501481738,0.03970698899201808,0.078795598330406,0.2134909186509216,0.46783150959103686,0.0006129881244328735,random
0.22028239803030475,0.30613642431130283,0.13130076212819913,0.024895022640926936,0.11303721685264985,0.10343467822354031,0.10091349781307629,0.46763825067971143,0.0006166212314110027,random
0.1284811366261746,0.11212314140603345,0.33336287692840116,0.22775375577724064,0.08926294144489788,0.09853599485706574,0.010480152960186373,0.467444991768386,0.0006202737211447215,random
0.21318643358570463,0.30631238527580845,0.08720359899548734,0.11371623552932837,0.1420820873471218,0.09434947533464615,0.04314978393190324,0.46739667704055465,0.0006211898827684917,random
0.06783473090186859,0.043012124432792835,0.3798713855826254,0.07857790207781047,0.06304464443985199,0.0457771042096404,0.32188210835541037,0.4673483623127233,0.0006221072629113251,random
0.10983395424204587,0.27812615565931953,0.05896679103840619,0.11506765730476969,0.26985268464575873,0.15926043958342243,0.008892317526277588,0.46720341812922916,0.0006248667287003043,random
0.22450821373912674,0.283836513052288,0.06235552772176928,0.11573166781999371,0.115285021477502,0.06787653809167297,0.1304065180976474,0.4671551034013978,0.0006257889971725027,random
0.1686928977608018,0.21839593861042167,0.01401626760221905,0.4381326169463688,0.025644141049752548,0.12491258032329279,0.010205557707143225,0.4671067886735665,0.0006267124912973345,random
0.2276095354642911,0.27222293302677203,0.17203427021299575,0.06143557257666019,0.0893706289605887,0.07613935343090063,0.1011877063277915,0.4671067886735665,0.0006267124912973345,random
0.047937168766015996,0.12562280091320074,0.36740948138553126,0.019364261486880602,0.23484551991745495,0.12759679943269542,0.07722396809822096,0.46676858557874695,0.0006332113888197855,random
0.02906285309254267,0.11748908232626497,0.04342387441168255,0.12248874298478955,0.0974277228036635,0.09584718072387269,0.49426054365718397,0.46662364139525286,0.0006360151589405808,random
0.19678999152659668,0.06115023676833012,0.46946064602089066,0.011804052627432629,0.21514747051965613,0.012913923432539007,0.03273367910455474,0.4665270119395902,0.0006378905439666054,random
0.22285789151869692,0.2848640663571435,0.027355132617419793,0.002253955191841806,0.19796395150404997,0.04731613599466171,0.21738886681618635,0.4661888088447707,0.0006444936652350314,random
0.10150602116192438,0.05062946492155539,0.6267443742439964,0.0022048366734391243,0.1494138615848964,0.050543463238370515,0.01895797817581761,0.46609217938910796,0.0006463915403295207,random
0.017123677215905613,0.13809517405971827,0.1567545992694125,0.1821208688287879,0.23591823689830563,0.0898244357276968,0.1801630080001732,0.4657056615664571,0.0006540334562367432,random
0.14631699987386973,0.21369011779554367,0.13361710295446572,0.04413195604246568,0.19757618886693565,0.02113095392176765,0.243536680544952,0.46565734683862575,0.0006549943916736045,random
0.013863284127062671,0.11530037149941143,0.014169048539386424,0.28018750710718804,0.48276627372496916,0.035477005070729054,0.058236509931253296,0.4656090321107944,0.000655956597780304,random
0.13715469719253226,0.2696405990351967,0.10884285201158413,0.09452679515576169,0.31078554687667287,0.05983028697893322,0.019219222749318973,0.4652708290159749,0.0006627277433643597,random
0.2110861638698652,0.29505195262154044,0.025636092976261408,0.1363582912727107,0.16312919755388355,0.07702272592997021,0.09171557577576855,0.46522251428814354,0.0006637001680508879,random
0.06176064101320673,0.14749144843562395,0.19321370382615433,0.1352788359424264,0.03665053229343193,0.16909035577053777,0.25651448271861893,0.4650292553768181,0.0006676027216518062,random
0.16158640422192713,0.23016984665406134,0.01931376518065084,0.06879189886451162,0.20982673304148286,0.037857896055667625,0.27245345598169846,0.4649809406489867,0.0006685815812165723,random
0.11805529076754935,0.17428599758319122,0.2491052324751029,0.11270779286498925,0.07220236374843773,0.13115767528062316,0.1424856472801065,0.4647876817376613,0.0006725099489476501,random
0.11641675469421271,0.06953315971071848,0.4304461098813463,0.02410632948627528,0.18185195690351513,0.011273317087818044,0.16637237223611404,0.4643045344593477,0.000682421899827659,random
0.04809182121244315,0.19385970824535037,0.17926723200773603,0.09558992653122382,0.033393848059479744,0.25194611514117016,0.1978513488025966,0.4643045344593477,0.000682421899827659,random
0.04867307351620702,0.23372275263089481,0.017798884162239483,0.10001079431094831,0.4456525121746556,0.10901963277768395,0.04512235042737087,0.4641595902758537,0.0006854210104357599,random
0.10011652852847017,0.11442842480682326,0.2707703219946277,0.009097845858114831,0.08254191075683345,0.054397964439597574,0.3686470036155331,0.4641595902758537,0.0006854210104357599,random
0.1775900985829694,0.24920292243002326,0.0935341347270318,0.07630520431118015,0.15447055067393378,0.06394860955419644,0.18494847972066505,0.46406296082019094,0.0006874270003238003,random
0.1624309755299677,0.14743523650497858,0.3823135241737258,0.025043327758559143,0.18756104572736623,0.04319730622299415,0.05201858408240819,0.4637730724532028,0.0006934767014366818,random
0.24416652050907892,0.32186158697160183,0.04066297327782204,0.10014544971596907,0.0370759918641076,0.1550195333539474,0.101067944307473,0.4633865546305519,0.0007016174662862307,random
0.20093673126601502,0.28146930318254176,0.11273189574711136,0.053839037410485825,0.22101921603982588,0.06338002707121058,0.06662378928280935,0.46324161044705786,0.0007046923466414329,random
0.18680203682309213,0.23258427408215976,0.3548452886523493,0.00888275896449547,0.08789208050120664,0.11394469701595578,0.01504886396074087,0.46324161044705786,0.0007046923466414329,random
0.16143040868491412,0.11566801124181643,0.3962456020331093,0.0906684934484441,0.14697969931577654,0.028227626624275793,0.06078015865166392,0.4630483515357324,0.0007088110412125612,random
0.053774225318232526,0.13372888543213685,0.24666461004839507,0.22736201690014413,0.2214681778049757,0.10348134451492617,0.013520739981189729,0.46256520425741887,0.000719202664205813,random
0.15639106769935418,0.24724370503803803,0.11064859014827758,0.0006242302331924995,0.21779658359361578,0.0687183945655376,0.19857742872198456,0.46256520425741887,0.000719202664205813,random
0.15678504700971868,0.27760548427884335,0.08065901613803142,0.04651215920874798,0.11860934703944666,0.1288531094456874,0.19097583687952452,0.4624202600739248,0.0007223467562397939,random
0.037140697317830505,0.20857504205447938,0.05805989397284035,0.03193993678613303,0.2587594621887926,0.16671074896750476,0.23881421871241937,0.46237194534609344,0.000723397530278743,random
0.11363855744435904,0.15230157428137836,0.2181441720323901,0.1684005995447286,0.18823887440338352,0.031136049839941993,0.12814017245381842,0.46227531589043075,0.0007255032028386768,random
0.15705543346551049,0.23519215560619638,0.12473104688895117,0.04854823059946862,0.09064888386494853,0.10179919626344543,0.2420250533114794,0.4621303717069366,0.0007286720465361639,random
0.18535085395246964,0.3066256015517567,0.014044555737720472,0.009038589490117592,0.23713000093498576,0.10846563854837132,0.1393447597845785,0.4620337422512739,0.000730791517337955,random
0.19901324761222364,0.036602797513583446,0.4883145812698849,0.0851783122761828,0.10103346581102839,0.01723785898883226,0.07261973652826459,0.4620337422512739,0.000730791517337955,random
0.16968162514172047,0.33244830501881156,0.14008166410672585,0.047022133907892075,0.05880733732010548,0.23010159991818835,0.021857334586556258,0.46193711279561117,0.0007329165295864361,random
0.08436920978925638,0.21823912673784024,0.23589132946052693,0.1210372879381001,0.053135308379369,0.241009138722289,0.04631859897261851,0.4618887980677798,0.0007339811177189716,random
0.03907425259470057,0.2188774261455247,0.05543119319204355,0.061576104322528295,0.20160204634224743,0.2068103059909099,0.21662867141204567,0.4618887980677798,0.0007339811177189716,random
0.19102143640121744,0.23455443145521562,0.01654755287061921,0.018472584038493636,0.0021098969474887624,0.1156366919277205,0.4216574063592449,0.46174385388428574,0.0007371832292220642,random
0.10118772700773768,0.03598130603914578,0.43403547353723054,0.1495596166523397,0.23358037084603628,0.023151440485027246,0.022504065432482737,0.461647224428623,0.000739324942069412,random
0.22509485119887956,0.31841058292855284,0.10277876747259866,0.11938184963202883,0.03190704642080242,0.17872881758287734,0.02369808476426017,0.4615505949729603,0.0007414722472839276,random
0.07650864523081816,0.13504833301303834,0.38214851067623995,0.13759704745109608,0.026896788490455438,0.13240091504578838,0.1093997600925636,0.46145396551729767,0.0007436251576567733,random
0.18583858689799893,0.36944598395914324,0.07358125795993098,0.0517525575321946,0.0140608108357168,0.2966158288135919,0.008704974001423506,0.4612607066059722,0.0007479478451646198,random
0.22729079686371884,0.2678453331646869,0.10512972231554041,0.13228450662557198,0.13694882555779347,0.008204470180426707,0.1222963452922617,0.46121239187814084,0.0007490320403197075,random
0.0268304229548502,0.19024238829071835,0.061286614737241535,0.08694723825699568,0.4181293930925826,0.06639343396934162,0.15017050869827014,0.4611640771503095,0.0007501176480045354,random
0.07931331875025234,0.17299011383374652,0.1099154872150457,0.1550629516042443,0.05121688971470835,0.1148035681973583,0.31669767068464444,0.46111576242247815,0.000751204669831042,random
0.20858394388708734,0.29996009944503077,0.22359350809330214,0.010815245102208845,0.06808992043206862,0.16194238245762232,0.027014900582679847,0.4610191329668154,0.0007533829623645346,random
0.018332628020475732,0.2607984380955439,0.07492651117291337,0.048131554914532325,0.3616937147405319,0.23590370153473103,0.00021345152127161688,0.4608741887833213,0.000756661047614339,random
0.09184814056149704,0.20779823364226713,0.220698850355548,0.017723479321894574,0.014489307913711096,0.23123400431646016,0.21620798388862192,0.4607292445998272,0.0007599519474843834,random
0.2015290950476065,0.10422777066028872,0.35268185295410714,0.1596475925337574,0.07427472167462963,0.02360653511771776,0.08403243201189317,0.4607292445998272,0.0007599519474843834,random
0.2624570103073272,0.3126106038118273,0.11627482583118084,0.0016887265582467732,0.1619403342010823,0.05914241076892756,0.08588608852140793,0.4606809298719959,0.0007610517693775008,random
0.1520921862283425,0.26849424835460933,0.2013613206647822,0.03429736210043706,0.19680908626693633,0.10712346023570132,0.039822336149191354,0.4606809298719959,0.0007610517693775008,random
0.09219853927180957,0.07828531780312255,0.14019519250994944,0.5418194760939171,0.012709544712409631,0.030253725131912764,0.10453820447687903,0.4604876709606705,0.0007654653767059867,random
0.20762954557704835,0.18163678551665685,0.22395325117046158,0.04867187427215187,0.07262338446367558,0.025928959023424628,0.23955619997658117,0.4603910415050077,0.0007676807950669294,random
0.2242470399731625,0.2477596139061912,0.2759384424643852,0.0018968209138314246,0.15736450639003668,0.03934738030740827,0.05344619604498468,0.4601494678658509,0.0007732445721647991,random
0.042880860296107964,0.14459835728879972,0.18632469806712668,0.198874899643864,0.17626585233274025,0.10672443286034501,0.14433089951101635,0.4601011531380196,0.0007743616660600781,random
0.1257665663336366,0.05060620917834909,0.6018096030665587,0.09147418503521035,0.11038047515981823,0.013318430617441375,0.006644530608985701,0.4593281174927179,0.0007924334919225786,random
0.06689737792196425,0.10420923201675314,0.30970363138058726,0.10307697313413054,0.19265052128044594,0.06621112311672084,0.1572511411493981,0.4591831733092238,0.0007958638351548448,random
0.20616973111002776,0.31132500702756627,0.09812486154158166,1.9051402720528852e-05,0.20741400144144578,0.10149431885492374,0.0754530286217342,0.4590865438535611,0.0007981581356992089,random
0.12708323008003652,0.1915240476079447,0.28199509627527813,0.015891499118235092,0.12306751277216621,0.10081140930773774,0.1596272048386015,0.4590382291257297,0.0007993075125209218,random
0.118407622202546,0.1403858765023648,0.3983559040462037,0.2073632806546291,0.04130182492697612,0.08199812987797193,0.01218736178930832,0.4588449702144043,0.0008039199027068706,random
0.05335755350123878,0.19573854081056755,0.22497379243329743,0.08645285196536324,0.0862074542975086,0.2291939699721191,0.1240758370199054,0.4587000260309102,0.0008073948695844363,random
0.0534420272444585,0.15790786565829174,0.03211309207336381,0.16658434349766976,0.20878152492558605,0.07165206431966435,0.30951908228096575,0.45865171130307886,0.0008085561864545751,random
0.20553362800390484,0.36427814529950947,0.007437085753214146,0.0288928873352739,0.05391483951545792,0.2259843491317612,0.11395906496087845,0.4583618229360907,0.0008155556493674544,random
0.05999367597800175,0.20871252776198992,0.004525092704114102,0.03633168819316272,0.4608824663544601,0.027287912093970124,0.20226663691430122,0.4579269903856085,0.0008261569048530997,random
0.22146437010672546,0.1344458556355014,0.3912705292789017,0.11094131725647613,0.03615928128871249,0.01365232622987304,0.09206632020380962,0.4578786756577772,0.0008273424277880967,random
0.06778097241628073,0.24637551384242992,0.1469424198536458,0.00836771134878122,0.0656373855692096,0.26660876959524155,0.1982872273744113,0.45778204620211443,0.0008297180576495939,random
0.16590504616012608,0.32234587664133607,0.07482570240042484,0.005684979848823637,0.20569854549976296,0.1689440189395618,0.05659583050996448,0.45754047256295766,0.0008356839526705598,random
0.14135966656053606,0.04700015694538229,0.40230373671909925,0.12871951849284383,0.04750410481709645,0.014591266890248434,0.21852154957479364,0.4570090105568127,0.0008489447037754542,random
0.26728118812193746,0.2890600369085329,0.13778487217390786,0.055705850470994925,0.03904303286557112,0.04240179188307851,0.16872322757597716,0.45696069582898136,0.000850159543584819,random
0.02920289079428618,0.14675188835245473,0.1621958329117625,0.20909055594814646,0.232122536054618,0.07002637825485458,0.15060991768387746,0.45691238110114996,0.0008513759437904035,random
0.1032953897234189,0.20640173241013043,0.16975327659451658,0.020635395538321343,0.07236609966929722,0.14615271298756766,0.2813953930767479,0.45691238110114996,0.0008513759437904035,random
0.06688565664322597,0.18626056323017562,0.17134340366403944,0.320609131769986,0.022856572288623478,0.203413250536653,0.028631421867296267,0.45681575164548727,0.0008538134323987072,random
0.05149158137883276,0.1891324963459372,0.054016412555017754,0.323138366024433,0.16543222175798028,0.15371297438211065,0.0630759475556883,0.4565741780063305,0.0008599345836739534,random
0.024184582530515603,0.15983901347672266,0.16304227797431212,0.20582717518307758,0.20209156557767424,0.1282406390393808,0.11677474621831713,0.4564775485506678,0.0008623940530441264,random
0.27392433848567876,0.3162365688059762,0.0694111919407434,0.13965367927388952,0.14317027024008822,0.021780679900443016,0.03582327135318098,0.45642923382283646,0.0008636261538267827,random
0.05293532295824799,0.08633922295904778,0.2791221976995413,0.17991136306207228,0.16413206111570378,0.08185911481552027,0.15570071738986652,0.455704512905366,0.0008822982303100001,random
0.3019884621602997,0.366414978852275,0.033064792103887825,0.021886282068601232,0.020024990036676193,0.13742204351175547,0.1191984512665047,0.4554146245383779,0.0008898679313571565,random
0.2815226762493257,0.3332522473674437,0.10810441852808893,0.02988152815953527,0.043499365341950945,0.09017993760365163,0.1135598267500038,0.4553663098105465,0.0008911351981337106,random
0.03161172233155426,0.10745357918178705,0.3554724709689619,0.08014634121819303,0.26616070048472573,0.08488797571531592,0.0742672100994619,0.4552696803548838,0.0008936745907160202,random
0.030481391247320796,0.09325355342577857,0.11369072629056669,0.14114973966510555,0.06946705333580185,0.0811718047257959,0.47078573130963064,0.4551247361713897,0.0008974958542836623,random
0.16615222532336482,0.17461176784930316,0.22095164746797505,0.09767209624937026,0.041377000906168984,0.06478186118881565,0.23445340101500214,0.4549314772600644,0.0009026136745852376,random
0.012205595896597643,0.23724672514798664,0.09097348764209293,0.1397102043133856,0.1954219825967547,0.2640063405468579,0.06043566385632458,0.4547382183487389,0.0009077576611979736,random
0.05523762609324021,0.20393845533258903,0.16447717877195256,0.029651920583031937,0.07854526557300158,0.20484150473257212,0.2633080489136126,0.4546415888930762,0.0009103395033354908,random
0.24555717749178582,0.18019918703031992,0.34166502396504317,0.016678503310434283,0.021548206334120978,0.04388431880621059,0.15046758306208532,0.45459327416524486,0.0009116328930095782,random
0.1844084400479095,0.21343686909332601,0.11954111825420935,0.0029379593953612016,0.055472938409482316,0.045129308190158514,0.37907336660955304,0.4544966447095821,0.0009142246187267913,random
0.04168624217729488,0.2150638861972684,0.24327294839615798,0.0005257081238092893,0.3132586435976739,0.1354277210518838,0.05076485045591165,0.4543033857982567,0.0009194279070311107,random
0.19416222189571528,0.17331779833133912,0.28186489272347764,0.13352037733606856,0.11851643647549984,0.03715975190494025,0.06145852133295937,0.4540618121590999,0.0009259693633909118,random
0.009448724748484613,0.10669332840438085,0.008943896110539008,0.514908831651682,0.21964477912889865,0.12293748886842029,0.01742295108759459,0.45401349743126856,0.0009272826525837005,random
0.11389055979490238,0.3164005340512941,0.07754733114104459,0.003970904262157649,0.2848479326404548,0.1802501723217522,0.02309256578839421,0.45401349743126856,0.0009272826525837005,random
0.05477919119613369,0.23879926050602904,0.26328950991720834,0.027187073583693922,0.07123441505598248,0.29128961623630456,0.05342093350464792,0.45357866488078635,0.0009391776412354468,random
0.12091009763051808,0.2096455796931464,0.26857715481189237,0.09687015821761019,0.08219351930135887,0.14986049065983872,0.07194299968563542,0.4533854059694609,0.0009445080850797353,random
0.1892465637009263,0.2251486292798179,0.2261560936234033,0.12648320883139977,0.059476063755128594,0.08021370957415062,0.0932757312351737,0.4527089997798219,0.0009633789389907457,random
0.10257211877147997,0.24618422736171122,0.22319790285213986,0.02502476585028572,0.06870596343077176,0.20096733751972684,0.1333476842138847,0.4527089997798219,0.0009633789389907457,random
0.17989989065231746,0.3318588632926563,0.1328186950448891,0.02262119975082165,0.09153978660530135,0.19737808024795606,0.04388348440605814,0.45266068505199053,0.0009647397026941111,random
0.2640243517985357,0.40363006679960045,0.023442795293178692,0.01300119038158857,0.06375076295146376,0.20701493061022688,0.025135902165406055,0.45251574086849644,0.0009688323384987354,random
0.09474795386718764,0.12369688558409281,0.3503705080068214,0.18038196304542098,0.12094325755954569,0.08894658542956956,0.04091284650736192,0.4522258525015083,0.0009770643327757002,random
0.15782527445363545,0.20563768591987586,0.35791263713823757,0.005233976740692395,0.17301556464235038,0.06678122663629307,0.0335936344689153,0.4518876494066888,0.0009867475267775576,random
0.06810652740662786,0.08538453392300867,0.16160469140387423,0.11542208740989915,0.1043009627786815,0.024329935918177985,0.4408512611597306,0.45183933467885745,0.000988137838760196,random
0.14070101189911927,0.19765370731904175,0.1035469957468587,0.3512507890686509,0.10086324740433932,0.043544519424487144,0.06243972913750292,0.45174270522319476,0.0009909237309200527,random
0.19200506659274522,0.23530044310611922,0.18057200067498766,0.0012711810065856174,0.15041047757422538,0.04339374200161364,0.19704708904372306,0.45150113158403793,0.0009979192827327757,random
0.23791946371560896,0.2976617914407291,0.1332466573242203,0.09371303689313545,0.03163058906007854,0.1124712187544663,0.09335724281176155,0.45140450212837524,0.001000729872740872,random
0.13346366398311002,0.30161684787333576,0.1830794295444736,0.06737962960704488,0.03432335993948345,0.24613979042854522,0.0339972786240071,0.45130787267271255,0.001003547554236336,random
0.23570956250235348,0.3907956017917899,0.030945994878961054,0.07699178930361847,0.012280556723800861,0.2493972610132045,0.0038792337862717375,0.45121124321704975,0.0010063723428085684,random
0.2059658883597695,0.23026740653218708,0.3145343017015759,0.00991779688952524,0.06128376599138005,0.08369171339755359,0.09433912712800875,0.4510662990335557,0.001010622885607549,random
0.04400382356069692,0.12044895008284691,0.2451701292920459,0.010439198478054537,0.017959997458939395,0.1327325253437771,0.42924537578363925,0.4508730401222303,0.001016315296779407,random
0.13166898828691784,0.2986180433323246,0.15164837214001115,0.008494266124269127,0.2762494035764769,0.09910494714176026,0.03421597939824012,0.4504865222995794,0.0010277863762627097,random
0.16516138666360047,0.1783834434656868,0.23353451151092858,0.029707618173735538,0.06175028962294656,0.04364363465928297,0.287819115903819,0.4503898928439167,0.0010306722084314245,random
0.14648675958542112,0.19511673285735712,0.10354073013116741,0.0035278921725709475,0.13458292717293716,0.014808006030523546,0.4019369520500228,0.4503415781160853,0.0010321178447473905,random
0.22488143117282375,0.3372560508706589,0.10151684293685467,0.08546628123248542,0.09822640795861254,0.1365829199156197,0.016070065912945162,0.45024494866042264,0.0010350145677689082,random
0.05092900896709314,0.15465307569216621,0.3249328844762826,0.0568150211966345,0.022279958516631806,0.17321242391055877,0.2171776272406329,0.45010000447692855,0.0010393733081082478,random
0.14583512878484906,0.2323422227383469,0.25138328047472147,0.03967313597881165,0.22343637450423587,0.05378722435496906,0.05354263316406606,0.44981011610994037,0.0010481401471259973,random
0.17100966277932944,0.22715049658640574,0.17306442346307863,0.15815675229874146,0.1183927388313139,0.021341792428217817,0.13088413361291282,0.449761801382109,0.001049607708595284,random
0.05168781456783317,0.07921625404728756,0.4052172853173521,0.05092276913141432,0.28593699591668903,0.054492691853501626,0.0725261891659222,0.449761801382109,0.001049607708595284,random
0.10071477286746733,0.17474941695053423,0.22665822482082917,0.0864897282241048,0.21480985578118236,0.008611949372170802,0.18796605198371127,0.4497134866542777,0.0010510771101626352,random
0.08919494506964984,0.23918639302008377,0.042403635858266585,0.2503210326213165,0.04147221516325783,0.20039526644396782,0.13702651182345765,0.4494719130151209,0.0010584517898399603,random
0.19646961353741704,0.3001650010745678,0.1302068059199537,0.06227359157733192,0.13296675954950085,0.07590117977372816,0.10201704856750055,0.44937528355945816,0.001061414612843188,random
0.26904593077184213,0.29055915915250374,0.20775264601279178,0.09304896048610348,0.07591784386483773,0.04428585343978449,0.019389606272136876,0.44927865410379547,0.0010643848607237317,random
0.03160080549940369,0.0992453008783176,0.35443443437194333,0.06323182895496353,0.09248263629008345,0.11128211588709688,0.24772287811819163,0.4491820246481327,0.001067362549675192,random
0.2887212350684361,0.364058985892761,0.010925685365076827,0.1979538034961869,0.0302820422740969,0.10305603628369045,0.005002211619751777,0.44908539519247004,0.0010703476959203618,random
0.12047814618008855,0.16070263658557385,0.34075104628150676,0.14815560487625135,0.1318899967672226,0.07638956784938987,0.02163300145996727,0.4490370804646387,0.0010718430706057006,random
0.22377489899295894,0.32910227040745865,0.08580232287862595,0.028451789219410897,0.2694137796767692,0.035691694060400604,0.027763244764375646,0.4490370804646387,0.0010718430706057006,random
0.10457633371462835,0.31052214185790306,0.0011711511706588016,0.0002600992616482697,0.040697835727055987,0.29274056360322676,0.25003187466487875,0.44855393318632514,0.0010869000271290282,random
0.0441805745881283,0.1237236125640592,0.4177164233768008,0.015293588048044452,0.24773383610298422,0.0798641350726192,0.07148783024736402,0.4482157300915056,0.0010975522816046932,random
0.03482675325647153,0.2770199642102853,0.029601264288587174,0.1646908009350634,0.12557514863800634,0.29402440503496663,0.07426166363661961,0.4481191006358429,0.0011006128994905577,random
0.09677857469737974,0.1796197306498629,0.2570814993986126,0.04000435265897569,0.10149605789266303,0.11405736680254609,0.21096241789995995,0.4480224711801801,0.001103681155058621,random
0.18866012007629746,0.1357470846477793,0.39864953398363684,0.0030656691179576302,0.020632008505832307,0.03742147080257204,0.21582411286592448,0.44753932390186657,0.001119137579336055,random
0.16231374074624902,0.26070865840159946,0.13233413090604282,0.09786187593558227,0.11418303714528268,0.06362886029349407,0.1689696965717496,0.4474910091740352,0.0011206938264916196,random
0.1444194370533529,0.2957974649713966,0.036889962912279764,0.03942356821045847,0.15730565332536267,0.1407785396078434,0.1853853739193062,0.4471044913513843,0.0011332136935889546,random
0.1523751387587876,0.28643694390170316,0.02008181717306653,0.009067627543097999,0.3754847019598049,0.03564122401329291,0.12091254665024696,0.44700786189572167,0.0011363631512962171,random
0.22347563489826724,0.3495937212715758,0.00890150301459319,0.034241974037915464,0.32161946224075916,0.0427778865092086,0.019389818027680646,0.4466213440730708,0.001149039452553645,random
0.15364148938067676,0.23577599314132902,0.0969575392418765,0.16092705857402978,0.1438416062369503,0.06390158461025103,0.1449547288148865,0.44657302934523946,0.0011506328531169594,random
0.17734898834336374,0.2074186755000827,0.20400303619058346,0.10233704415768291,0.05461957190072088,0.053105349587899885,0.20116733431966644,0.44594493788343176,0.001171527710532731,random
0.012959608329875265,0.0516240052300596,0.27028877870569634,0.3056613167668844,0.08209280817678481,0.10186396812646241,0.17550951466423714,0.44594493788343176,0.001171527710532731,random
0.06004841095208478,0.11981125212474193,0.23016404060370493,0.1154784672536444,0.18977539396214815,0.057896093248247814,0.22682634185542808,0.44584830842776907,0.001174772252901294,random
0.14570940560036844,0.28314665500708086,0.12812569973421473,0.1801085096913113,0.06289198477171536,0.16866000675394532,0.03135773844136381,0.4457516789721064,0.001178024830415089,random
0.015251181675586103,0.10777515608033258,0.3453851110693473,0.010600713218626167,0.38972387229869115,0.04481386225774878,0.0864501033996679,0.445703364244275,0.0011796541377515808,random
0.03856982736941982,0.12567300557229857,0.2126790492904579,0.16775230164437904,0.11456718390254446,0.11555432612930132,0.22520430609159892,0.4452202169659614,0.0011960584088917382,random
0.13249628950797865,0.2366993499182341,0.21985838500993496,0.09647750482757492,0.20141192530284746,0.06612129583801117,0.046935249595418914,0.4451719022381301,0.0011977100036101045,random
0.15458795227476596,0.14040542317699203,0.44845926453299273,0.01917300690670878,0.025954159076626515,0.045657436538587295,0.16576275749332686,0.4449303285989733,0.0012059986088743752,random
0.07150948654183463,0.1922496163545643,0.07114594513001543,0.12421956633575262,0.27604962606632943,0.019061384737440772,0.2457643748340628,0.4448336991433106,0.0012093283866554136,random
0.13629217023533124,0.25982769693809493,0.17956556028195217,0.05579480225205558,0.11633684860310255,0.12240908107120708,0.12977384061825634,0.44478538441547916,0.001210996356256942,random
0.20859115026674083,0.20987477344494246,0.23711795815562053,0.027730870051212803,0.0406173997906234,0.03680967777984283,0.2392581705110173,0.44454381077632243,0.0012193670994320943,random
0.1824219617863101,0.2855492175483561,0.1385897463926218,0.006627561215204276,0.09528629626450048,0.11191318418136911,0.1796120326116381,0.44435055186499695,0.0012261009006087006,random
0.10315572606246301,0.19856547212557546,0.2512351832941465,0.13481223479953153,0.23111945982516774,0.07590125097572595,0.0052106729173898424,0.4442056076815029,0.001231173048332587,random
0.21931610431206602,0.20887806049878108,0.2582320569852778,0.020470936299051917,0.05706554627247317,0.028303613412073842,0.2077336822202761,0.4441572929536715,0.0012328679278593637,random
0.10366841169481776,0.2968352664467581,0.10848064825072039,0.028792657378987094,0.09049620177917404,0.23370500437514516,0.13802181007439732,0.4439640340423462,0.0012396683234140666,random
0.055953104678551524,0.22229895082239548,0.07315607336170683,0.01262624203814195,0.42070973463447686,0.04682583448278497,0.16843005998194252,0.4437707751310207,0.0012465022300029887,random
0.09206118554780056,0.0959118723107072,0.275850537909721,0.17279327346479056,0.022062448250712182,0.04416122672798165,0.2971594557882868,0.4437707751310207,0.0012465022300029887,random
0.03782298009846627,0.2960800414256653,0.04815211774629664,0.016565843915295465,0.3673499697576926,0.22770216045462915,0.006326886601954583,0.4435292014918639,0.0012550919563832283,random
0.16164976079432744,0.24205325554136584,0.3099252534597202,0.053339516139853126,0.10512222177921685,0.10929134905649424,0.018618643229022486,0.4434325720362012,0.0012585426335569225,random
0.3441721645264255,0.3875908302823282,0.002679938149373734,0.041896679432650755,0.08883575485340824,0.021223133102924552,0.1136014996528891,0.44338425730836983,0.001260271149712544,random
0.038790952762735656,0.0679404452435294,0.333314873772228,0.3054121786033566,0.036280646346100245,0.07957273096877447,0.1386881723032756,0.44314268366921306,0.0012689455965048,random
0.13830826566364093,0.2352756408320783,0.2145851136355901,0.0038757079841880288,0.05475339361945552,0.12920493797723884,0.2239969402878083,0.44304605421355037,0.0012724302882728053,random
0.10624743076679437,0.20282122181705425,0.3133872426491842,0.09190261591108419,0.05313416146346316,0.14312271835967647,0.08938460903274338,0.4427561658465622,0.0012829357301205654,random
0.10166834615940704,0.2846978186316321,0.047855247920189976,0.23255873037479305,0.0625399217751679,0.2175728218543147,0.053107113284495154,0.4426112216630681,0.0012882174574844149,random
0.3188067677245849,0.3841220250001475,0.01831118387731676,0.06141931937225709,0.02508804976584441,0.09890166237114954,0.09335099188869991,0.442466277479574,0.0012935186047320804,random
0.057292651866539465,0.1502496118786542,0.3180415665781821,0.05179074069802787,0.30719187894135946,0.048679121708324995,0.06675442832891201,0.44227301856824863,0.0013006171167721594,random
0.098485601841229,0.27578643529522373,0.10714644309514076,0.10973800408499684,0.16891922454182173,0.16036277255265408,0.07956151858893391,0.4422247038404173,0.001302397173624367,random
0.10882403313661007,0.20051929037781438,0.2600747151766078,0.03413690141777076,0.09947876596077802,0.10945636161199834,0.18750993231842053,0.44154829765077824,0.001327547516680986,random
0.05846026079650366,0.22477473814673898,0.33495670681965556,0.006099431087515346,0.08049226119758282,0.21053008289392586,0.08468651905807785,0.4414516681951155,0.0013311756117840167,random
0.1494155831192104,0.15163787309180454,0.30823479645157636,0.14217344721527356,0.12524483846311907,0.039711932086252094,0.0835815295727639,0.4412100945559587,0.0013402846230104173,random
0.07384631390125339,0.302653384340721,0.14669930468339973,0.006024569399328724,0.20832881192087682,0.23132584570907447,0.031121770045346143,0.4407269472776452,0.0013586698148308773,random
0.2124108136534099,0.39342129808804993,0.0629901985677613,0.006959245314334369,0.035318043679721474,0.2526884914681436,0.03621190922857947,0.4406303178219824,0.0013623737605275108,random
0.16647237814930266,0.2810507493459264,0.07427609454034723,0.04097258245745602,0.12576862172431263,0.10242077432323417,0.20903879945942092,0.44053368836631973,0.0013660867195013605,random
0.027503486733501482,0.20870346766258763,0.08197755802022186,0.09691681443382492,0.4181507338232868,0.08114523109739379,0.0856027082291835,0.4404853736384884,0.0013679465849015283,random
0.051643402514889546,0.2920313888063576,0.0461302954059114,0.005876746060072519,0.1648135206226279,0.27225666067793414,0.1672479859122067,0.4403404294549943,0.001373539753288702,random
0.2149934066695755,0.3449428819196007,0.15028107640977043,0.06452410384996539,0.04381789820676752,0.15818340946482762,0.023257223479492804,0.4403404294549943,0.001373539753288702,random
0.08543568355928778,0.2364552115082713,0.14246366029512247,0.028948513396291564,0.11303235686125739,0.15748700658507175,0.23617756779469765,0.4401954852715002,0.001379153329986703,random
0.15303746466227003,0.18178743469323666,0.23850098785360538,0.14537770106834677,0.12677226767095603,0.033469962546301274,0.12105418150528378,0.4401954852715002,0.001379153329986703,random
0.03612140889885611,0.1316235742452791,0.37986574412960766,0.14602910528543764,0.11064839506536062,0.13045695720897102,0.06525481516648766,0.4400022263601748,0.0013866699566217164,random
0.08932720569377749,0.20538407638667894,0.22097605733961795,0.0018806374225530447,0.06602986324425825,0.13839933685305264,0.2780028230600617,0.4396157085375239,0.001401813011664635,random
0.10312838601379667,0.11989856484621378,0.293025393345884,0.24936118140560487,0.18695005624608077,0.013927942205570787,0.033708475936849176,0.4395190790818612,0.0014056217630789925,random
0.21709983924064097,0.28965889725823063,0.1627860646511163,0.12200358192340516,0.12122832386536399,0.023323433799313502,0.06389985926192952,0.43932582017053573,0.0014132669863543197,random
0.09487864765983185,0.24863888185819077,0.16784213311323112,0.19983061489374668,0.048104432081490844,0.1840721307465864,0.0566331596469224,0.43918087598704175,0.001419025235564175,random
0.23958134318530191,0.4180693305410346,0.003082369714112042,0.0004241983755087886,0.1915996998882981,0.1340973980923301,0.013145660203414398,0.43869772870872814,0.001438370921293133,random
0.16689196477428475,0.15595903223939298,0.28566181284097103,0.04644341844046666,0.07930034836751629,0.018211728186873402,0.24753169515049486,0.4383595256139086,0.00145205257242116,random
0.12171720443671405,0.11298456267218378,0.02533756306326448,0.5499944230229665,0.07717674838608944,0.007463584112927964,0.1053259143058539,0.4383112108860773,0.001454016542648178,random
0.1015090234643135,0.22180076378017652,0.2323817628209243,0.0058913749742250205,0.23167746154998078,0.058163768183893405,0.1485758452264865,0.4381662667025832,0.0014599226805947626,random
0.22943388646594579,0.19510737496445418,0.3766805778238249,0.011099450610959833,0.048946885114768746,0.024787290302528627,0.11394453471751788,0.43811795197475184,0.001461896143915231,random
0.1306753847282365,0.2149206382193394,0.43010661239063813,0.030929053775500395,0.014500756140727092,0.15426400970510773,0.024603545040450602,0.437876378335595,0.0014717992021637558,random
0.17688311257273137,0.31709633557081973,0.09923669498368212,0.001304464557140876,0.24141918850695293,0.05858220274993048,0.10547800105874247,0.43782806360776366,0.0014737869795410734,random
0.01897540768313547,0.2472093154540738,0.0633912126110386,0.11212413579826558,0.21656514328572363,0.22480023793007617,0.11693454723768675,0.43782806360776366,0.0014737869795410734,random
0.011538348584626566,0.07803531060858312,0.1582866280456636,0.5101301390377103,0.12208153148018548,0.08817722313708298,0.031750819106147854,0.4371999721459561,0.0014998468844180201,random
0.046741158497693,0.2472162166549426,0.13171480256470416,0.02542271455095542,0.022327693792624306,0.31443172245762663,0.21214569148145393,0.4370067132346306,0.0015079475774432804,random
0.06993703634013775,0.10588148536054653,0.17675942094202413,0.0745031941786664,0.020696124430930555,0.07129067895319949,0.48093205979449516,0.43695839850679924,0.001509978837060481,random
0.012948797960840261,0.140201460807772,0.1793878696181803,0.15442914410869957,0.1888439694754639,0.09185436731588958,0.23233439071315456,0.4369100837789679,0.00151201253627911,random
0.15731274260478564,0.23719094509634914,0.17293997201665048,0.165490747383926,0.07109047588444112,0.05778034883966836,0.13819476817417933,0.4366685101398111,0.0015222177150983865,random
0.22883203696242221,0.2751969823379232,0.2177420908115192,0.1027642525325181,0.08887601545164145,0.035641584997268126,0.050947036906707634,0.4364269365006543,0.001532484264706475,random
0.12621255523468705,0.16156749464358516,0.4053665008435562,0.04023771531881431,0.07331368113767534,0.0689364429343224,0.12436560988735965,0.43628199231716025,0.0015386737849655819,random
0.15766259913903086,0.3450787161603857,0.11145987330859668,0.06195489425706775,0.151492331339027,0.1634124763317582,0.008939109464133605,0.43628199231716025,0.0015386737849655819,random
0.15238462602772362,0.23709217064638816,0.36989216968592464,0.013646213374405882,0.07998068978395846,0.10981434904544682,0.037189781436152314,0.43628199231716025,0.0015386737849655819,random
0.07944336407882686,0.1970217072515883,0.1595702817310389,0.14973949823855087,0.027119401817479915,0.14734408323685777,0.23976166364565724,0.4361853628614975,0.0015428125037850967,random
0.08433453601533122,0.21741732212252113,0.09190625796874516,0.1719373607270363,0.2368033581530233,0.0703504541682881,0.12725071084505463,0.43613704813366616,0.0015448855824760264,random
0.08299836633940308,0.10636300306627804,0.31955420488823044,0.06708503888477858,0.023205934223579732,0.055050349544304905,0.3457431030534252,0.43608873340583476,0.0015469611441092952,random
0.009116898658374527,0.06588417940386294,0.43523425237852814,0.07652381187901673,0.31515421019331497,0.03823715039743078,0.059849497089471904,0.43608873340583476,0.0015469611441092952,random
0.17142422106371588,0.3159872258414887,0.0025621906758525157,0.10737249794055032,0.27330516134991645,0.05633579644796733,0.07301290668050864,0.43599210395017207,0.0015511197264804423,random
0.06674994208220397,0.11458149632080833,0.34463849417934106,0.10600914706140185,0.10654464076036955,0.05602389310056669,0.20545238649530875,0.4358954744945093,0.0015552882714754167,random
0.06333736498952203,0.19443362494326263,0.10317274018106597,0.06970928221571462,0.06463568533614376,0.14750746115077296,0.3572038411835179,0.4352190683048704,0.0015847487756532306,random
0.06237899178804302,0.24909599345130057,0.20437746879774016,0.006735128976500544,0.3762096225855557,0.05396128213220415,0.04724151226865597,0.435170753577039,0.0015868720037474256,random
0.01815600018429202,0.2504812506203865,0.1599624089770476,0.015607508294024765,0.10089054392267957,0.2844827096131808,0.1704195783883887,0.43512243884920765,0.0015889977665737305,random
0.023143989818143435,0.11364468405758014,0.20326824617583336,0.34243065481091245,0.20294635308916406,0.04863674313618239,0.06592932891218416,0.43439771793173726,0.0016211901584545507,random
0.16376500099417324,0.16588214093070272,0.5081704355645018,0.03344659648944689,0.033394181295646,0.036295345565161376,0.059046299160367736,0.43439771793173726,0.0016211901584545507,random
0.21619207726022474,0.34507701741570884,0.08603041777720995,0.06406697522758038,0.08542051000446263,0.12433125050343154,0.07888175181138213,0.43434940320390597,0.0016233568337691942,random
0.1772883624347898,0.3347235173754549,0.12159376926540454,0.031262590158922875,0.0709967989147816,0.17673606716212806,0.08739889468851823,0.4340595148369178,0.0016364111467382357,random
0.19108709513708677,0.24483742488851182,0.14920521002814854,0.1048793653421803,0.05837037455835411,0.037931510392009614,0.21368901965370876,0.4339628853812551,0.0016407833190229273,random
0.345605768219116,0.38756119535570827,0.04463496273251572,0.0834634179807195,0.054201272667815915,0.02097411079517299,0.06355927224895175,0.4331898497359533,0.0016761369961204005,random
0.030978544219625863,0.2532091832585806,0.19728486475854445,0.0185427738803633,0.3805230081635889,0.10104264732821455,0.018418978391082287,0.4331898497359533,0.0016761369961204005,random
0.03639228543861635,0.2085158014672224,0.10924274186154148,0.10905821517279003,0.19695709036258144,0.12946963528051492,0.21036423041673352,0.4330932202802906,0.0016806035652117948,random
0.1375568005795932,0.30058928770791116,0.1647490464749601,0.00265478164023979,0.32776479255270763,0.008427359618356205,0.058257931426231806,0.4330932202802906,0.0016806035652117948,random
0.14812420205728546,0.2608716150374299,0.06815652827899071,0.0548260308962995,0.213200485409843,0.027338923151805746,0.2274822151683456,0.4327067024576398,0.0016985760207475422,random
0.152162678010147,0.1843497495138375,0.29681219042024765,0.016466942797012815,0.053454974845194375,0.05888465915437538,0.23786880525918538,0.43217524045149486,0.0017235675302990673,random
0.09387999627147117,0.1766935773512396,0.1806908472155589,0.025922079762124923,0.031822119053352964,0.10188056790156896,0.3891108124446834,0.43203029626800077,0.0017304399615842324,random
0.08999813460248807,0.1433967490526524,0.3044793494890423,0.19659838292458895,0.09714461257309155,0.07458538059339505,0.0937973907647418,0.43183703735667534,0.0017396411442276317,random
0.10499615219240646,0.2277898611549142,0.17966649806036236,0.14223427580567066,0.19595504024302732,0.05335275852291942,0.09600541402069952,0.43169209317318125,0.0017465705835331843,random
0.05602006243967507,0.18600268906051512,0.11865306213853855,0.254678239214174,0.16503915651712017,0.07339233086649945,0.14621445976347763,0.43159546371751856,0.0017512038475945419,random
0.2179286137889893,0.32013676322091716,0.06107874681671638,0.2483119104880891,0.037465331241050746,0.10181167857352859,0.013266955870708792,0.43091905752787957,0.00178394415646471,random
0.07038361448449933,0.20408683460503602,0.2327715637552243,0.0008847577779198649,0.30984203752535083,0.02931451764550752,0.15271667420646215,0.4308224280722168,0.0017886655344649836,random
0.23871926265831744,0.3134860130743973,0.05190323137516978,0.23120677007248244,0.04887480215294619,0.08270550825885124,0.03310441240783552,0.4303875955217346,0.0018100496098111072,random
0.057131241095890975,0.20634481570519633,0.04871779447343148,0.14093775851143414,0.32935667778598743,0.05284755079267349,0.16466416163538602,0.4302909660660719,0.0018148323998965332,random
0.08927015388349971,0.148070357705178,0.35471608310696273,0.003427124212132861,0.1749786905950241,0.03388200386129285,0.1956555866359097,0.42985613351558966,0.001836494371353456,random
0.027635760884402963,0.19281183788583883,0.09936089255492705,0.2944707878685115,0.24723081747422482,0.12641342317697787,0.012076480155116812,0.4295662451486015,0.0018510631546872003,random
0.2740250885922054,0.3712186867883947,0.04209211269876851,0.004647619240087781,0.1665460420777691,0.06037463644552579,0.08109581415724874,0.42917972732595067,0.0018706480577721464,random
0.14892081141584532,0.26248338199056803,0.2809748580895907,0.00384514302479885,0.2389062692228243,0.022938903026951497,0.04193063322942115,0.42917972732595067,0.0018706480577721464,random
0.09013605060338009,0.24453969208898169,0.20043329809767854,0.006402621477568749,0.027291465601358065,0.22755694239793217,0.2036399297331006,0.42917972732595067,0.0018706480577721464,random
0.16624975602055972,0.12606835295412616,0.584679919110496,0.004864597366046685,0.037794550559928135,0.02436385743563477,0.055978966553208435,0.4291314125981193,0.0018731090812440488,random
0.039580120201400004,0.09444274394019268,0.20871142834134854,0.29250821410447925,0.17115950412711456,0.033431332751977745,0.16016665653348708,0.42888983895896254,0.0018854574363197899,random
0.16653781558005237,0.19642168973854965,0.3590171706485082,0.05508653336559651,0.053971733149460986,0.051157178567962126,0.11780787894987009,0.42879320950329974,0.0018904170101073554,random
0.03654239364862861,0.04015637649852605,0.4322626307067261,0.28033304213814647,0.1669988078609064,0.027048457201865484,0.016658291945200847,0.4283100622249862,0.0019153892841309492,random
0.29045429747553275,0.33317714020740535,0.22575116900190828,0.0014337941845144362,0.0408991292951735,0.061654729084897594,0.046629740750567895,0.42826174749715484,0.0019179025683180664,random
0.12747204969496934,0.25925332798684303,0.08301010401335226,0.0012901048629205376,0.20903719494084544,0.06074228099527527,0.259194937505794,0.42802017385799807,0.0019305130151333369,random
0.04926753600355611,0.18506729386238135,0.30756162345026306,0.06947807713649676,0.2658126046710583,0.08121064946539962,0.04160221541084475,0.4278752296745039,0.0019381146099237173,random
0.16350531610214505,0.2138758306531915,0.012134582469092733,0.3145873031755766,0.08153084583801389,0.016753086520646464,0.19761303524133378,0.4277786002188413,0.0019431971084246642,random
0.10993477109512459,0.27136186462082373,0.15627465163680784,0.023956470549406805,0.04562781199880323,0.2014722306453978,0.19137219945363612,0.42773028549100994,0.0019457427971397295,random
0.1369740610290821,0.3165671386138922,0.049547805052444195,0.03598394699415556,0.3111715369346391,0.09051176671284153,0.059243744662945366,0.4274403971240218,0.001961079268705002,random
0.043187574145823665,0.21366049741391493,0.35873147683471773,0.040128219015152504,0.1159861877132535,0.1922886541312119,0.03601739074592584,0.4271021940292023,0.0019791075188095573,random
0.1797043910095223,0.3073219171111901,0.1335599271704673,0.05868840779124199,0.23139179288901376,0.013538290706250197,0.0757952733223141,0.42695724984570815,0.001986878886705256,random
0.16065127949757557,0.21757277565901087,0.17079714341395866,0.07868766176020373,0.02501211955295685,0.08673297378458697,0.26054604633170747,0.4269089351178768,0.0019894753612963566,random
0.009698292109241833,0.16101455964112885,0.24857069281100472,0.2164321111859745,0.17756663333952105,0.14724282193160182,0.03947488898152714,0.4269089351178768,0.0019894753612963566,random
0.1330314410054961,0.22092593583110362,0.3057926344076819,0.0516833180591343,0.009580997045174275,0.1281116448136936,0.15087402883771617,0.4268123056622141,0.001994677356431526,random
0.10561546960803132,0.24959334906288322,0.19677182253539285,0.04524853498046409,0.16899528495174834,0.10452647324064011,0.1292490656208401,0.4267156762065514,0.0019998914328852096,random
0.3117054498706199,0.367081847286494,0.10967790858876614,0.09426625873168726,0.06345792693585256,0.018418065185900903,0.03539254340067918,0.4262808436560692,0.0020235049300949964,random
0.28798984067066224,0.3605174580876491,0.042796134732346364,0.004108251734330424,0.13591336538798285,0.03964520971386335,0.12902973967316558,0.4262808436560692,0.0020235049300949964,random
0.03917071473688956,0.181867156562283,0.3602748137516949,0.023930335617549706,0.238745451650478,0.10902426525668378,0.046987262424420896,0.4262325289282379,0.0020261438794755577,random
0.094921365993106,0.25878719117779025,0.06424951251003433,0.1646711616676442,0.014102096011469428,0.2030345358192846,0.2002341368206711,0.42618421420040653,0.0020287858854669406,random
0.20045172965000185,0.32355773381314934,0.1424733541084971,0.060137527310769635,0.22873369764920695,0.014791015396949667,0.02985494207142534,0.42589432583341835,0.002044702280609064,random
0.06244435603482905,0.23124981048882234,0.14775514817405033,0.149004109738902,0.21003222671948718,0.0971585626326381,0.10235578621127103,0.425846011105587,0.0020473657681105008,random
0.08729923525829977,0.3131555671733754,0.09343025232705028,0.09982601423736394,0.17938857201106864,0.21215439676578,0.01474596222706215,0.4256527521942616,0.002058050558641772,random
0.10045761383526262,0.19102582530723536,0.30766609957127244,0.07728867970560595,0.06223866746835715,0.10189121394907175,0.15943190016319495,0.42541117855510474,0.0020714761678467274,random
0.1922235681991335,0.33515948025768866,0.19550497910209572,0.003624328932715233,0.10608553205349165,0.10872262569127006,0.05867948576360497,0.42541117855510474,0.0020714761678467274,random
0.058949514955845855,0.2349699625000545,0.07863777217150653,0.004644120474986373,0.27513156087698903,0.11652396399972693,0.23114310502089067,0.4252662343716107,0.002079568812081975,random
0.14058103534453278,0.258386009185224,0.3508183355397682,0.0281934272950345,0.060936188019955644,0.1217065752397835,0.03937842937570158,0.4252179196437793,0.002082272591763121,random
0.11434623408018973,0.3236341346667739,0.07302490575815698,0.0267719522203783,0.27808585901868776,0.14624077012410078,0.03789614413171237,0.4250246607324539,0.002093118950864974,random
0.018805645009102583,0.1736418003670726,0.3140150083049896,0.17829569014362742,0.052453352044197966,0.1635572652138573,0.09923123891715241,0.42483140182112844,0.002104015443178513,random
0.05568833261303617,0.23301753770190736,0.053973490285046555,0.136759082410921,0.11990281908453118,0.1761742318335076,0.22448450607105014,0.42478308709329715,0.0021067474228373363,random
0.03996655693358358,0.21515753031727694,0.2370222291016182,0.04478096007795305,0.3417374964495223,0.061431239388237156,0.05990398773180884,0.42463814290980295,0.0021149622673594035,random
0.10218062967116899,0.12093771938532329,0.569656641527539,0.0012444386823793519,0.04161321012532325,0.04835609534634468,0.11601126526192139,0.4237201630810072,0.0021676531683984266,random
0.1234407858677272,0.2621428787113502,0.15610247698210086,0.005945219947527121,0.09286008511529557,0.13199426826202326,0.22751428511397587,0.42357521889751315,0.0021760784199200468,random
0.09976953830695853,0.1850985109654129,0.25781302856688854,0.10495663578726995,0.18471546596215552,0.042691952246435405,0.12495486816487927,0.4235269041696818,0.002178893287679395,random
0.06467871750092788,0.15220754061479377,0.4350701980682018,0.1643487969746203,0.06275901302343395,0.0760569195971128,0.044878814220909634,0.4233336452583564,0.002190185096318676,random
0.08160768843979258,0.27101772362831344,0.1200261602060062,0.22568216905916647,0.12724481172753419,0.15225676989103556,0.022164677048151518,0.4231887010748623,0.0021986879963808836,random
0.09718530471317054,0.28512339062170045,0.10389054876867433,0.012642969457473766,0.38101588345605225,0.0473661018668266,0.07277580111610213,0.4228988127078742,0.0022157817104863737,random
0.24854507867092848,0.4137199378799277,0.07474352629213848,0.027125465161596623,0.02616288778221823,0.2030505850340251,0.006652519179165435,0.4228021832522114,0.0022215057576520565,random
0.15001249460979368,0.21200535938363715,0.37083024703731193,0.004477803911303771,0.09729099665785845,0.0637908685589846,0.10159222984111016,0.4225122948852233,0.002238756686176481,random
0.16171359447958705,0.24618958750319828,0.19205531395572295,0.02208373186013817,0.18530174727678816,0.008500900450024109,0.18415512447454138,0.42236735070172926,0.002247426627617923,random
0.13040297060600858,0.2173992599068497,0.18704430548680107,0.014788594687871522,0.022465122507582532,0.10918924139279315,0.3187105054120935,0.42198083287907834,0.0022706922404001576,random
0.06989887688243204,0.3183800135739525,0.024925230789415023,0.18284600640864596,0.16207783435380357,0.22617885184111297,0.015693186150637955,0.42183588869558425,0.0022794717585185136,random
0.20679772057495324,0.3089582137679196,0.0875369186557064,0.15114604457991196,0.03115640305578932,0.10939652991277714,0.10500816945294246,0.4217875739677529,0.0022824049467659296,random
0.31427334160381126,0.39352734447013304,0.031029449998171525,0.0034809225018898405,0.045914659547966634,0.05826756813460107,0.15350671374342678,0.4216426297842588,0.0022912246038484236,random
0.17183238557132766,0.34773128708198686,0.11921776322602819,0.005103095745940821,0.21385461347228113,0.09831498542866272,0.04394586947377258,0.4213527414172707,0.0023089546281804766,random
0.03906271871067293,0.2332717037545632,0.010932312410143563,0.11556285822267204,0.21640581425049926,0.144728645163476,0.24003594748797294,0.42130442668943935,0.002311921429236585,random
0.03832137954694068,0.27799055612278917,0.09519776095329731,0.1795067273387144,0.12348453136788548,0.24701823269925438,0.03848081197111878,0.421256111961608,0.002314891609631734,random
0.27593852882201514,0.3515667531427632,0.06352156247487549,0.2264752169417529,0.038071740061044086,0.03851011383968042,0.005916084717868682,0.42120779723377666,0.002317865172659459,random
0.24177820221722013,0.36908067758552204,0.048538095684398666,0.06380593459404785,0.1084402932950314,0.10129932637840143,0.06705747024537843,0.4208212794111258,0.0023417758477226255,random
0.11618169502071876,0.2928161226905478,0.04122811257277791,0.07519406155908377,0.3886814682892009,0.02481058681244831,0.06108795305522252,0.4208212794111258,0.0023417758477226255,random
0.16695519796421446,0.2497867377607956,0.04464129012562917,0.1682854911185613,0.10795827443148139,0.04280051868324211,0.219572489916076,0.4206763352276317,0.0023507985642284603,random
0.12491096128382723,0.22653664336297616,0.0821557284493398,0.08682512743342387,0.11912700598226116,0.05905628530034642,0.30138824818782556,0.42053139104413767,0.0023598520819444716,random
0.0455734371649356,0.1669784053846762,0.2728370092890931,0.13742004245889003,0.2154358211933737,0.07783761381040334,0.08391767069862781,0.420048243765824,0.002390254083304545,random
0.058004463512598574,0.17655342809510283,0.3545111210449505,0.071330456836972,0.11632810537323593,0.08583705037823572,0.13743537475890447,0.4198549848544986,0.0024025117387591597,random
0.17850194818515147,0.284165809493037,0.2302043134836937,0.06591079099207096,0.18077937931794041,0.05580732518358394,0.004630433344522422,0.4197100406710046,0.0024117415008539055,random
0.23662318719530792,0.3703105387527908,0.13250911414865568,0.0569152789665582,0.09197736328239178,0.08575070877308764,0.025913808881207902,0.4194201523040164,0.0024302953297617577,random
0.17222044518723373,0.24733269254512708,0.2135580346529373,0.25236824307360756,0.03156818014476989,0.05519388124479166,0.02775852315153296,0.4190819492091969,0.0024521012065126923,random
0.03776581598942704,0.2677429472760653,0.1491323162682186,0.015138727014111428,0.20088959064123552,0.1827902752735831,0.14654032753735902,0.4189370050257028,0.0024614995168161934,random
0.04724896348199503,0.30146851673945263,0.09646067989261331,0.12805586949825068,0.096204517271628,0.2849250781698218,0.04563637494623853,0.4188403755700401,0.002467782770109289,random
0.18179350328518298,0.29218755984700673,0.07118610194993673,0.22256754191994657,0.11382591439816638,0.06488399607232911,0.05355538252743137,0.41855048720305194,0.0024867178541172386,random
0.03203870877234196,0.1505452538714273,0.014801010200952303,0.241030006064423,0.19982487191055515,0.07912551633114716,0.2826346328491531,0.41821228410823247,0.002508971327388549,random
0.2264319608047935,0.3568889478442722,0.01685399905071078,0.18544246093018638,0.0980128481905131,0.09673191595973891,0.01963786721978518,0.4180673399247384,0.002518562391267311,random
0.05470397608361991,0.15097094261068975,0.38608638615126717,0.06549492307562697,0.23935086639756167,0.03889801610437483,0.06449488957685975,0.41792239574124435,0.002528185906714907,random
0.11889387828862953,0.13391779139678536,0.19683289030954945,0.029789152261018362,0.037913950446719386,0.011505977880230419,0.4711463594170675,0.4175841926464248,0.0025507675034107838,random
0.27596719990303825,0.3804607311401716,0.05717610941110991,0.1685368484959531,0.0094926472060879,0.08507083870111898,0.023295625142520267,0.41734261900726805,0.002567006361526305,random
0.14176210035616515,0.31989486940370043,0.10297104000871403,0.021706495548453688,0.31022447879654635,0.06035055487919362,0.043090461007226646,0.4169077864567858,0.002596467057125942,random
0.15345071018660822,0.334277866961882,0.20269771340467696,0.006284901407177172,0.1618456174680276,0.12332107069972231,0.018122119871905595,0.41685947172895443,0.002599758869213369,random
0.3177326277504097,0.3918808161435297,0.11446688341112726,0.056733030548340654,0.04182667921535574,0.034437772455289783,0.042922190475947176,0.4167145275454604,0.0026096564789568977,random
0.2037307295310424,0.32276477798502573,0.09301235887283721,0.11785879365338871,0.1232407279066947,0.05955108857592576,0.07984152347508551,0.4165695833619663,0.002619587423231082,random
0.1456495756265482,0.28531361071136807,0.2056728881404639,0.094054463323266,0.15106276361103382,0.0687572855917078,0.04948941299561231,0.41652126863413497,0.002622905162200715,random
0.12079361776588436,0.24342187563023038,0.0664830700817011,0.12852849326876356,0.22664702689727576,0.004356202810554052,0.20976971354559085,0.4164246391784723,0.002629551797756893,random
0.08788805957096027,0.20644793737280068,0.12041298832785917,0.20735519865529187,0.10136321874551492,0.05379282980407874,0.2227397675234943,0.41637632445064093,0.002632880701452659,random
0.12898708255032695,0.3243102045385545,0.11996715503084994,0.03803805160108745,0.15020346130506665,0.1520542433450421,0.0864398016290724,0.4163280097228095,0.002636213333837547,random
0.22487451329922692,0.39655488996439486,0.12160682161747904,0.00092843018161292,0.12549721437898254,0.11258533981204501,0.01795279074625874,0.4163280097228095,0.002636213333837547,random
0.3017074789509736,0.38970052429604124,0.06535302218651892,0.031935180072179076,0.06934851141536172,0.03883645403584751,0.10311882904307808,0.41618306553931544,0.002646233638753758,random
0.1243976495435727,0.30558761435428894,0.10023670624957447,0.13013922522925137,0.04083980491741662,0.1948054964379525,0.10399350326794328,0.4158448624444959,0.002669745520417377,random
0.16776017367411755,0.2171281697519611,0.1996003777067755,0.0026598997205605234,0.024124727774804684,0.052649547038972414,0.3360771043328082,0.41550665934967645,0.0026934420352102083,random
0.07286223081867348,0.24779399703536673,0.08095084310415541,0.12087982242750006,0.29102853793470074,0.08837961425918464,0.09810495442041897,0.4153617151661823,0.002703654510451504,random
0.23345721437565833,0.3060840103137915,0.2251159874256933,0.0474349667036451,0.04306476968685551,0.06792562816016046,0.0769174233341959,0.4153617151661823,0.002703654510451504,random
0.11226123474133284,0.31028938716304294,0.06283086273624577,0.03256782579602482,0.3948347870251374,0.04098413747044385,0.04623176506777236,0.41531340043835097,0.0027070662721346444,random
0.349042610561782,0.34608436155596917,0.25572037416679627,0.011483117991641622,0.01988485810534295,0.004156568457360752,0.013628109161107125,0.4151684562548569,0.002717324417646421,random
0.09141192660582445,0.22527139086192094,0.13686107279778656,0.0017852221509054287,0.0990993666356406,0.11172705145567138,0.3338439694922506,0.4151201415270256,0.002720751431716456,random
0.23433944659792047,0.3061390132299367,0.040334617416548646,0.07756670372427525,0.041534288535392434,0.041675487348276655,0.25841044314764977,0.41492688261570015,0.0027344977459533024,random
0.1678903608984522,0.29451648134685177,0.22982808346932893,0.0927277880918513,0.09765386287045967,0.08958343729583167,0.02779998602722429,0.4143954206095552,0.0027726173410291717,random
0.10272077804928988,0.17672128405170448,0.2155327358919734,0.27252812518130815,0.13907063732109864,0.006851361156714845,0.08657507834791064,0.41420216169822976,0.002786595063373647,random
0.06613012376940974,0.22461022918659984,0.03606489963763623,0.04287175024217157,0.21881995458117517,0.10763917459667749,0.30386386798632986,0.41400890278690433,0.002800635051909934,random
0.15852037160940075,0.2702190534712851,0.13583091016435728,0.18153872406658472,0.00889014862760401,0.10028805031698294,0.14471274174378512,0.4133808113250967,0.0028466978979359713,random
0.3109467563687917,0.4101968226526057,0.005675150335354628,0.016267328462825265,0.025324980894809297,0.05049933274316237,0.1810896285424509,0.413284181869434,0.00285384360451636,random
0.20326798132208954,0.30370291660148796,0.2004351922066962,0.038556573093811386,0.16612432688998718,0.025759904766903156,0.062153105119024665,0.41304260823027716,0.002871777273098267,random
0.1261215603780154,0.2980475704086444,0.05583509922478808,0.11738231203191687,0.20981692811116004,0.10829077961874124,0.08450575022673397,0.41304260823027716,0.002871777273098267,random
0.22363796518310908,0.37078845617420303,0.08432454547078624,0.06470344541660898,0.06373047235999968,0.12746274520330933,0.06535237019198363,0.41275271986328904,0.0028934290834631326,random
0.2688278176951936,0.35835403070828237,0.045809772273165725,0.12312077726899956,0.09894002173421083,0.03907433705999387,0.06587324326015388,0.41270440513545764,0.0028970517083036743,random
0.0454176907756503,0.1846640103083797,0.31748456779469264,0.11897291354489138,0.1675228030569693,0.07591100611251385,0.09002700840690284,0.41260777567979495,0.002904308983101136,random
0.17799046275940866,0.3061368027121148,0.11752366239015857,0.11986517420455259,0.10074830676988945,0.05478606412813017,0.12294952703574562,0.4125111462241322,0.0029115823165320465,random
0.28005501365651336,0.45101928943744984,0.04813576190145846,0.0055261347914996655,0.05673105191015409,0.15488673266864844,0.003646015634276334,0.4121729431293127,0.002937165881882113,random
0.13676035034713235,0.26183884148336495,0.13719317911070983,0.023768867105638337,0.2097807724803077,0.0078070793270310895,0.2228509101458157,0.41212462840148134,0.0029408368415207034,random
0.07588620945384146,0.20382591390766455,0.0824798995061903,0.0677765127414732,0.15812837830001825,0.06611486464506716,0.34578822144574506,0.41197968421798736,0.002951874050866678,random
0.11211316548816222,0.25318553089773393,0.023348193453080375,0.093600259390435,0.24079633866048356,0.055860165560000306,0.22109634655010468,0.4118830547623246,0.0029592525038563957,random
0.14487721305666698,0.28617216327955525,0.04828619986228814,0.22580070377910236,0.06252458882605275,0.10588079449346985,0.12645833670286452,0.41149653693967375,0.0029889294847569832,random
0.1003317782948595,0.34041932620182813,0.015537857110235233,0.035538346261708674,0.14896055319583995,0.22958484735248683,0.12962729158304184,0.41139990748401106,0.002996389675301724,random
0.09519063891307886,0.296735333233345,0.011276730355319817,0.12029352199853759,0.16462131482707115,0.16519453073006796,0.14668792994257973,0.4113515927561797,0.003000125933471478,random
0.13728694377778566,0.34404648791646425,0.10482756861436472,0.006736462306196431,0.2704046351267328,0.1026919917847511,0.03400591047370517,0.41130327802834826,0.0030038663053657917,random
0.21291961557430927,0.3473683758753015,0.15595976203534304,0.06815132145219689,0.14933196657344794,0.05572473826859994,0.010544220220801507,0.4112066485726856,0.0030113594057239053,random
0.11835877019039596,0.15172833627115512,0.43891326695208027,0.12313156579807395,0.09938924486585396,0.0032363071645297456,0.06524250875791109,0.41101338966136014,0.0030263951406474536,random
0.07051848483412286,0.09629874768513977,0.23093836833504,0.23871638679231408,0.1094660928855959,0.01849763998175259,0.23556427948603503,0.4108201307500347,0.003041497127175444,random
0.2169554246614878,0.3213715428029635,0.25539973581553216,0.003589785195706861,0.06340121199561752,0.08273377537656249,0.05654852415212949,0.4104336129273838,0.00307190084708552,random
0.0954419702807096,0.20735066033319674,0.46836199909736004,0.02919267650481779,0.10415102136845315,0.08739317723775397,0.008108495177708761,0.4101920392882271,0.0030910391337172455,random
0.19409774691307655,0.3047535672551943,0.15044109444081435,0.10160297277696877,0.022680681134201738,0.0761495027504939,0.15027443472925045,0.4099504656490703,0.0031102825921233905,random
0.12217185723770324,0.29398391412171326,0.12857591292434734,0.03893840727108614,0.19670730500674344,0.07910042835431377,0.1405221750840928,0.40990215092123894,0.003114143947529758,random
0.15288452908875239,0.29814119332233185,0.1879187082387109,0.1382423394002801,0.019106109846703974,0.1606249223115326,0.043082197791688155,0.4096122625542508,0.0031374010562854582,random
0.08085966496753212,0.25581938097033097,0.1908325424788432,0.022125648211053266,0.2718638012493574,0.0430861932656849,0.1354127688571981,0.409370688915094,0.003156898930653556,random
0.06798449837892069,0.2613789682597283,0.07424916233842914,0.2992137255296847,0.13806939671780794,0.14317572853088326,0.01592852024454584,0.40840439435846687,0.0032359638607383522,random
0.11726517137100517,0.29539142551399894,0.16143202551469546,0.005974952292790894,0.18456774805773532,0.08574606293154399,0.14962261431823015,0.40792124708015326,0.0032761473786997865,random
0.09291537739777751,0.2873886500080988,0.15896278003182374,0.01717074470048346,0.030744845490564898,0.22535085289414658,0.18746674947710498,0.40777630289665917,0.003288287934055438,random
0.1679400623282866,0.34965066306102077,0.12581087145863146,0.0014443736886321924,0.23593392404422425,0.06419964938454646,0.05502045603465849,0.4076313587131651,0.003300468145328776,random
0.13311664860556258,0.1840871940773487,0.4210911658390471,0.08109559903654216,0.04124254261288237,0.024894284200176392,0.11447256562844065,0.40743809980183965,0.003316770303684768,random
0.1316563674440439,0.3154610264936394,0.0384259760210023,0.01802681980860994,0.20958382115250834,0.11127949920320195,0.17556648987699416,0.407196526162683,0.0033372478130477517,random
0.09232495862106506,0.2828240260227576,0.12929132386883202,0.08940323267781024,0.269305276057285,0.07709896379450545,0.059752218957744574,0.4066167494287066,0.0033868492363573347,random
0.09162116207062136,0.2761611807709409,0.025085692955109283,0.23145701606924166,0.18697643699085534,0.1367920244147297,0.05190648672850162,0.4065684347008752,0.003391011869198763,random
0.1107078000598954,0.2154215334119493,0.18442216950719106,0.04940678882551309,0.10015609637065241,0.0595975689212634,0.28028804290353543,0.4065201199730439,0.0033951790106505637,random
0.0411600499877563,0.19396506953066003,0.1448613935704384,0.044764701558695795,0.12541498835424247,0.10917126990183096,0.34066252709637596,0.40627854633388705,0.0034160824918652655,random
0.16589995681819023,0.32799439881554254,0.04488315734015284,0.006010443851266328,0.1908131307866471,0.08797499970041561,0.1764239126877853,0.4059886579668989,0.0034413163193954153,random
0.2149217606204197,0.29445268129247276,0.24017241859908578,0.0430868140301295,0.05261177199841565,0.034396482979335015,0.12035807048014155,0.4058437137834049,0.003453994715588472,random
0.12857142656701262,0.3197661726379918,0.0052173021660767765,0.009951803552877345,0.29411361228372895,0.08119659471243958,0.161183088079873,0.4052639370494286,0.0035051208147942117,random
0.11297775173052235,0.17867864865611682,0.3393679839188298,0.2601175729665131,0.07086710053376497,0.01584408775630574,0.022146854437947235,0.40497404868244047,0.003530932959591449,random
0.17967378629343364,0.3631697883286572,0.032437123210718365,0.059356176333244005,0.24646802938030685,0.06747638892032827,0.05141870753331159,0.4049257339546091,0.003535251222184051,random
0.15810368822751591,0.2587800664141003,0.23329051488327698,0.18765031290956646,0.06632298906249724,0.04866015132360829,0.04719227717943492,0.4048774192267777,0.0035395741356125773,random
0.0852034855048649,0.2501689836769689,0.00808265749959924,0.03846250729714357,0.2412107959739831,0.08443736547715455,0.29243420457028585,0.4048291044989464,0.00354390170411226,random
0.1276397997857216,0.2658653681663711,0.2592332703093896,0.034267830837091146,0.019033975752803592,0.15033532108225273,0.14362443406637004,0.4042976424928014,0.003591813406580164,random
0.037751483340675726,0.09054949808396036,0.11506048286363292,0.4681958869562726,0.06949327198737856,0.03711269332249664,0.18183668344558326,0.4042976424928014,0.003591813406580164,random
0.005006610456810811,0.2857442753681047,0.027602071473536702,0.13886526340215616,0.10323364443757012,0.33078002580692795,0.10876810905489345,0.40415269830930733,0.0036049788244409014,random
0.12645674109386204,0.30306817769811467,0.11341623207241146,0.10273718934232938,0.12143292337649869,0.09603349983218352,0.1368552365846001,0.40395943939798196,0.0036225988003792515,random
0.13797747145048558,0.3129542104957457,0.26860461482252446,0.025181379058701023,0.05482876796728008,0.15911654692671964,0.041337009278543654,0.40308977429701753,0.0037028304228364215,random
0.12360796295947742,0.3500684048628896,0.035452281454300266,0.021829961112675718,0.333793833606749,0.09860016052173401,0.036647395482174105,0.40279988593002936,0.003729919649291567,random
0.012561993168496042,0.20044391362196637,0.36280451472212516,0.015187799033371606,0.19589324112836204,0.1202556820307719,0.09285285629490682,0.40279988593002936,0.003729919649291567,random
0.031069802035218565,0.1760079990547727,0.264813440120372,0.21805968569181594,0.16585441490382646,0.0931627572958993,0.05103190089809495,0.40241336810737843,0.0037663098235689416,random
0.09405715776730933,0.31392747169648944,0.1649712164038788,0.01758286552972263,0.3268570913484047,0.04737197447305418,0.03523222278114093,0.40207516501255897,0.0037984070908660735,random
0.1581545722012932,0.2743164818778563,0.2513245943092221,0.08365515726284274,0.058554588010015354,0.042921120166510285,0.13107348617225995,0.4015920177342454,0.0038446777061336775,random
0.18780454173629207,0.36330460739597015,0.06386220911642389,0.0050652136143575265,0.21305179789679066,0.07017006066007456,0.09674156958009092,0.4015920177342454,0.0038446777061336775,random
0.10854817737185005,0.24741525643994017,0.2592346380838484,0.0014593972002268187,0.04781420223607113,0.12750787964785518,0.2080204490202082,0.40115718518376314,0.0038867443734246342,random
0.14005672124065355,0.3050661770721146,0.20021013727528583,0.1830990945996507,0.07015698643532035,0.10007684167350789,0.0013340417034670917,0.40106055572810045,0.003896147300087969,random
0.02934446886786496,0.08018247124889208,0.4490202708505825,0.16228849090224284,0.12688818362254892,0.01098794672799599,0.14128816777987294,0.4007706673611123,0.003924476204681357,random
0.04526294238766516,0.18563692805544774,0.2207013630450655,0.2509810127286128,0.018410400355557178,0.1652200394110403,0.11378731401661128,0.4007706673611123,0.003924476204681357,random
0.09563105594414195,0.2292950618478436,0.24120758345483745,0.023469117380026328,0.06417515537184283,0.1188530618304,0.2273689641709078,0.40043246426629286,0.0039577553511237285,random
0.1731536687820599,0.29359192367303766,0.27684467543736274,0.015928100945083862,0.09499815592917099,0.05892811752733362,0.08655535770595123,0.40033583481063006,0.003967309130116428,random
0.06791345932118899,0.21565019439909064,0.03597273418196484,0.3498111193911085,0.03823297062663448,0.15575940319355044,0.13666011888646198,0.4002392053549674,0.003976883175991065,random
0.1441600794307775,0.3331156333021918,0.006206171920204545,0.0612353472557735,0.08811079659680088,0.17543288612631502,0.1917390853679367,0.40004594644364194,0.003996092213289134,random
0.0629953968025767,0.24625631370653567,0.10211230878477832,0.07120259465306732,0.22281917729514236,0.10397935621556614,0.19063485254233345,0.39980437280448516,0.004020218157228353,random
0.019705057478628378,0.22798626395273114,0.009038847128245962,0.11083999035788779,0.4129168274990228,0.043079947721329254,0.17643306586215474,0.39980437280448516,0.004020218157228353,random
0.15280703354360847,0.31290132594155073,0.24378507721857773,0.013630648114534986,0.11149509681805188,0.09839623215404456,0.0669845862096319,0.39980437280448516,0.004020218157228353,random
0.20734602151409237,0.31620447500779314,0.02284951120841438,0.007623941065557454,0.03336198060399005,0.0716056172748981,0.34100845332525426,0.3993695402540029,0.00406396759018885,random
0.17085675301839007,0.3347829946931176,0.07610913060385041,0.21209759485985288,0.02921163944557381,0.1301463022741337,0.04679558510508146,0.39917628134267746,0.004083545687463884,random
0.197923571410859,0.35396081585904776,0.1008316262549915,0.16490271945451834,0.16433176793288765,0.017208080309026007,0.000841418778669759,0.39845156042520713,0.004157703567757445,random
0.12316293655322473,0.3010322366244766,0.28839731842102584,0.015569588156259109,0.01366181848261531,0.15419889397898426,0.10397720778341436,0.398016727874725,0.004202763812820032,random
0.06387360732377098,0.26710541732074033,0.21976592036036452,0.05232121441310723,0.06358803003700474,0.20068356890183028,0.13266224164318197,0.3979684131468935,0.004207796881755945,random
0.04938070727869076,0.27581856001735644,0.28733363889499813,0.0010614928441336122,0.2586638336858081,0.11030220607145817,0.017439561207554546,0.3976785247799054,0.004238106593955407,random
0.09521317841669653,0.2832186937049092,0.05299340292484393,0.06792588439649434,0.2925500607446383,0.0563245327713498,0.15177424704106784,0.39748526586858,0.004258419411280831,random
0.06521367243379786,0.09753337299364793,0.44380105433766837,0.03659279697201577,0.0632319440579761,0.01606004256173408,0.2775671166431599,0.3973886364129173,0.00426860783548949,random
0.19669008899934826,0.38126479562722265,0.12788028886183558,0.08615459140662378,0.0269816319220424,0.17745758158045538,0.0035710216024721067,0.3972920069572546,0.004278817653642167,random
0.0257086744966891,0.24499533755255534,0.22088953710608275,0.04571684071908033,0.07957710944164822,0.21352902494835585,0.16958347573558857,0.39714706277376055,0.004294172577105248,random
0.09872494287339899,0.28302980016415397,0.06218411720428838,0.2763511263049344,0.14188700567209528,0.13458954753483734,0.00323346024629149,0.3967122302232783,0.004340527952873738,random
0.15929060034875986,0.2576611624293989,0.2518357826166368,0.07219266747110523,0.09856090894384201,0.008269660339434465,0.15218921785082287,0.3965672860397842,0.004356077040367153,random
0.06539569749182711,0.30739271187881617,0.013650900315292114,0.1558458009717898,0.3343461988241116,0.11777911300747697,0.005589577510686286,0.3965189713119528,0.004361270921390508,random
0.15452786885794648,0.3217717855971481,0.1966859739040559,0.015843360124528718,0.15172502013129577,0.0843759064112185,0.07507008497380649,0.3959391945779765,0.0044240227040057995,random
0.09912487849655495,0.287030026194823,0.00031953635873623,0.0487542355774481,0.3161815602351369,0.03600988833796059,0.21257987479934026,0.3958908798501452,0.00442928759877831,random
0.2271249535931315,0.356449990642495,0.1982582371923002,0.0010346955787804792,0.08079792346709014,0.04244964243368816,0.09388455709251448,0.39574593566665117,0.004445115279545199,random
0.08692527482975726,0.2704349310752334,0.12133926926064698,0.13009353918593777,0.11037461538206911,0.13453819560723004,0.1462941746591255,0.39477964111002395,0.004551906911096938,random
0.12505681766946367,0.22336131404375165,0.01626136827498868,0.10485834338982863,0.1274784585917192,0.030801787070119005,0.37218191096012904,0.39463469692652986,0.00456811817189343,random
0.16229511075613992,0.3354915524575878,0.26124328189726864,0.005776786211889166,0.07507080559492688,0.11311121757773139,0.04701124550445605,0.3944414380152044,0.00458981192372856,random
0.11665900688593964,0.28812530951982196,0.17438400657028116,0.040967804456275875,0.102223315395127,0.09856073722007001,0.17907981995248434,0.3943931232873731,0.004595249454634376,random
0.1867095365345353,0.30025343106357977,0.3363254769956151,0.008867192509087969,0.15242684118530203,0.014156490677027692,0.0012610310348522005,0.3941515496482163,0.0046225219125486045,random
0.20997084360905247,0.3589787425114391,0.20371696704078918,0.000986353736775765,0.05794314852363307,0.06082228764892684,0.10758165692938355,0.39410323492038496,0.0046279933992695145,random
0.2093723232960776,0.34859588982166284,0.03243072178436634,0.12524545758218195,0.09864639166125815,0.06463656193699671,0.12107265391745628,0.3939099760090596,0.004649936161012111,random
0.12787534965864175,0.22940584740296951,0.07982969598082486,0.11272516852874095,0.10798618851816838,0.019171474499228226,0.3230062754114263,0.3938616612812281,0.004655436079867183,random
0.03851059277539642,0.23707372469991425,0.0875306759377908,0.06387437665677224,0.25005570310969527,0.10782207402624343,0.21513285279418753,0.3934268287307459,0.0047051925012782485,random
0.27225681804674284,0.386070557284356,0.04908033763244358,0.07664613064925986,0.05747141883740866,0.026239080277649117,0.13223565727213998,0.3932818845472519,0.00472188122319935,random
0.19432690850415363,0.3581348768670449,0.19089230276567026,0.01171481159810605,0.16499069566197389,0.04523882725708707,0.03470157734596421,0.392750422541107,0.004783517819905303,random
0.21352576839914833,0.32845929124524165,0.031908535544961564,0.05546839364048619,0.07198326234338921,0.04492331912971889,0.2537314296970539,0.39265379308544424,0.004794799886113944,random
0.07360837982454767,0.2839008887041498,0.070990948108231,0.11062197312342542,0.14979898938383301,0.15067038726793242,0.16040843358788073,0.39226727526279337,0.00484016159622629,random
0.010659768740673405,0.33413702986674737,0.11911267701946611,0.004878580418203119,0.29408900396255905,0.22092000797262915,0.016202932019721655,0.3918807574401425,0.004885898758310537,random
0.023862118849555226,0.3407481688092445,0.004425480772491592,0.009118541357316464,0.12140358921353375,0.3364216751416271,0.16402042585623128,0.39178412798447976,0.0048973920172442065,random
0.09674387354251526,0.32607549400578745,0.01449650156682683,0.10003984714745962,0.3611654905430122,0.07948178142244171,0.02199701177195687,0.3917358132566484,0.004903147519929851,random
0.05694668713735489,0.22302109182612948,0.18764365916618406,0.09107379329847212,0.11305889713267812,0.08887833754797685,0.2393775338912045,0.39115603652267206,0.00497267694936834,random
0.19828303258434166,0.2829381464974074,0.004936251573305953,0.057464197294751836,0.0703123386024699,0.010002863963866989,0.37606316948385626,0.3906245745165272,0.00503716898011825,random
0.1107007297013599,0.2083701635240569,0.2598359903351207,0.11686963193552945,0.007989247956906977,0.06303702930226693,0.2331972072447592,0.3905762597886958,0.005043068030820002,random
0.18247635960344025,0.33901899547736725,0.1323431156695812,0.01155245821207192,0.018769549038104287,0.1498102127528996,0.16602930924653553,0.39038300087737043,0.005066724740605486,random
0.013474418675668025,0.15052570126469694,0.33021360910771985,0.2077610973103355,0.19762594501398312,0.024586238170676036,0.07581299045692065,0.38994816832688817,0.005120307719976949,random
0.06734549736168274,0.20484190271033037,0.320229900384582,0.05075182353855764,0.15931566369756273,0.05218845490683421,0.1453267574004505,0.38980322414339413,0.005138278561004053,random
0.14335471296909333,0.35018767238103987,0.09807147617511519,0.09602204425689405,0.28011256040921345,0.02095772256542685,0.011293811243217364,0.38975490941556273,0.005144281091885031,random
0.08735659237467033,0.3221257520925603,0.1290714796100899,0.03367990194625339,0.27017210350325294,0.07188512867051179,0.08570904180266131,0.3890301884980924,0.005235058070385346,random
0.23004237599350108,0.4143734725857532,0.00872807676039206,0.09603683519687685,0.03779239264799438,0.15060409345979128,0.06242275335569116,0.38888524431459837,0.005253380643858458,random
0.14031676294308795,0.21672470910031436,0.21539435837960508,0.16752035722373398,0.016086839692250263,0.023875330763128214,0.2200816418978801,0.38888524431459837,0.005253380643858458,random
0.029830958811173695,0.23649717103737064,0.35424234267464133,0.03077403025970185,0.06736312355742329,0.14288509086260814,0.13840728279708106,0.3888369295867669,0.005259500618719055,random
0.04635558671698698,0.20496617150063057,0.25953641478474454,0.10475058631398416,0.05381568785245069,0.12580467095688422,0.20477088187431897,0.3884020970362847,0.00531486155923205,random
0.04373966168203144,0.2540340968660852,0.24308464882474343,0.0024717783329296903,0.2588953471924157,0.06804111402424308,0.1297333530775514,0.38820883812495927,0.005339629518374778,random
0.1156636832054635,0.3385978175383546,0.06759749374443318,0.022440180377198082,0.2988108307045995,0.0612757688543688,0.09561422557558236,0.3881122086692966,0.005352051295475175,random
0.19284319568965977,0.4002993831375743,0.026870145924865065,0.1144178681900138,0.04406656624554937,0.2075321826666536,0.013970658145683972,0.3874358024796576,0.005439713285438723,random
0.1592160921710784,0.3357652674985157,0.1560287817573397,0.018326927393601544,0.060543715125704986,0.12044893205504247,0.14967028399871718,0.3874358024796576,0.005439713285438723,random
0.12604532721518538,0.2695875182873686,0.009378186385836568,0.2648658236689667,0.24575465086247678,0.008256697426983848,0.07611179615318205,0.3874358024796576,0.005439713285438723,random
0.02994757029555631,0.25694909880889577,0.08228792527058534,0.058768348004961016,0.14960612532827228,0.18504394086240972,0.23739699142931964,0.38738748775182624,0.005446022598908454,random
0.1688607998486614,0.369412723369916,0.10090695818564942,0.025621528810746603,0.25567340765818863,0.048386996722399954,0.03113758540443808,0.3870492846570067,0.005490367139695921,random
0.08493818412749429,0.2645345522935484,0.3217887597578373,0.128979977760393,0.09423964513375326,0.07942242856355972,0.026096452363414083,0.386952655201344,0.005503094817913527,random
0.10032821998359012,0.20065263095669392,0.20104104166305997,0.07442441341188195,0.1055389937766762,0.03270992446547691,0.285304775742621,0.38666276683435585,0.005541432661992157,random
0.16907638495780303,0.30204954896900404,0.019974861598627783,0.24028001157570944,0.026832097238367603,0.09031753713032038,0.15146955853016758,0.38627624901170504,0.005592912635493497,random
0.03950841745355992,0.2858556302181439,0.1800808695211132,0.033476904748101395,0.22888278899815365,0.10897550240638797,0.12321988665454,0.3862279342838737,0.005599376912442333,random
0.07913896544017883,0.2759601656898619,0.0652051614477455,0.11995631325608522,0.15526728969136683,0.1303981821680664,0.17407392230669527,0.38569647227772874,0.005670915814492087,random
0.04825750970220989,0.11299502181501524,0.32789703222780936,0.42846242954884034,0.028108131340347405,0.006946084701107407,0.0473337906646705,0.3854548986385719,0.005703696475223892,random
0.1388343256311177,0.28533819854638387,0.02922663467348643,0.18247237922621454,0.076841147755956,0.09107364364631969,0.19621367052052183,0.38516501027158373,0.005743251561417905,random
0.13660766368528596,0.30930578199051934,0.2874918882884412,0.07690276299987557,0.047118586670444156,0.10978405711327228,0.03278925925216148,0.3851166955437524,0.005749867305699907,random
0.055406427350413893,0.14988858270453229,0.18367727014691818,0.027712055232645427,0.09605003761204672,0.03324856072216911,0.45401706623127436,0.3850200660880897,0.0057631187556121165,random
0.09137663709786131,0.3762393205313374,0.14198517507444647,0.0060226862748578094,0.13315576795239742,0.22902044525473816,0.022199967814361402,0.3846818629932701,0.005809709009147509,random
0.1217793601690341,0.23146680227916608,0.12019751693300497,0.2744806066492409,0.025731838553478627,0.03681169148201782,0.18953218393405746,0.38439197462628205,0.0058499048221513136,random
0.06883522379291993,0.2697010044041594,0.026141106427138072,0.3293043692977302,0.16062156610086542,0.14321276372483188,0.002183966252354966,0.38429534517061936,0.005863357252413708,random
0.12514240096449405,0.24753155093428747,0.46100381713481753,0.0026344016668393127,0.14676248787157328,0.013406472736098565,0.0035188686918897582,0.3841987157149566,0.005876836670464135,random
0.12914172668724389,0.28982641749337407,0.06858481994957982,0.23232820731638443,0.12173659773801218,0.07336934400108283,0.08501288681432277,0.38366725370881166,0.0059514578892036814,random
0.1314337578234172,0.33888545852686164,0.16331354213691682,0.06068490918269544,0.23840667802199936,0.059727725525985584,0.0075479287821239045,0.383570624253149,0.0059651138267028635,random
0.031814676076810114,0.23053959638669141,0.0661319302075042,0.21671411976126106,0.2807546452164516,0.07729946776663388,0.09674556458464761,0.38347399479748623,0.005978797090683038,random
0.1956956091366687,0.39457262106776164,0.01940339649358205,0.1691478619949192,0.024194846393375373,0.19248810123642215,0.004497563677270811,0.38337736534182354,0.005992507726540485,random
0.14557846112277475,0.36857756787531093,0.05228369823452352,0.014270882444739156,0.3380440789952177,0.0037317560442232905,0.07751355528321054,0.38299084751917273,0.006047624898626114,random
0.0750093555088258,0.2729707790452733,0.2149630597314554,0.05488566179673246,0.19894239412317632,0.06512451459728359,0.1181042351972533,0.38270095915218455,0.006089252415143069,random
0.09040853533772272,0.23058392283367188,0.5377674047875587,0.022186600003623942,0.05791737086423848,0.06108014588970063,5.602028348367355e-05,0.3825077002408591,0.00611714270182222,random
0.09305712979218325,0.34696424028713496,0.06548676027280391,0.045762558351236646,0.34937656099673814,0.09086567039350744,0.008487079906395665,0.38110657313374974,0.006322699338909502,random
0.02026726546858245,0.16792082302772474,0.45759571214473066,0.03675808631951587,0.178542995515753,0.03574784652475754,0.10316727099893576,0.3807683700389302,0.006373208879067249,random
0.04517254834924512,0.2285844141919789,0.0631253480594474,0.16469829370878653,0.09029690086433512,0.1142658388055024,0.2938566560207046,0.3806234258554362,0.006394963204195116,random
0.0859513816703592,0.3867420642530271,0.028971820275984373,0.101552900149908,0.04183939292330427,0.35481964275027633,0.00012279797714066912,0.38047848167194204,0.006416782186134519,random
0.1260888426203523,0.38902170924668855,0.19277447566115385,0.0031558525990265577,0.05682263089792373,0.2198158868990676,0.012320602075787411,0.3804301669441107,0.006424069575778751,random
0.15569653020473032,0.3997776899916863,0.06782535011243936,0.07497423796285504,0.061636894564049964,0.21842115074840446,0.021668146415834564,0.380333537488448,0.006438665983948532,random
0.03880669056942206,0.21519341135727094,0.1025543733276225,0.2106564013998259,0.023617127458960937,0.17557112572681563,0.23360087016008202,0.38023690803278526,0.006453291269990458,random
0.0857422219000001,0.24300127529443313,0.045927502244629735,0.2929925401690659,0.034892962621053715,0.11477351805184627,0.1826699797189711,0.3800436491214598,0.0064826286648925185,random
0.08478786995856064,0.19624106002916386,0.49259857328563594,0.1046118558583575,0.024627193262649984,0.041712785593116246,0.05542066201251593,0.3799953343936285,0.006489981136241808,random
0.1516992954169498,0.44171110410825726,0.012297929005131323,0.036253475497325306,0.07889658747732328,0.26561685732665097,0.0135247511683619,0.3799953343936285,0.006489981136241808,random
0.018905616735319677,0.1916980852125055,0.28636352852680114,0.12189147767124117,0.12000442998896514,0.07983514624897155,0.18130171561619565,0.37985039021013445,0.006512082139458267,random
0.11308459999326403,0.3337084945960517,0.2970585986807161,0.01608184221790859,0.03993552395674353,0.14969455766296252,0.05043638289235358,0.3795121871153149,0.006563906179777741,random
0.030630664988210744,0.23062109364163888,0.22354070102703621,0.07632742153636031,0.09962176235540061,0.1389449677796887,0.20031338867166448,0.3794638723874836,0.0065713388480350314,random
0.08627231476430358,0.2605527040797926,0.09828652361115602,0.15686631986472352,0.014307998024654532,0.15213437802870922,0.2315797616266604,0.3793672429318209,0.006586226169645558,random
0.04256343378949303,0.11257608683718599,0.12222966967959319,0.04949670800209798,0.045263529013514436,0.021551516090836755,0.6063190565872786,0.37898072510916997,0.006646069467946265,random
0.15396799611969855,0.3424469449589503,0.19175621499826107,0.028513355843610942,0.06059018317195224,0.11185059415211908,0.11087471075540804,0.3789324103813386,0.006653583055435264,random
0.054607136140573595,0.2842969908090811,0.0699513708647312,0.09303636793847543,0.14351758276169893,0.18941397489290152,0.16517657659253815,0.37873915147001314,0.006683711388294496,random
0.0594090899698844,0.28100775042678344,0.04567189162513737,0.10245211791011945,0.34891694165920556,0.0931028069942066,0.0694394014146634,0.37873915147001314,0.006683711388294496,random
0.2001884042242625,0.4214678406302383,0.011159255610632033,0.012564605005227361,0.18434873304950825,0.08597768705106558,0.08429347442906598,0.3786908367421818,0.006691261997324713,random
0.011301431841215844,0.29836263882231123,0.1493303409596795,0.08962725509511506,0.08766376789478465,0.28635457142796816,0.07735999395892569,0.3786908367421818,0.006691261997324713,random
0.2455176523042309,0.40776634777750426,0.0630503847889365,0.08207207779569664,0.14987169856726587,0.031680638479581066,0.02004120028678479,0.37864252201435045,0.006698820028729511,random
0.07248309907698142,0.3026984641804807,0.03976068784366577,0.16562055944139997,0.3306851686813769,0.045752242695199605,0.04299977808089564,0.3785942072865191,0.006706385488539357,random
0.07742303618294336,0.19670836972868885,0.29497572761097635,0.33867620715764346,0.05826594463488888,0.012718407432378202,0.021232307252480945,0.3781593747360369,0.006774809901861841,random
0.12775747038573898,0.3504596299068755,0.12971756929826522,0.012567431302740824,0.2690698783177749,0.026289293403038268,0.08413872738556642,0.3778694863690487,0.006820762906009309,random
0.030553245848846774,0.15402362196045838,0.04946536880251684,0.4295094555280308,0.037141568288029884,0.1392165847404671,0.1600901548316501,0.37782117164121737,0.00682844804337645,random
0.10785636945040156,0.319352940640463,0.14845086239775995,0.05036705228122173,0.03381520394893623,0.19340650434881518,0.14675106693240242,0.3777245421855547,0.006843840918625055,random
0.11823386758618873,0.31708271433772933,0.03187586028810485,0.0007595256351328704,0.24335810139746633,0.07409834276836628,0.21459158798701158,0.3773863390907352,0.00689795392814976,random
0.0359703338113575,0.28238947145484294,0.1638581462117297,0.07494465040338755,0.09372800311483936,0.1991009875523239,0.15000840745151908,0.37724139490724107,0.0069212588924878445,random
0.057237309560528936,0.2063485571305051,0.019653812780204248,0.1319907944330272,0.06337119506786179,0.07940557119694626,0.44199275983092656,0.37709645072374703,0.006944632300530889,random
0.21965359115131283,0.39922527918768674,0.005093967598773551,0.04462787682474485,0.2270355263964269,0.023555909696457357,0.08080784914459774,0.37709645072374703,0.006944632300530889,random
0.03575946464013097,0.2572175015846042,0.00315665958591607,0.1116532351402596,0.39450372629657776,0.004736951337137647,0.19297246141537366,0.3770481359959157,0.006952438674912364,random
0.16654116146857176,0.3477050775966228,0.1704841947326071,0.012044980524863668,0.168632299027565,0.03434147847209291,0.10025080817767676,0.37699982126808435,0.006960252678723368,random
0.0358406147763704,0.3155267373128054,0.05105436473596481,0.04188873219639004,0.23109179222912754,0.1834742112646779,0.1411235474846639,0.37695150654025295,0.0069680743181168596,random
0.15580951164288187,0.3680566136047236,0.14417943511693435,0.005484778936915159,0.13916743933816364,0.09399675433047684,0.0933054670299046,0.3766616181732648,0.007015164846734274,random
0.20305008217073334,0.39632824530137656,0.08471130032853584,0.01193244623404119,0.24115680392868966,0.001798455535292341,0.061022666501331035,0.3761301561671199,0.007102216411728079,random
0.0945795571586171,0.2735562826455308,0.13433858483886457,0.06541450490116059,0.15709129022601978,0.06259286233022636,0.21242691789958093,0.3754537499774808,0.007214366127039568,random
0.18926056236744004,0.38483183521125863,0.0053427135170633225,0.012460337499612189,0.20802424681117299,0.0637171727267263,0.13636313186672663,0.37501891742699867,0.00728727215530409,random
0.1883035023309442,0.4155820918993966,0.12240282158003085,0.015129418309341308,0.015459700070548012,0.17858440739681297,0.06453805841292604,0.37453577014868505,0.00736902869877706,random
0.07423459275953248,0.3264069796618744,0.0982958373173911,0.07214831397453794,0.265253554201732,0.11676163954719244,0.04689908253773952,0.37395599341470875,0.007468187068580376,random
0.13548003572242512,0.2655734878861471,0.4345081616347343,0.06114274279922744,0.0124271707811591,0.04192101663640098,0.04894738453990608,0.37361779031988923,0.0075265627772444455,random
0.04507641271444133,0.17270495208001724,0.5141711290017236,0.008649406722994189,0.15101888123549068,0.014965901121227313,0.0934133171241059,0.3735694755920579,0.007534934414298228,random
0.026222879301918207,0.08023757732421835,0.19558603171337224,0.39621597577547724,0.05661356155029725,0.030693771617970066,0.21443020271674662,0.37342453140856385,0.007560097841595522,random
0.022111515793518322,0.3095722940516502,0.15912569841156585,0.01519585048972187,0.08759832336750643,0.2666614257078582,0.13973489217817914,0.3729413841302503,0.007644503473777624,random
0.12651095975917745,0.4341365258386385,0.007706315490736067,0.00958520510276408,0.23972566262502645,0.16973150695055708,0.012603824233100297,0.3726031810354308,0.00770407287669675,random
0.22096677260551978,0.3979423668248245,0.03547287891653079,0.03976323859535817,0.025662934272278018,0.13124198243826393,0.1489498263472248,0.3712020539283214,0.007955171363594206,random
0.14683445472532852,0.35469824376248466,0.22088840089686998,0.03102641683211901,0.11207736194426601,0.08798616360518964,0.04648895823374222,0.37047733301085095,0.008087811948911046,random
0.1921691269087221,0.3779784511499595,0.16375150746037498,0.01609324066656976,0.08369589084803944,0.061420463414946225,0.10489131955138789,0.3702357593716943,0.008132449361384828,random
0.19121148904646365,0.34987727999730744,0.0593858765961967,0.02249629051315929,0.09174707563073124,0.058458316318235254,0.2268236718979065,0.3687380028089222,0.00841399518377099,random
0.04123085702274685,0.2025184662144444,0.20840297452979498,0.12094563150116479,0.12601770889782685,0.058372585049430825,0.2425117767845911,0.36844811444193404,0.008469451997594229,random
0.08144148277368454,0.35632906866226627,0.11211169389406539,0.06472013397261077,0.08684186763326654,0.20365045260958395,0.09490530045452272,0.3676267640688009,0.00862830149405382,random
0.10792986851665949,0.2909943904194546,0.08648072690871797,0.15175550069069768,0.026014014498834306,0.11769006888193177,0.21913543008370429,0.36757844934096956,0.008637725341295609,random
0.005755078306820235,0.3036416274668847,0.13734561237538362,0.07026235039635635,0.1089940951502176,0.27370649054649226,0.10029474575784521,0.3675301346131382,0.008647158094110178,random
0.03819859928159603,0.32014052119523084,0.08885077998805788,0.11128508026133,0.2206093568250296,0.1908640660905441,0.030051596358211613,0.3674818198853068,0.008656599759374993,random
0.08120543749719196,0.32550373040405534,0.2119307577078252,0.018387643122408853,0.21726865462596484,0.06739253178394626,0.07831124485860752,0.3669986726069933,0.00875150811251291,random
0.09374719452243091,0.30376234008581454,0.07037363601049926,0.17420261698592995,0.1397383717729463,0.10271631842694838,0.1154595221954307,0.3668537284234992,0.00878015557687472,random
0.07725810217191069,0.24797097303465296,0.11918209835701311,0.33059292338444646,0.12277492428982166,0.026703465060384988,0.07551751370176989,0.3665155253286797,0.008847315303830717,random
0.029914631011147403,0.3536831163163734,0.042935786657566,0.11560047277230885,0.21353919798335017,0.23429237951147167,0.01003441574778254,0.36646721060084836,0.008856945725912429,random
0.06585417976120365,0.17806071993049258,0.38152060403987753,0.06449892844319845,0.06820542578883694,0.01290375697509212,0.2289563850612989,0.36637058114518567,0.008876233771163379,random
0.20300904400846587,0.35998597021751133,0.10491006688291728,0.044533764912962154,0.1258968592760381,0.020934651335278866,0.14072964336682656,0.3660806927781975,0.008934316017517149,random
0.010651042557768366,0.19991159242885104,0.09177449429751498,0.2999904328223233,0.16857846608436972,0.07257236034905375,0.15652161146011886,0.3657424896833779,0.009002493728921536,random
0.14161922569926677,0.32206974604409866,0.15191288615424786,0.017307970242298035,0.10582323598315749,0.06149242460705628,0.19977451126987483,0.3654526013163899,0.009061289289708313,random
0.17519502166460196,0.372255778497305,0.1995762233467855,0.011425176536272712,0.008002348283561106,0.10459989244674461,0.12894555922472897,0.36540428658855845,0.009071120749925134,random
0.04763404750111955,0.23963306142360227,0.41456716341653266,0.1287734498476961,0.017484371095774002,0.11108678500170371,0.040821121713571655,0.3653559718607271,0.009080961428937169,random
0.15006103702586257,0.405287570987316,0.011493754482615696,0.14576045717521785,0.10227524118021503,0.17892262246933024,0.006199316679442545,0.36521102767723307,0.009110538849239087,random
0.06780935656937827,0.2738291260471517,0.33952225248689144,0.02669136886896969,0.09009262125366677,0.08096574952495281,0.12108952524898917,0.36496945403807624,0.009160019584165137,random
0.09068068345196453,0.2959159242088704,0.2050721639467032,0.06339353244938928,0.06566659077155522,0.10668053687413666,0.17259056829738065,0.3646795656710881,0.00921970286214473,random
0.07751056828134814,0.3436044391378016,0.13508516378936683,0.008267050154933186,0.16525545663167598,0.16328086968732808,0.10699645231754641,0.3644863067597626,0.00925967811774645,random
0.13823505798501168,0.31541227135300903,0.29569308310002596,0.05408127898448993,0.037904240839564896,0.06990060434040148,0.08877346339749705,0.3641964183927745,0.009319921744211541,random
0.05176166626202045,0.30886591692083537,0.2807591782129219,0.050329606686228226,0.25067144128189284,0.04091579175244913,0.01669639888365213,0.3640997889371118,0.00934007804592573,random
0.11019363671277939,0.32139807878740034,0.28059958931593476,0.04026448548393673,0.08135143792152166,0.06373340915436171,0.10245936262406528,0.36400315948144907,0.009360271989295439,random
0.07711925363109293,0.35291892249708373,0.20270498427802247,0.00959496779803528,0.013347579371597971,0.2683379825300454,0.07597630989412232,0.3639065300257863,0.009380503631537616,random
0.07141129414479135,0.20711433278245758,0.056459201000387454,0.29250099791152995,0.1392544372755455,0.0422931658946723,0.19096657099061576,0.36385821529795503,0.009390633607632844,random
0.16660514739474808,0.36058902860154973,0.21702985977105213,0.10845738607291402,0.07804990814979318,0.04211185278775024,0.02715681722219268,0.3638099005701237,0.009400773029930212,random
0.05022540686197525,0.29989948777003606,0.15550883897548035,0.16544169210287243,0.1602658696083775,0.11914647994255237,0.04951222473870607,0.3636649563866296,0.009431248045746736,random
0.03623639298688287,0.29349567273681626,0.1553747093310058,0.0993933738996455,0.11294272313780843,0.15297882925016673,0.14957829865767444,0.3632301238361474,0.009523185514695913,random
0.03523039331183126,0.21396184395116227,0.43015655654949814,0.00034721761219117447,0.12474330352429801,0.05486574895289338,0.1406949360981257,0.36298855019699056,0.009574595439717486,random
0.06497192578254278,0.32516482419752524,0.042329818765794995,0.05574520139511011,0.34436378168138476,0.04965143453474649,0.11777301364289569,0.3628436060134965,0.009605556246904153,random
0.1398251862565103,0.3869480469401872,0.09329194444980174,0.005321042542929846,0.1592117212640078,0.10420816730309253,0.1111938912434705,0.3622155145516889,0.009740720407821446,random
0.11023058900740047,0.23772750910677112,0.28482844125112416,0.1313147654609911,0.04447301096901642,0.0006876089005567567,0.19073807530413991,0.3621671998238575,0.009751185291689718,random
0.06816105673479779,0.37350439107391326,0.1419464583008822,8.59012015863487e-05,0.18035118770616304,0.19727308847507183,0.03867791650758551,0.3617806820012066,0.009835254154925567,random
0.04518431064744746,0.23102113387556164,0.25194558893360075,0.060844415844530285,0.09800530478790029,0.061699454285125604,0.2512997916258341,0.3616840525455439,0.009856368803564178,random
0.016687433422335606,0.17805202029070655,0.1378116624320462,0.06612768112115168,0.044440181107353156,0.12088413046647814,0.4359968911599285,0.36134584945072445,0.009930578296448138,random
0.01746764286445864,0.24105045903770445,0.04689636782234368,0.1723319242806625,0.06772550528408261,0.1814096572165538,0.2731184434941944,0.36124921999506165,0.009951869314959432,random
0.30164555444218366,0.5113949718894814,0.07785021513847651,0.007729864756961128,0.03227627433298132,0.057170536402655535,0.011932583037260568,0.3608627021724108,0.010037427532048917,random
0.06543996699478778,0.41024960821262885,0.08341202923962614,0.0008277361159204475,0.062247301204789274,0.3513139195829235,0.026509438649323952,0.3605244990775914,0.010112810484506851,random
0.27851398687237694,0.45411459542427624,0.09489244959140186,0.09277964907168683,0.03199850429550555,0.0395507649424124,0.008150049802340223,0.35979977816012093,0.010275990387304918,random
0.13778283191858026,0.40045489768779857,0.07991365886522264,0.053120766484737084,0.13219921962731082,0.14698691360462732,0.04954171181172339,0.3597514634322896,0.010286949262516523,random
0.09191487171772048,0.369608469132017,0.18638433878495797,0.04144893356885836,0.011716023595288321,0.2327852190153413,0.0661421441858167,0.35941326033747006,0.01036394374806441,random
0.058566876096375266,0.2699442508698829,0.1394731587668962,0.24208130602428998,0.18625128314705194,0.0068589162415267765,0.09682420885397695,0.35907505724265065,0.010441434202541565,random
0.06782735253878311,0.290311653892359,0.15184147963457995,0.16250958670377258,0.1024496219717535,0.09067393700148701,0.13438636825726488,0.3589784277869879,0.010463665790112922,random
0.02662681351471297,0.22900628260132444,0.0745611183974366,0.25782365749598984,0.23795082796931274,0.015961145066879692,0.15807015495434362,0.3589784277869879,0.010463665790112922,random
0.1939813697562897,0.43229911964936907,0.1751015829297736,0.028220732784421186,0.10139828730938129,0.0687865926706455,0.00021231490011971215,0.3587851688756625,0.010508251301388641,random
0.10064908922298844,0.36964387386390213,0.01366930631183942,0.17561773465809008,0.16646129554608177,0.12600973348457084,0.04794896691252718,0.35873685414783113,0.010519423210011808,random
0.07452135982466747,0.2890881628404504,0.045147654412123366,0.0012073582921683064,0.24958959773844192,0.03619955441086777,0.3042463124812808,0.358591909964337,0.010553000330953076,random
0.13153497921816756,0.2641303879338636,0.03590623495942088,0.36275021743865415,0.1657073667247048,0.011708756197380425,0.028262057527808495,0.3582053921416862,0.010642990885931701,random
0.08923620500757691,0.3704307762880229,0.07151493213716147,0.010866136898029705,0.2204220581020248,0.17495000050804074,0.06257989105914347,0.357915503774698,0.010710916652045321,random
0.07376983916505445,0.39240193102398546,0.08444741550124257,0.059738181080546286,0.009065240851428246,0.3405562760695261,0.040021116308217114,0.35777055959120396,0.010745019248619496,random
0.11336200645824383,0.3682641359232875,0.1159977441353523,0.18103961725724566,0.06470559180301573,0.1463923220406608,0.010238582382194106,0.3576739301355412,0.010767806198850698,random
0.062193233585692356,0.32037888138911175,0.1764314135207028,0.11024294305069153,0.12491315066505118,0.14617950993322656,0.05966086785552385,0.3570941534015649,0.010905403230621292,random
0.030660760417068365,0.32172292336053343,0.08874467595460453,0.010658717599612812,0.28778224010680864,0.13358318622390697,0.1268474963374654,0.3568042650345768,0.010974767226000815,random
0.046065340360157865,0.2860799029168635,0.07467863654805662,0.13487582117839594,0.0796293690193992,0.15295363931697237,0.2257172906601545,0.35670763557891405,0.010997972743611648,random
0.043899752555784946,0.39387025897697503,0.06452082276384327,0.00043324214698018423,0.2998436192951339,0.19045650562192154,0.006975798639361202,0.3559829146614438,0.011173363404600957,random
0.12145989722893015,0.31357266857766614,0.07694782844284222,0.044026424525633615,0.22280965758843915,0.012740075348966503,0.20844344828752218,0.35588628520578103,0.011196929566045712,random
0.11240065631719207,0.3770416268730148,0.19629989022490996,0.062331019500004026,0.09020054281793012,0.123490442313888,0.03823582195306116,0.3558379704779497,0.01120872866448077,random
0.04980799395832964,0.28899542245171944,0.07064682603751242,0.05540495580870217,0.04966581603185339,0.2050332121085894,0.2804457736032935,0.35574134102228694,0.011232358935799632,random
0.1401772275365096,0.3965770754438405,0.20167222874749338,0.0017216393284579,0.12274726829904545,0.10934457184433366,0.027759988800319563,0.35549976738313016,0.011291622079719248,random
0.10413499435151899,0.31610789861825794,0.17943850164852737,0.23236239920440885,0.15320467709908872,0.008107157462910198,0.0066443716152878515,0.355354823199636,0.011327308826929172,random
0.11408183166692462,0.3810009782898506,0.20372288581565687,0.026635298510905524,0.14689869030983524,0.11120016850399757,0.016460146902829632,0.35487167592132246,0.011446965706630001,random
0.09262304173008931,0.3562427220914501,0.24200330781049356,0.0030975410648176197,0.24819287822324212,0.033295501775727085,0.02454500730418042,0.3548233611934911,0.011458990916510921,random
0.08466237394187717,0.2993342238297044,0.10738069368298193,0.33820602500501784,0.07635931426527676,0.07128314808115228,0.02277422119398957,0.3544368433708402,0.011555583991149723,random
0.10672492980461759,0.31894196630634725,0.18100532816661197,0.20373338749846454,0.0605782899606834,0.08860952747855001,0.040406570784725135,0.3543402139151775,0.0115798412706482,random
0.04415707808958642,0.26968395158285535,0.2492356385693162,0.11973709052516197,0.08769806968118007,0.09601435525101594,0.13347381630088404,0.35419526973168347,0.011616309205372235,random
0.18928511766294545,0.4158605801828552,0.05079869915054224,0.03597994384989241,0.05668465107197565,0.10675939310278179,0.1446316149790073,0.3538087519090326,0.01171403970243018,random
0.27591670656924916,0.44123947666156715,0.028861606124406972,0.04764840400305076,0.0820272494729007,0.0028549694406299255,0.12145158772819542,0.35376043718120126,0.011726305521798763,random
0.06298179803028738,0.29315282150269173,0.04396468792572463,0.21447800538437975,0.20002852915904742,0.08127758333071382,0.10411657466715521,0.35332560463071905,0.011837195121156196,random
0.052978953598808005,0.33115582732168225,0.3684673381279901,0.03967436298158863,0.10339930329093264,0.09925232792558433,0.005071886753414047,0.35303571626373087,0.011911620664867433,random
0.14603147084043455,0.342948475083961,0.23360474816328994,0.06379834077141251,0.09747612452976019,0.035403986742692795,0.0807368538684491,0.3529390868080681,0.011936518279465212,random
0.10466973707545274,0.3752516995773949,0.08542272902963383,0.06574453088230382,0.0074197960788846655,0.26222341264372145,0.09926809471260845,0.3529390868080681,0.011936518279465212,random
0.06536856685308542,0.29250300957138864,0.23725433120997377,0.0017147419025903246,0.1993269777929411,0.01720556875422625,0.18662680391579473,0.35260088371324866,0.012024012027768963,random
0.09751509751974265,0.2688021926437386,0.27368123728069726,0.22357484180777812,0.016773419717828128,0.025174373888650244,0.09447883714156499,0.35250425425758597,0.012049111106546622,random
0.1866214616511014,0.43051594628584405,0.13597539196133204,0.02435141339005218,0.06140686920018079,0.08230006279037075,0.07882885472111888,0.35231099534626054,0.012099444170292012,random
0.11287076870490556,0.3179452938256186,0.35878810903366976,0.027089637725882836,0.11860506781849946,0.03720590352022967,0.02749521937119419,0.351972792251441,0.012187961205197701,random
0.18771826990142798,0.41218185142263924,0.08101627247812009,0.08475558693847002,0.06226435920310705,0.06135322116817316,0.11071043888806249,0.3511031271504766,0.012418131471404501,random
0.15427646392969804,0.3877014085923897,0.11056569185298011,0.0008709273365221314,0.18668696291694406,0.07343762588985792,0.08646091948160796,0.3511031271504766,0.012418131471404501,random
0.0423318655887221,0.22675452205652621,0.3300294147751877,0.04383843005270099,0.1388084382250084,0.005985368966075268,0.21225196033577928,0.35105481242264525,0.012431027258412171,random
0.24746986313254987,0.426894986909312,0.08451174703414961,0.14064465853759625,0.03981474401159485,0.019723430781336062,0.0409405695934613,0.35105481242264525,0.012431027258412171,random
0.015320303508576737,0.2585093128751905,0.2254672418644682,0.21357224860326784,0.13967524664207906,0.11533214482485298,0.03212350168156469,0.35090986823915116,0.01246978353705722,random
0.13187594682298726,0.3411361603149157,0.33457979249719044,0.03399647420681878,0.0027479045503869854,0.06041524448928744,0.09524847711841337,0.3507166093278257,0.012521619689207786,random
0.021981926458407054,0.32105578218176284,0.1580402841785846,0.12005692927557547,0.05307267758451707,0.2638908676398063,0.06190153268134672,0.3500885178660181,0.012691364889695134,random
0.09074570556192747,0.3909349040598715,0.1978885454362506,0.01917608162843306,0.14217868492784505,0.13458438009398674,0.024491698291685425,0.3495570558598732,0.012836531919646111,random
0.029589855191242225,0.33545305762337796,0.17131314211953444,0.005598602833308967,0.3099501254581234,0.03427172294273427,0.11382349383167878,0.34825255820842643,0.013198894729334925,random
0.16366649644332693,0.352934212499548,0.32477587356046056,0.0029973572912604532,0.035751071082801414,0.02800406309546923,0.09187092602713341,0.3482042434805951,0.01321248203127148,random
0.026999267211215643,0.3311435171958911,0.18068203022481644,0.024101460222159664,0.11667295210176688,0.1928056219235934,0.12759515112055686,0.3474312078352934,0.013431512649864918,random
0.09087676444251094,0.4427399634805802,0.0790738425128658,0.003964395893938376,0.0382264924606827,0.287840035680644,0.057278505528778195,0.3474312078352934,0.013431512649864918,random
0.016800519523774364,0.3102504024952539,0.15183794815224394,0.014576471681827224,0.2745467263722403,0.07528572868586642,0.15670220308879373,0.34718963419613663,0.01350059366459864,random
0.022532986347091447,0.31101816104121677,0.22896065943961888,0.0177759052949791,0.12275854125298843,0.17095020967451757,0.12600353694958774,0.34689974582914845,0.013583891883063245,random
0.17766902112119112,0.44683408715934286,0.020520187598716953,0.14585850511661147,0.1322754377373234,0.06704326375647689,0.009799497510337324,0.34680311637348576,0.013611755463340947,random
0.05074145624933942,0.3354493994065521,0.14853388285881372,0.0009341781803974557,0.076350402412003,0.1970966162550881,0.19089406463780623,0.34680311637348576,0.013611755463340947,random
0.1777194760392141,0.4750645560377732,0.15087597551528814,0.01745589514973901,0.010659186782772062,0.16486442097947346,0.0033604894957402266,0.34675480164565436,0.013625705574501486,random
0.111063663710553,0.4231578677924489,0.09302963937308975,0.04148718833752463,0.10000180662255638,0.2118044456913962,0.019455388472431074,0.346706486917823,0.013639667911059524,random
0.13806470574356333,0.39571349275343387,0.031349712165449455,0.19390118916393173,0.01366808759409894,0.11091628843206919,0.11638652414745344,0.3466098574621603,0.013667629294540547,random
0.16470753305654023,0.3528154086253592,0.025159208291886174,0.20817067199103345,0.12388607553556537,0.02058755568866573,0.10467354681094984,0.3466098574621603,0.013667629294540547,random
0.18593366376054624,0.3947279252361296,0.05530974024216235,0.015048411081225736,0.08677783454706502,0.05671652014584583,0.20548590498702507,0.3464649132786662,0.013709663273924021,random
0.16969535823297285,0.34733051669957427,0.13080215042654816,0.04903019771261373,0.020932459788137188,0.04751383040239611,0.2346954867377577,0.3462233396395095,0.013779965554710179,random
0.2039949825126562,0.47366909594255474,0.004062744515203468,0.001128554765776386,0.22983181783844758,0.06468944189919623,0.022623362526165716,0.3460783954560154,0.013822294689501356,random
0.018499654888696666,0.25605453767144143,0.04519717743332736,0.26742458260234303,0.12023530932554713,0.13176608731717565,0.16082265076146887,0.34593345127252134,0.013864734932407238,random
0.1373800614254121,0.3540320168867101,0.21593002134524866,0.05116444520805879,0.007413617328436106,0.09288184896495177,0.14119798884118254,0.3457401923611959,0.01392149515921049,random
0.08935902077985974,0.32331148120082553,0.1971941071533708,0.02077423869933978,0.08293757622473052,0.08791909617285876,0.19850447976901486,0.34530535981071364,0.014049932239166965,random
0.05702829849648052,0.32579674083096155,0.18129935298557978,0.11881899842625643,0.029910797810034886,0.19334206833023534,0.09380374312045155,0.34525704508288224,0.014064265327328462,random
0.0836674196102807,0.4022830262499332,0.07317172274504714,0.08299299620886517,0.09151363308197243,0.2024043725058599,0.06396682959804159,0.34506378617155686,0.014121722686854117,random
0.1522396320944901,0.34868407721582384,0.008327244535640247,0.053705498634628576,0.18249913026095377,0.04232342596373753,0.21222099129472585,0.3444356947097493,0.014309846186817302,random
0.12455044183714144,0.3463134384683938,0.09609453348858402,0.07440849090986786,0.17492720630950828,0.036705671395098186,0.14700021759140625,0.3440974916149297,0.014412027025219867,random
0.04198631212462895,0.2043229565448556,0.056298256498837275,0.19780188840055557,0.0938152330912985,0.018347201679414372,0.38742815166040995,0.344000862159267,0.014441335728464347,random
0.11776140008529157,0.34157173175601196,0.1622165898940508,0.024600831071389228,0.15905731759947306,0.018052669409908056,0.17673946018387546,0.3437592885201102,0.014514830214497784,random
0.08648766409786027,0.3954527900485279,0.005580218711045746,0.15333768837947095,0.0812961465462993,0.2067574341819747,0.07108805803482102,0.3435660296087848,0.01457385547403661,random
0.1684290732199057,0.40083005568907915,0.05148593930051736,0.06686763096516385,0.18396068908427232,0.04442273883315122,0.08400387290791043,0.3430345676026399,0.014737232433141042,random
0.0641248440492153,0.347458231413232,0.3373583441263049,0.03744209206905784,0.031344691091854095,0.14188312132114883,0.04038867592918723,0.3429379381469771,0.014767104620004544,random
0.02079632920402657,0.315444619976334,0.1558309300152367,0.07569029078067685,0.22811856572608324,0.07716830842233345,0.1269509558753093,0.3427446792356517,0.014827004011847323,random
0.010540124207053874,0.30558041224291455,0.22969710995685721,0.12345410247261482,0.2064254075617849,0.06933282089228307,0.05497002266649161,0.3425514203243263,0.014887110566977524,random
0.15435676779008714,0.44452067392596345,0.010936799721955267,0.1833708240976881,0.08963013032381437,0.08313521603699531,0.034049588103496425,0.34230984668516945,0.014962535949418003,random
0.06848623306314913,0.2979957605598223,0.1120711979794774,0.1403419231163059,0.05013276492319593,0.10746901815150633,0.22350310220654312,0.34230984668516945,0.014962535949418003,random
0.20141946472248826,0.5064108463877005,0.07229980094452988,0.0025343099409667735,0.03619087430717689,0.16113009507918438,0.02001460861795318,0.34201995831818127,0.015053476418687551,random
0.010427515162445743,0.20276344564454715,0.015775503080072993,0.22295557761484158,0.148948062183174,0.10089928431143795,0.29823061200348056,0.34201995831818127,0.015053476418687551,random
0.12531758071491905,0.35467699718057155,0.16588126668808645,0.05318994172924902,0.024208535755789056,0.09177186780749227,0.18495381012389264,0.3419233288625186,0.015083894462203398,random
0.083377079791549,0.34951141446714246,0.1878016104157564,0.0521395905718823,0.08906848840785882,0.10414921393192039,0.13395260241389056,0.3419233288625186,0.015083894462203398,random
0.01749157748688764,0.299972199507669,0.030347919976160855,0.20352856735045285,0.1291237076593883,0.18897628807689348,0.13055973994254788,0.3418266994068559,0.015114364901574064,random
0.10996187922283715,0.35197465888011636,0.09497004874802932,0.15041613858637545,0.21655959877285497,0.02658710775803495,0.04953056803175202,0.34177838467902455,0.015129619792039653,random
0.17676019169842516,0.42541068478116356,0.07601148810854154,0.0023419928829592172,0.19656960795248962,0.07177253588647976,0.05113349868994114,0.3411019784893855,0.015344570539844341,random
0.10828019301490874,0.37533707617056855,0.07472166105095716,0.13806136442216432,0.08744150570107445,0.08914541620478761,0.12701278343553918,0.3410053490337228,0.015375489236232037,random
0.15680709945295215,0.37091825570373516,0.11085416290577428,0.21027675604829935,0.05804569351444863,0.020717223083636674,0.07238080929115356,0.34061883121107195,0.015499695517022941,random
0.12132882872688121,0.36551582207030137,0.20334928672494354,0.07030382421847542,0.05478147022718573,0.07138189173170398,0.11333887630050882,0.3404255722997465,0.015562118565087518,random
0.1199926975347378,0.31875960441570145,0.18512408678467882,0.05367646128721017,0.09903544706525444,0.025327378550275916,0.1980843243621414,0.34037725757191517,0.015577757748721664,random
0.1154942420425137,0.40991309578820667,0.02475938770106352,0.005851967058590645,0.3129867667300293,0.06486550111327054,0.0661290395663256,0.3402806281162524,0.015609076285293972,random
0.023708697923470988,0.3696805268125254,0.1574988996455787,0.00536151240895008,0.2890805507969407,0.054244121313876216,0.10042569109865807,0.340087369204927,0.015671874289403177,random
0.17025939837288218,0.3385518268755218,0.045973097658124885,0.011633993191175489,0.12864600884487823,0.028154720125351692,0.2767809549320656,0.340087369204927,0.015671874289403177,random
0.1164346154690586,0.36117151777204665,0.07929163104265623,0.0007327236886811751,0.07651780775712361,0.08780706034110433,0.27804464392932926,0.33999073974926425,0.01570335390207965,random
0.037863017666271634,0.20006738400522467,0.13843472576079927,0.3126341046765235,0.010504011539219121,0.12560026817584144,0.17489648817612033,0.33984579556577027,0.01575067428871498,random
0.1189144067633976,0.4503524347525843,0.0871447306862931,0.054058451689328234,0.03213175138091513,0.2235476025457754,0.03385062218170628,0.33892781573697445,0.016053198932277492,random
0.04484576412276973,0.3237605848121608,0.1843889407087283,0.05710914858567418,0.10687788407776776,0.1436661163026876,0.13935156139021163,0.33873455682564896,0.016117514593533742,random
0.022704398765219565,0.26592406924362466,0.3678871008019856,0.04748125675090545,0.1396686778130368,0.03926137805117412,0.11707311857405361,0.3385896126421549,0.01616589512469858,random
0.04927504294244175,0.24790329778361012,0.31274059411685545,0.1947185902826921,0.05446004460415381,0.043193091294377706,0.09770933897586882,0.3382997242751668,0.016263026996346585,random
0.16351816388187415,0.44227476706443897,0.1331332107967232,0.10855271874535534,0.0456860429294866,0.10191091774749962,0.004924178834622136,0.33752668862986507,0.016524475976343284,random
0.08349039343658571,0.32419378904870244,0.11036683242116105,0.05093340358672959,0.20575291490945266,0.055054436153600575,0.17020823044376782,0.3374783739020337,0.016540934529935596,random
0.10505095279861769,0.3445437810564634,0.1448525605028599,0.0018239253692790506,0.16945770486545544,0.06113221161031788,0.1731388637970066,0.3372368002628769,0.01662343654005156,random
0.065690406325571,0.25696565077829026,0.1539621327938297,0.037847625188617284,0.0968592280334281,0.055111525490017556,0.3335634313902462,0.3369469118958887,0.01672290051295827,random
0.027249886547661237,0.3566999682243462,0.05571837126318283,0.001283161189359448,0.33172288633773755,0.11875211737406437,0.10857360906364842,0.3369469118958887,0.01672290051295827,random
0.045958902686133424,0.3436960759529005,0.24051353508203763,0.015949444799839722,0.16993447473076836,0.09174349342633546,0.09220407332198481,0.33665702352890065,0.016822869908118224,random
0.06140726466605281,0.4142101950846449,0.08399163252809462,0.011493836673159416,0.19472869820006541,0.17383525573015854,0.06033311711782453,0.3364637646175752,0.016889797958070493,random
0.04275252513444297,0.3178423974349813,0.18478749844074013,0.1177019713094315,0.09804015025265296,0.11021696802169237,0.1286584894060588,0.3364637646175752,0.016889797958070493,random
0.058102684578129817,0.3403211737914332,0.2678200139944134,0.059876060498024276,0.1718214796339631,0.009721278502955745,0.0923373090010804,0.33593230261143026,0.017075017874296862,random
0.07621437775275347,0.44056534007941517,0.026083767621643047,0.1025529849589062,0.1898155973090319,0.16251307185922403,0.0022548604190262517,0.3357390437001048,0.01714279700230038,random
0.11939860892219507,0.48131828760198325,0.06472848370883266,0.0002220614135530982,0.09126221812997375,0.23604906140030482,0.007021278823157224,0.33564241424444213,0.017176772172532703,random
0.05664732388375098,0.2019039098992164,0.20445063756284756,0.005388960402335631,0.010835644202269054,0.0474579349592726,0.4733155890903078,0.33564241424444213,0.017176772172532703,random
0.20247064023825864,0.4120016791839543,0.10722367320977762,0.03277985379909812,0.011097703628046577,0.04525981510205,0.18916663483881474,0.33564241424444213,0.017176772172532703,random
0.2149317035026828,0.48007142411592807,0.01076482898528934,0.05510696618020698,0.1004734775861637,0.08300346082463415,0.05564813880509513,0.33559409951661073,0.017193781192207675,random
0.03500714797359878,0.39885823993293107,0.03469851320881134,0.03167117203112433,0.3531309933211394,0.12904022756350736,0.01759370596888754,0.3354008406052853,0.017261960388221195,random
0.14382303766653842,0.39674953207388525,0.04874680283273589,0.04666919975321943,0.24051954286672741,0.03736492807741025,0.08612695672948345,0.3351109522382971,0.017364659573907492,random
0.12014993468792616,0.44422573154473716,0.13433429395002658,0.006574569195359673,0.047399358296899514,0.15155809385122485,0.09575801847382613,0.3342412871373327,0.017675875062612752,random
0.08309716229543646,0.2506300462038447,0.0934152826507151,0.18251331316496355,0.06479929494962648,0.019777249966003788,0.3057676507694098,0.3342412871373327,0.017675875062612752,random
0.05386737261053966,0.35046987513517686,0.14060946916340647,0.008812249783704824,0.0580182409074797,0.1949472506702067,0.19327554172948563,0.33419297240950135,0.017693302695947596,random
0.16703754216577762,0.46801712338448437,0.02630923076638005,0.03128900263426745,0.14412607741091404,0.1013329643609917,0.06188805927718461,0.33414465768167,0.01771074490693653,random
0.051414289809011776,0.16772734958163577,0.06407007841039315,0.1424463965431617,0.030961056427011205,0.028783606840767615,0.5145972223880189,0.33409634295383867,0.017728201705132705,random
0.11290153179254388,0.4138722465468416,0.02590106640684891,0.14575867857182523,0.1476578455582976,0.06924207535285724,0.08466655577078548,0.33409634295383867,0.017728201705132705,random
0.14376179503250625,0.41441455193277943,0.07099426869267832,0.06549098782079234,0.11711196322694643,0.08995905269204925,0.09826738060224786,0.33390308404251323,0.01779817496118628,random
0.08401210995674925,0.2674052471945566,0.02911757638149614,0.3652708752805695,0.13868149105929703,0.0005044698344534977,0.11500823029287793,0.3338547693146819,0.017815704838849707,random
0.03485319104202439,0.34526505781173106,0.04676729912638819,0.26531984086675126,0.20590816281164706,0.056677654887381725,0.04520879345407639,0.3332749925807056,0.01802720839274927,random
0.12476243640758664,0.4021577550324106,0.08366020383225069,0.017872611941703975,0.042432621738994786,0.165919943734054,0.16319442731299919,0.33298510421371746,0.01813375616241515,random
0.1935841540523223,0.38433668473622534,0.09202279349594719,0.02405313699377405,0.0752820609096774,0.006567883438126433,0.22415328637392715,0.332791845302392,0.018205084233076353,random
0.15396014283610213,0.4026941575925763,0.266447801599736,0.028380245163979165,0.011426445831427795,0.07261170117780832,0.06447950579837007,0.33182555074576486,0.01856530248059319,random
0.06780181515203719,0.3967979352784697,0.09315769385090938,0.1771627264812671,0.10634351706006671,0.11019568861724667,0.04854062356000319,0.33163229183443943,0.01863806605484139,random
0.14580363821250067,0.4310021141427941,0.06590047173789153,0.015152928906998165,0.10435958005816637,0.12220532145750686,0.11557594548414227,0.3313907181952826,0.01872936010412674,random
0.0434621003981842,0.3235112467650376,0.022942475511726707,0.015567662141084524,0.26767273761056043,0.08744230117090482,0.2394014764025016,0.33124577401178856,0.01878431811242803,random
0.09774346854338735,0.4007462108061857,0.13653585017749625,0.04187998283618989,0.2504886174216403,0.06272391261635471,0.009881957598745803,0.33124577401178856,0.01878431811242803,random
0.11829002886655604,0.42713026918811986,0.05867869940786318,0.0284995837262498,0.24835684064698071,0.0922340175248762,0.026810560639354056,0.33124577401178856,0.01878431811242803,random
0.06541030868614636,0.27703195080074566,0.11486847186243188,0.17424270419971852,0.04231158171168699,0.07112878569661082,0.2550061970426598,0.3303761089108241,0.019116942065347402,random
0.06200820227165088,0.19294557237098783,0.009677269109125287,0.4432682919625659,0.01976728896693297,0.09936497627220456,0.17296839904653274,0.33027947945516145,0.019154206116122917,random
0.1314283196966347,0.34735362501760175,0.013490825076350698,0.0038331551512176677,0.039532102028182005,0.10786358779467535,0.3564983852353379,0.33008622054383596,0.01922891866292686,random
0.093665423895266,0.40978220708898244,0.09264165387781283,0.0067717647302022125,0.149598219303447,0.1355336193649418,0.11200711173934771,0.3299895910881733,0.01926636731684713,random
0.041941546732618476,0.41506959136861354,0.05985592388940318,0.031073339269303907,0.26972882432200174,0.14291239293638439,0.03941838148167468,0.3297480174490165,0.01936025902882898,random
0.05632241240019296,0.3001054558025158,0.14241338806375778,0.1328180398407241,0.013637055751686823,0.1683378947408862,0.18636575340023623,0.3294581290820283,0.01947343978683019,random
0.1502548594411321,0.3769963361621571,0.045427168555238935,0.2147540887653569,0.09513178842861823,0.02073083716914622,0.09670492147835047,0.32892666707588336,0.019682391638155976,random
0.15668584903829424,0.4765103934376896,0.008670890732205004,0.0880689854541349,0.07244851493860537,0.14245874493759628,0.05515662146147461,0.32854014925323255,0.019835544615498406,random
0.08088218931000171,0.3644020056799646,0.0078066409938219216,0.012317479421401661,0.2339688210302824,0.08272875468887893,0.21789410887564878,0.328201946158413,0.019970378664774937,random
0.06143174665102273,0.3745489458526723,0.012961977596875751,0.03651220640291245,0.08388234242881927,0.19404051499590697,0.2366222660717906,0.32776711360793076,0.020144874189191905,random
0.10040318829148986,0.41483379070743803,0.014177983430335783,0.23015081413986851,0.14105597898957234,0.054686077777910236,0.0446921666633853,0.3277187988800994,0.020164341855454616,random
0.12719750840781774,0.41179130573542516,0.2755330971222699,0.022075961961843908,0.12998971802181664,0.021448813004583612,0.011963595746242988,0.3275738546966054,0.0202228402452201,random
0.188663932568518,0.4477756453202821,0.11930364957978781,0.004448989033366964,0.1503714172507977,0.025074401817224427,0.06436196443002323,0.32670418959564096,0.02057684937370813,random
0.2119298604028507,0.44992319034758094,0.03308343349887833,0.13119629617328657,0.023903969152048305,0.05703999868189469,0.09292325174346042,0.3263659865008214,0.020715925434343342,random
0.16580666465724186,0.5064466371761986,0.09524005492216443,0.01857925839817348,0.030052193485360257,0.17725561827259742,0.0066195730882639605,0.32631767177299004,0.0207358580615627,random
0.05802436375060401,0.3332713444067458,0.20962092044719707,0.19677406710159054,0.06028326541740648,0.11255903073692457,0.029467008139531396,0.3262693570451587,0.020755806873906896,random
0.01718357625247439,0.2560560868408515,0.2485408775711942,0.0010638850859115562,0.070489168090266,0.09371629982766838,0.312950106331634,0.3259794686781705,0.020875840205440324,random
0.06730245800176557,0.4036375701620592,0.14237000930591018,0.05887344889066473,0.12501080196306938,0.13057338393713527,0.07223232773939582,0.3258828392225078,0.02091598125847832,random
0.2105522220300624,0.5103192735816975,0.12198229003889963,0.009534113665575241,0.09605252356197524,0.038628706095459146,0.012930871026330754,0.32564126558335105,0.0210166189137137,random
0.09010074061284275,0.458449561959125,0.07081125965487728,0.046568573039826484,0.08937727212741876,0.17348762657283723,0.07120496603307233,0.3246266562988926,0.021443769484435892,random
0.11058893369101508,0.4441371799896834,0.1683502289006168,0.030022491169111896,0.14069931398020474,0.0838074777752561,0.0223943744941121,0.3239019353814222,0.021753338201373675,random
0.1855343654624488,0.44338186481783665,0.09420317416929093,0.1248811616292845,0.024620411507287582,0.04728291049252145,0.08009611192133011,0.32385362065359086,0.021774109315655862,random
0.08845609206560764,0.46987057608596333,0.09793490188980974,0.003092592450591198,0.02534764879278562,0.2646976856286579,0.050600503086584626,0.32366036174226537,0.021857360962319897,random
0.10797831263409462,0.47237307750657254,0.11185470670276172,0.060207728768940885,0.056731854256213604,0.18996130101625003,0.000893019115166474,0.3235637322866027,0.02189908724450647,random
0.08598185237278338,0.3641501580500215,0.06502868146938481,0.052125856158007286,0.09750930553977899,0.0914516122536535,0.24375253415637055,0.32346710283094,0.021940880609928954,random
0.18181013738004095,0.5203377939423232,0.00969023079171377,0.0022679002589376268,0.13965428537702024,0.0898767532759023,0.05636289897406199,0.32211429045166196,0.022533078093479895,random
0.011452234372151917,0.24399316485821002,0.023243207558653552,0.3074006223399006,0.21995481142643228,0.04055138025136054,0.15340457919329117,0.3218727168125051,0.022640230445226155,random
0.03894391400303566,0.27794140936669637,0.1295664817984471,0.19622034397915689,0.07006227354389882,0.09643054655647963,0.19083503075228547,0.3217277726290111,0.022704727408706132,random
0.12300347897788738,0.49609387164020086,0.11670927573314646,0.0381703342943063,0.06378290719617724,0.14440149895287152,0.017838633205410105,0.3217277726290111,0.022704727408706132,random
0.0421713305903123,0.3013328522358401,0.15705364069139133,0.16608012206875505,0.1558035310623452,0.03515695596255475,0.14240156738880144,0.32143788426202297,0.022834185153517542,random
0.07764975489732734,0.2738744434087373,0.012451383685830538,0.4094564639184838,0.13469076107019481,0.07132127121535185,0.02055592180407447,0.32138956953419157,0.022855821691688875,random
0.012166236807946224,0.25321973268588616,0.10431346275786647,0.36042615312818205,0.14038262007672153,0.03439416461999566,0.09509762992340208,0.32109968116720344,0.022986003364353184,random
0.01631519336545538,0.3169824651498856,0.09032733055792169,0.012577118513511435,0.19906405481367356,0.12701016606824495,0.23772367153130758,0.3210513664393721,0.02300776081559056,random
0.07729761010636566,0.2979579968226213,0.03265874097521425,0.06669256786481449,0.16955006825718041,0.0367618004472893,0.31908121552651464,0.32080979280021527,0.023116808016374366,random
0.016854694837370145,0.19479921120288235,0.2506046849915028,0.3416283924115731,0.04769896842646708,0.032172831346364075,0.11624121678384064,0.3195536098765999,0.023690882879340184,random
0.0653852044559376,0.3232833535220549,0.16988075854138024,0.15499820397828926,0.038198206439029,0.08971402699291126,0.15854024607039785,0.3195052951487686,0.023713199689532515,random
0.07596564361489655,0.25488569971334735,0.005564691994406373,0.33061211197463236,0.010456680605371266,0.04629213754423358,0.2762230345531125,0.31936035096527454,0.023780256096685135,random
0.07493836569150593,0.3485972236729178,0.09855062627673433,0.14668587903704608,0.15999096023856368,0.013200890902093131,0.1580360541811391,0.3192637215096118,0.023825048788851826,random
0.11943271223725586,0.508836892579414,0.03765929016584944,0.0009325479743058841,0.0032643409745465087,0.2829202100253604,0.04695400604326789,0.31892551841479233,0.02398238161068451,random
0.11571312525280156,0.4453166683981265,0.14436060501611636,0.005345271424892787,0.19047425162983053,0.036819785806610605,0.06197029247162152,0.31795922385816516,0.02443671824876357,random
0.05313864982913087,0.43811918792448284,0.10640439297324779,0.0732150079848028,0.04352528564605503,0.2522305072222105,0.03336696842007014,0.317669335491177,0.024574419269935047,random
0.1210450889314208,0.4691517696460599,0.1334410906253462,0.0293846137962386,0.029676207620890217,0.15610361022554367,0.061197619154500595,0.31742776185202026,0.024689666789288273,random
0.0401605203288953,0.26060002827101697,0.3183023604994266,0.1317312078512381,0.0210242193658465,0.06267977646882214,0.16550188721475442,0.31699292930153805,0.0248982546958317,random
0.08778051641748717,0.35665402164330934,0.17720188488411806,0.14496934943236894,0.065872845360002,0.012217750109677425,0.155303632153037,0.3167030409345499,0.025038132536585583,random
0.12239068328394201,0.4235942137468187,0.030394230575532446,0.1113994014251277,0.17327553966327436,0.05868333319351194,0.08026259811179265,0.31665472620671853,0.025061509431408568,random
0.08682436184525795,0.36957925718222934,0.09343417397031578,0.055021231149380706,0.20431137753414846,0.06853109932081788,0.12229849899784997,0.31665472620671853,0.025061509431408568,random
0.052897049049238136,0.3624287324937349,0.356001746721296,0.021156023255131228,0.09246023748170254,0.06303880885388022,0.052017402145017023,0.3163648378397304,0.02520215531980778,random
0.09600923399215444,0.5115139321039108,0.08315014783794981,0.001745409087997582,0.1123097184620613,0.14307042265092565,0.05220113586500046,0.3157850611057541,0.025485432091163884,random
0.12213950437312565,0.45698072349238117,0.009532777230587377,0.010694481690731809,0.29567308315499186,0.053280800572693,0.05169862948548918,0.31564011692226,0.02555666654668752,random
0.11829113956842599,0.4177945311166241,0.009762116532132896,0.15544330398242287,0.05680606647814771,0.0948989523341271,0.14700388998811936,0.31544685801093464,0.02565190517783136,random
0.049210592160975876,0.25195414168943453,0.12646379827328305,0.11729677718637539,0.09461895168894739,0.019572494912515337,0.3408832440884683,0.31515696964394646,0.025795320316911598,random
0.02720164529006948,0.29839871607148477,0.028557286528546107,0.2747778118008181,0.14632300758922304,0.07038244376651472,0.1543590889533438,0.314432248726476,0.026156797864871947,random
0.09102895842408983,0.43429592074959583,0.027140317334574542,0.08442219724320903,0.24793576598192088,0.060651056411691204,0.05452578385491847,0.3143356192708134,0.026205313609242165,random
0.2335221957598704,0.5263662843021197,0.05467457425562437,0.009493672359471204,0.11991848394292931,0.004297241112292718,0.051727548267692235,0.31414236035948795,0.02630257101759813,random
0.036003315797916165,0.3605688498826588,0.015797337779295068,0.1069084813670589,0.25506458404282834,0.010130258651171795,0.21552717247907088,0.3140457309038252,0.026351312858682283,random
0.1279839452649659,0.3845992317947721,0.10025904373562686,0.1813646443409494,0.02552321938426691,0.026157500102355284,0.15411241537706347,0.31351426889768025,0.026620745690704446,random
0.05556775840287781,0.30649672250566684,0.07668125867613121,0.04623849330028558,0.014082182129119002,0.16231858003754093,0.3386150049483787,0.31274123325237857,0.027016757692864476,random
0.002679572382955498,0.25618541131619343,0.26762925370052343,0.3305524037657178,0.10203096559581941,0.02308247791261779,0.017839915326172698,0.3125962890688845,0.027091555370541403,random
0.073350578726273,0.3365020923598515,0.010396592091188954,0.4124832307898974,0.10021615845492454,0.016552706816637393,0.05049864076122702,0.3124513448853904,0.02716652602553758,random
0.03384901040917099,0.34581087711319436,0.15793347533035643,0.14740419964917903,0.18840947623119222,0.031739079332676313,0.09485388193423061,0.3124513448853904,0.02716652602553758,random
0.179172228587582,0.439110193568048,0.0630473945885338,0.004783609670615134,0.11294656552526794,0.05360785543348895,0.1473321526264644,0.3122097712462336,0.02729186233195056,random
0.051514830836922494,0.34698542051513753,0.04001553687060575,0.0809215087630687,0.026756283006968664,0.18197390572228295,0.27183251428501387,0.3110985325061124,0.027874648632293657,random
0.01788467617501901,0.3399966784869025,0.07184118504479042,0.017099459960368744,0.20193771942677508,0.12044762208147262,0.23079265882467173,0.3103254968608106,0.028286162237363965,random
0.047165153576063365,0.3684855460554477,0.08174754045223133,0.22105370869886382,0.05054463285386317,0.13961590851607195,0.09138750984745882,0.3102771821329793,0.028312049223524153,random
0.12274781923201886,0.4407223395177284,0.031153934985174075,0.14107031416382493,0.02803902571145754,0.096199618159806,0.1400669482299903,0.30940751703201486,0.028781405017986112,random
0.04793387087042044,0.3626071426156921,0.05098729165715578,0.0260113670190196,0.19108744058405958,0.08719145867446695,0.23418142857918545,0.3090693139371954,0.02896567557277053,random
0.14946812241563232,0.5122543016392869,0.06781187889048351,0.09951839554015471,0.058243252495646415,0.060141623593805565,0.05256242542499054,0.3090693139371954,0.02896567557277053,random
0.13113250970442086,0.45358024723363816,0.028437567271111765,0.14964105520648577,0.0690351999123271,0.0839713930858445,0.08420202758617171,0.3090693139371954,0.02896567557277053,random
0.039297996329764474,0.35778324509508613,0.3749487240028094,0.01953340749967023,0.03389736463545664,0.1079042437572108,0.06663501868000236,0.30873111084237587,0.02915092833853096,random
0.051423974105599894,0.3778811130292363,0.11516891822827928,0.0960555496384149,0.21459038601502192,0.022589544934548584,0.12229051404889921,0.3086344813867132,0.02920403865515921,random
0.0749791985938835,0.42093902781133963,0.19667556715366824,0.1342278132977581,0.06300592740168169,0.10456319143265325,0.005609274309015701,0.30839290774755634,0.02933716723890432,random
0.04340641612359735,0.42407123888250114,0.06663140202191176,0.09785207062209465,0.27301120964978504,0.06150890722392321,0.03351875547618674,0.3080547046527368,0.029524396205344746,random
0.05166313526327395,0.43878840374493666,0.2096673808299305,0.011863570932841036,0.1868132107511684,0.06435228745322073,0.0368520110246285,0.30708841009610965,0.030064826750745698,random
0.04784709180536842,0.3513986686053134,0.1646088236057387,0.045544855432307074,0.10307410428218683,0.09171587357414474,0.19581058269494095,0.30665357754562744,0.030310692361781,random
0.0475626719044318,0.39146041440277163,0.19256637240644292,0.04078061306771938,0.1522115090719763,0.05072970717367705,0.12468871197298102,0.30650863336213335,0.030393018318364343,random
0.06968391391776943,0.39020483676992795,0.05461585195358718,0.3162326813651104,0.13074279199304395,0.01942408492756389,0.019095839072997264,0.30641200390647066,0.03044800554672783,random
0.10137989944983476,0.38081976727274813,0.1555853259646413,0.033150191540814736,0.09721990989600995,0.02652484184887145,0.20532006402707983,0.3063636891786394,0.03047553017290208,random
0.1700414178951894,0.5171451957071465,0.010887116423033482,0.03486608134303636,0.15083759613289113,0.0739469033423091,0.04227568915639394,0.30631537445080803,0.030503075489212206,random
0.03308931692166117,0.47658020677164253,0.02448383161109412,0.07993687453258992,0.23650847949335146,0.14909104506394866,0.0003102456057123034,0.30621874499514523,0.030558228238681314,random
0.10299359102138227,0.4801227537834749,0.057449854103519785,0.014546913930215835,0.12646639005732788,0.15100196649313571,0.06741853061094366,0.30612211553948254,0.030613463888049527,random
0.09793572379968658,0.4276203878244376,0.11741041274322417,0.171438390687774,0.08797390627603424,0.03243230015720802,0.06518887851163532,0.30612211553948254,0.030613463888049527,random
0.033153426941944154,0.2855260186452421,0.29046390455864757,0.03633262597355247,0.03607812492021874,0.06791780505385593,0.25052809390653913,0.30588054190032576,0.030751916308735916,random
0.093829504047621,0.3629796184954999,0.18161627551774637,0.1628803340538863,0.045620216881455775,0.02872470550839462,0.12434934549539602,0.3046726737045418,0.03145200995253683,random
0.01426737728950726,0.2524526443088996,0.3785063730042066,0.07117257560932484,0.03601765337128316,0.05835111366700928,0.18923226274976937,0.3046243589767105,0.03148028676010886,random
0.07858237411620916,0.47125646247160147,0.09334068559211754,0.00476051161496204,0.2090957748915716,0.1092185840079167,0.03374560730562137,0.30336817605309513,0.03222292773002948,random
0.09950072373552606,0.3966510181353274,0.0657582202716258,0.11359555957444291,0.029056678292702292,0.06304818643526203,0.23238961355511337,0.3029816582304443,0.032454335587303845,random
0.0146650212719699,0.3664600261684827,0.22428564665792763,0.12591851887361052,0.14470799851183178,0.07890552561098367,0.045057262905193886,0.302933343502613,0.03248335824190913,random
0.14446901067059703,0.4936718181222786,0.03645883692809953,0.04587987963036735,0.020008813881287096,0.1196510052037813,0.1398606355635891,0.3027400845912875,0.03259966420033512,random
0.0815147690980302,0.42718666742586503,0.005343677474860659,0.16664297343280812,0.15037342919215455,0.051727843171776006,0.11721064020450535,0.30225693731297393,0.03289194062070591,random
0.07857270075613942,0.46499835836452763,0.11698336603069853,0.004441115691890537,0.23190130794838185,0.05799318091876617,0.04510997028959567,0.30182210476249166,0.03315684339148379,random
0.07308055515197263,0.47282371701619946,0.0208837548177537,0.15425266895946388,0.03923795339617135,0.23681110950525866,0.0029102411531803,0.30133895748417816,0.03345325070813365,random
0.11909982805189988,0.47749592006870095,0.18844618341387762,0.04611595887759713,0.11558118153770808,0.011339572134630799,0.04192135591558564,0.30119401330068407,0.03354259968632129,random
0.02982970276060416,0.3361684846823994,0.011861057222258713,0.12074901732002864,0.18671523781008567,0.058916093492130915,0.2557604067124924,0.3010973838450213,0.033602275401497864,random
0.013676244990637028,0.16964481297619627,0.1510865630570736,0.0008869696269169378,0.023072288331361244,0.05371829023436055,0.5879148307834544,0.30104906911719,0.0336321462138126,random
0.04596298629824024,0.4488438786480579,0.20275989180253462,0.0614497064648598,0.1284879543440324,0.10909372358214407,0.0034018588601309693,0.30037266292755094,0.03405265152836597,random
0.02919222789435562,0.41017083961236256,0.021606419794271952,0.23560745953827208,0.20516102138923178,0.07710975749533423,0.02115227427617168,0.2996479420100806,0.034508012148683376,random
0.08084604386373644,0.5257990547061605,0.0551276688181239,0.08037510803378409,0.033035478734414384,0.21623958900043652,0.008577056843344128,0.2995513125544179,0.034569105679821514,random
0.046275938205040494,0.3256397464119892,0.20154215132897557,0.04924816029949486,0.10707443023345048,0.010435239648495345,0.2597843338725541,0.29926142418742974,0.03475292323660727,random
0.07571404335313697,0.38791886706129447,0.30066639723463146,0.06882212150585694,0.009367361797012523,0.06341494494488764,0.09409626410317996,0.2988265916369475,0.03503016438972824,random
0.0793758484393071,0.45076270952144915,0.08333754340184982,0.04946822605619161,0.2070734480308521,0.059933503419321604,0.07004872113102863,0.29790861180815176,0.035621457172208326,random
0.03506789870560305,0.4076826827489338,0.15930041981806892,0.09426461601029537,0.11718221237543339,0.11272990212031132,0.07377226822135423,0.297811982352489,0.03568417520890682,random
0.09965190162920415,0.46031103854845995,0.053129311113249984,0.0777580483833471,0.1801109276816163,0.05992509151293,0.06911368113119253,0.295927707967066,0.03692551948112783,random
0.014251212670485328,0.35936962557122853,0.12919008807502194,0.0071025496369981084,0.18713972765421255,0.07141896912659212,0.2315278272654615,0.2949614134104389,0.03757578877733134,random
0.16460314244773086,0.5763764239206333,0.03923720836276897,0.027188906655106156,0.07802004851350229,0.08331692770316126,0.03125734239709737,0.2948647839547762,0.03764133137942178,random
0.03984264492885153,0.4483526659477332,0.013327648827417465,0.026462456648049942,0.2601538398489407,0.12271087876162051,0.08914986503738684,0.2948647839547762,0.03764133137942178,random
0.1468600283982177,0.477732823762623,0.06815852078656053,0.04745152377501089,0.12063963794455722,0.053025316173341955,0.08613214915968871,0.29447826613212535,0.037904444290913074,random
0.05554113184591646,0.5049435079310517,0.1177241750520588,0.03295937159472538,0.09635904030722581,0.14563451512967185,0.04683825813935017,0.2942366924929685,0.03806965764561067,random
0.15261372146142418,0.5435270624444173,0.012472841998686176,0.12562611334410717,0.05332692966275733,0.09294577126356084,0.01948755982504696,0.2936569157589922,0.03846858984361753,random
0.03196619135023372,0.31544122720504425,0.2220149310929627,0.03888342363071367,0.09098600217943488,0.05166282228744961,0.24904540225416122,0.2929321948415219,0.038972086489551284,random
0.1889917153763975,0.5304665976596993,0.09065630339380386,0.005455281542297533,0.06626493945317975,0.03310047496426164,0.08506468761036051,0.29283556538585914,0.03903962700915075,random
0.05724914360839841,0.48153595321842013,0.03769649783330293,0.11804107799906659,0.2170709718689962,0.0725645048152619,0.015841850656553753,0.2924490475632083,0.039310752359996044,random
0.1219063149471244,0.4524366638848316,0.03365678521055892,0.016078360336034814,0.11799198111385006,0.061353846861929684,0.19657604764567063,0.29162769719007525,0.039892034890014236,random
0.08452920667200085,0.44033105472563383,0.2546627135449639,0.07642482673760044,0.06351427146379852,0.03538959196164299,0.045148334894359564,0.29157938246224385,0.03992644669424042,random
0.05023715331405004,0.33854388028338117,0.27790367700448393,0.06011030525164559,0.0351711413374559,0.021458566315777795,0.21657527649320577,0.2896951080768209,0.04128764737759763,random
0.018393117624704643,0.2932692104461509,0.1189284345691957,0.22880693270716956,0.018964990675897523,0.15112927540140167,0.17050803857547994,0.28940521970983274,0.041500401546220055,random
0.09667156699659242,0.4233104810728922,0.25560619863508965,0.043855219198224424,0.017505692689895543,0.0201153312323561,0.1429355101749497,0.28848723988103697,0.042180060350166235,random
0.04451254392765675,0.47399757745021276,0.03517877935803358,0.16882085087103776,0.08788775274196224,0.18700426411802515,0.00259823153307176,0.2883906104253743,0.04225213074415226,random
0.02108683222386412,0.28047309789945435,0.19731203416307658,0.2090276087852981,0.07705159033238398,0.03270182025305417,0.18234701634286868,0.28805240733055476,0.042505171877716186,random
0.19571305507832618,0.4856783115105981,0.053493237961648996,0.019033163424103623,0.07955510455071746,0.034662683676231834,0.13186444379837364,0.2880040926027234,0.0425414217008524,random
0.017031833158348525,0.3830093426381502,0.14111328942923815,0.1474944950806332,0.1345598555679403,0.09088901040072753,0.08590217372496224,0.28790746314706067,0.04261399729093242,random
0.1794279966851956,0.5406525895630255,0.1007985182906208,0.06985172892258736,0.038717713471796235,0.0036615175006924194,0.06688993556608211,0.28747263059657846,0.04294184302555207,random
0.0076529050436723095,0.36524448487622024,0.21723628827966138,0.04820470104401535,0.17778959154181692,0.03837584551099315,0.14549618370362088,0.287279371685253,0.04308821338392384,random
0.011520202114778166,0.4344908458284017,0.057459837089742165,0.07009078054682928,0.08955747879529363,0.1579295654366312,0.1789512901883238,0.28679622440693947,0.043455926086054114,random
0.06070372176109278,0.3645940278086333,0.2149806712251272,0.0031075182488491996,0.02566374006195558,0.09933429256466145,0.2316160283296804,0.2866995949512767,0.04352977574863182,random
0.14787111550218732,0.5286897142681946,0.051104229111649725,0.06068475042896742,0.032410832542747424,0.06155425719584113,0.11768510095041265,0.2866512802234454,0.043566739052771766,random
0.16230694706278567,0.4968305497166073,0.13016306097997624,0.011943309806799187,0.07542502652335215,0.015300115108716546,0.10803099080176302,0.2865546507677827,0.04364074267031969,random
0.08927798909281537,0.4690901343622685,0.014126751100507953,0.027679359781116,0.21008753355388857,0.03453954590049846,0.15519868620890534,0.28520183838850466,0.044687629866210464,random
0.03987967490520938,0.45519884517167414,0.26138362038285246,0.03818087892109688,0.11222779839328878,0.07874505400869693,0.014384128217181321,0.2851535236606733,0.044725394723736905,random
0.12445842024184267,0.5624778855238367,0.07836955881047701,0.021357024870206257,0.028533436331987797,0.11501196017504701,0.06979171404660271,0.2848153205658538,0.04499047914175673,random
0.026777467891830876,0.40814585064341674,0.07562532433195933,0.212588236713861,0.14498563323626637,0.06654389514776787,0.0653335920348979,0.283897340737058,0.0457164657452927,random
0.09915284034091063,0.531492725588106,0.018825824895683456,0.08292521003942134,0.06225119785112797,0.14730445495746033,0.05804774632729044,0.2837040818257326,0.04587051619026732,random
0.03806578453756026,0.43656987203070213,0.17374820364951302,0.11785535843066439,0.08092086992802267,0.09334063773410028,0.059499273689437096,0.28239958417428584,0.046921465188119224,random
0.15012573373214558,0.5045895653585,0.0657114731947374,0.1086666211207449,0.034524822450578245,0.0035399718828591615,0.13284181226043454,0.2809018276115138,0.048152212353954386,random
0.0403226051679241,0.4177559069022583,0.10452594106733244,0.06394917943245075,0.18493237585161076,0.010842794631278085,0.1776711969471456,0.2801287919662121,0.048797637001371824,random
0.009781980110059506,0.3894899400736436,0.19851218981915725,0.023857195777173126,0.019141767976215692,0.20401657984750626,0.15520034639624447,0.2797905888713926,0.04908221289930469,random
0.06644869942882964,0.46809338906765463,0.08246617954939747,0.0016731736859024549,0.1330611407710627,0.06766993035493485,0.18058748714221823,0.27945238577657305,0.04936813588096054,random
0.036272066794208524,0.3896511500044046,0.17911034538078696,0.09362085513870394,0.12523291969683406,0.015672059814460824,0.16044060317060113,0.2783894617642832,0.05027557054183438,random
0.045204637640279224,0.36116568169473995,0.13212716808338099,0.1533485885362388,0.05897806949318008,0.06642193070877349,0.18275392384340755,0.2781478881251264,0.05048368186581865,random
0.02284600440344208,0.3738486037473905,0.4997400363327593,0.005471478452056018,0.06020387216546539,0.019743538277873385,0.018146466621013164,0.2764568726510289,0.051960106561070696,random
0.07445262994204098,0.37226671623301366,0.09042009121949522,0.1651217736167849,0.03187472127906562,0.02771309780355964,0.23815096990603993,0.27578046646138993,0.05256038346412043,random
0.0653577285133553,0.42189733069005464,0.09742695011937594,0.16326355449636185,0.07671021059078739,0.0028961810729203805,0.17244804451714443,0.2756838370057272,0.052646593677263674,random
0.08255254957240378,0.5143861858375394,0.15528150982505246,0.044110971831793196,0.19197332904703582,0.009844096025883342,0.0018513578602920402,0.27408945098729237,0.054085658178981366,random
0.09949969344910296,0.5107687582648774,0.1516022392102602,0.02340960921866171,0.16462104816173365,0.012639629230861918,0.03745902246450219,0.2719636029627126,0.05605367972029797,random
0.05967860187901229,0.44711450422450416,0.01582900694095394,0.2162743486716834,0.12901825475480302,0.04348564919600424,0.08859963433303894,0.27148045568439905,0.05650891343214431,random
0.11360975634917178,0.4260084728407632,0.026157601411618447,0.12410521397191354,0.01481716998789904,0.02072372160997719,0.2745780638286568,0.26930629293198793,0.05859447101941056,random
0.08578006610253552,0.41511067838800186,0.05355548676678625,0.30785885207489294,0.023545630220401844,0.016206748785807242,0.09794253766157437,0.2691130340206625,0.05878281004574402,random
0.062431539886573684,0.5976398471923074,0.06348925777431427,0.004470854772124307,0.09045151782538453,0.14401734187369417,0.03749964067560145,0.26529617052198523,0.06260326037605769,random
0.022536050992035293,0.250132760479814,0.07473209023680305,0.5314344160839394,0.010221221806810584,0.10586887889597155,0.0050745815046262036,0.2652478557941539,0.0626528647062008,random
0.020833358541133065,0.4280594725927899,0.17998991423612046,0.0007101089495591931,0.14636450578328591,0.03602627861132524,0.18801636128578617,0.2607545861058377,0.06740539336725236,random
0.09374963166269974,0.5337207986583238,0.2079126461978938,0.07930920606266544,0.017625808013365905,0.04641982877465204,0.02126208063039937,0.2593051442708969,0.06899829700367861,random
0.1366934446412639,0.6295067703441287,0.11815757732966087,0.02048559869498668,0.004445485354456255,0.0489265695994872,0.041784554036016365,0.2537006358424594,0.07544116173702087,random
0.09638993730882782,0.6034619296306886,0.03526167360723002,0.034592573546260386,0.048383016840186505,0.10600480000700008,0.07590606905980657,0.2533624327476399,0.07584466909245313,random
0.07077889540640274,0.5420472716217504,0.07731644434722469,0.037462449232491216,0.06881690788377304,0.07398755727486149,0.12959047423349632,0.2531208591084831,0.07613393112003321,random
0.06409450703980493,0.4371538167664273,0.08790654902918876,0.3063098771528701,0.013829374461040928,0.020772320584748878,0.06993355496591916,0.24911073669848044,0.08106413201495048,random
0.08129105359806597,0.49084773678448734,0.07152241983306308,0.010264606576259373,0.08652519879672431,0.034136708040642845,0.22541227637075711,0.24896579251498635,0.08124692158514753,random
0.015015838610521087,0.5268386473706886,0.009158356283991049,0.0022237751717879887,0.3020126648399203,0.04211832271079851,0.10263239501229238,0.24804781268619056,0.08241212213799516,random
0.024809613614989238,0.47436246933233317,0.06130370532051677,0.034487209337076496,0.10554088254023153,0.08401003515109251,0.2154860847037602,0.24471409646582687,0.08675429467476829,random
0.02227433520142088,0.43388905607655226,0.02291977232427848,0.004432170397241347,0.17585161082995238,0.06479546905008081,0.2758375861204737,0.24437589337100735,0.08720461171164962,random
0.10348573375018193,0.5820885271275352,0.029698739234317904,0.09560343281215715,0.1440651960996127,0.010800333290645265,0.03425803768554986,0.24418263445968194,0.08746275458459953,random
0.040336523564741864,0.5152172115336394,0.1606834809220582,0.12771215337380407,0.004573687193919678,0.11656859483659793,0.03490834857523899,0.23973767949919703,0.09356640435487801,random
0.03672741690327088,0.45510178575501176,0.02792695830742951,0.02233125067879014,0.13108398860011644,0.0765761363377414,0.25025246341763996,0.2394477911322089,0.09397567560563239,random
0.05160830255364669,0.5296222482681575,0.015918801049838904,0.01989658595079903,0.14934371590203252,0.0772663020278719,0.15634404424765344,0.23833655239208765,0.09555743755479405,random
0.14002977979385545,0.662854969608307,0.02261796185021917,0.05830130526779893,0.012893709351943184,0.07407542743235776,0.029226846695518383,0.23717699892413505,0.09722989843309782,random
0.08347120416921767,0.5670346801830645,0.08989111861836059,0.11917171376484875,0.0319092294650024,0.031992419712324575,0.07652963408718147,0.23422980052642223,0.10158273456742077,random
0.014138982689658682,0.5479507110214036,0.14579817322799332,0.012663091054939572,0.018879149033555375,0.23088494709596957,0.029684945876479876,0.2329253028749756,0.10355671120349767,random
0.13974083825050243,0.5981596435179924,0.016323099507069602,0.049861224793284205,0.06219511964403815,0.021145315085701027,0.1125747592014122,0.21910729071520726,0.12631915603573332,random
0.0184350131683187,0.5225569732142764,0.1951538483775691,0.012035846752170053,0.06368374805495536,0.026351952495483555,0.1617826179372269,0.2183825697977369,0.1276094856729784,random
0.02502425729707853,0.5659659549744658,0.1013151788935646,0.010675623575418316,0.09684448307563086,0.06696234729871928,0.13321215488512267,0.21775447833592926,0.12873577967923838,random
0.03174506661312174,0.413121970264688,0.06847702281267626,0.036439425382959585,0.03925131471466139,0.027233521507680273,0.38373167870421276,0.2176095341524352,0.12899675262529087,random
0.08949259247164579,0.5323681703801756,0.041959070059304486,0.022066987255434295,0.02302942017879344,0.005568338113026916,0.28551542154161946,0.21248817300231126,0.13847540740228223,random
0.025951468658288197,0.4646311209769355,0.04937221312752904,0.01343326840119572,0.04820153054934407,0.06104723127415961,0.3373631670125478,0.20586905528941526,0.15148373550603011,random
0.025572368390483727,0.6501469260729728,0.06155747679358947,0.026724844757953687,0.03641599724517747,0.17179891294233773,0.027783473797485213,0.20582074056158392,0.1515818886884546,random
0.04675672482204786,0.5314864995914027,0.03814049692846649,0.04385489908190525,0.030803862000785574,0.053356310851749605,0.25560120672364256,0.20499939018845084,0.1532576763180361,random
0.043503556843958804,0.44102747068570236,0.006522250478795953,0.03775631206434974,0.041565103802625264,0.07756031333564495,0.35206499278892306,0.2044196134544745,0.15444877275034494,random
0.018276053350676297,0.5943641109774157,0.08287251592833485,0.0020024664279727415,0.025613159973585643,0.14693952334679733,0.12993216999521734,0.19944319648784467,0.16495367829895372,random
0.043705798495902226,0.6157287955880811,0.027408567559672695,0.06063717805985729,0.007455029731848048,0.10573118125566629,0.13933344930897235,0.19456340897687754,0.17575123008018503,random
0.016523984561308866,0.5299304812586084,0.18815774013595618,0.012806927014310887,0.035958507071530914,0.011843315509308741,0.20477904444897602,0.19103643384518845,0.18386702648094613,random
0.03831602281319947,0.7694122486132136,0.04528218080172089,0.025782041662821532,0.056812869542575715,0.05040280521271975,0.013991831353749247,0.18200157974072453,0.20587447995598032,random
0.009944556613539173,0.4795687681173597,0.01357121544730964,0.12439466154385233,0.08057832849338142,0.07286928731257214,0.21907318247198573,0.17470605583818952,0.22494965476594556,random
0.016628737476648104,0.7867325859678576,0.009582063698775983,0.0708878596055147,0.08085999333470303,0.03155411060750611,0.0037546493089945974,0.13663405030707965,0.34406734992244853,random
